{
  "CID": 15413,
  "name": "2-methoxy-2-methylpropane",
  "synonyms": [
    "(CH3)3COCH3",
    "(METHYL)(TERT-BUTYL)ETHER",
    "1,1-dimethylethyl methyl ether",
    "1219795-06-8",
    "1634-04-4",
    "2-Methoxy-2-methylpropane",
    "2-Methyl-2-methoxypropane",
    "2-methoxy-2-methyl propane",
    "2-methoxy-2-methyl-propane",
    "2-methoxy-2-methylpropane",
    "2-methyl-2-methoxy propane",
    "216-653-1",
    "29I4YB3S89",
    "2Methoxy2methylpropane",
    "2Methyl2methoxypropane",
    "4-01-00-01615 (Beilstein Handbook Reference)",
    "AKOS000121105",
    "B0991",
    "BRN 1730942",
    "CAS-1634-04-4",
    "CCRIS 7596",
    "CHEBI:27642",
    "CHEMBL1452799",
    "DB-030412",
    "DTXCID30833",
    "DTXSID3020833",
    "Driveron",
    "EC 216-653-1",
    "EINECS 216-653-1",
    "Epitope ID:122671",
    "Ether methyl tert-butylique",
    "Ether methyl tert-butylique (French)",
    "Ether, tert-butyl methyl",
    "Ether, tertbutyl methyl",
    "HSDB 5847",
    "METHYL TERT-BUTYL ETHER (IARC)",
    "METHYL TERT-BUTYL ETHER [IARC]",
    "METHYL TERT-BUTYL ETHER [MI]",
    "MFCD00008812",
    "MTBE",
    "MTBE ACS grade",
    "MTBE ACS grade trace metal grade, stainless steel drum",
    "MeOtBu",
    "Methyl 1,1-dimethylethyl ether",
    "Methyl 1,1dimethylethyl ether",
    "Methyl Tertiary Butyl Ether",
    "Methyl t-butyl ether",
    "Methyl tert butyl ether",
    "Methyl tert-butyl ether",
    "Methyl tert-butyl ether (MTBE) 1000 microg/mL in Methanol",
    "Methyl tert-butyl ether 2000 microg/mL in Methanol",
    "Methyl tert-butyl ether [UN2398]  [Flammable liquid]",
    "Methyl tertiary-butyl ether",
    "Methyl-1,1-dimethylethyl ether",
    "Methyl-t-butyl ether",
    "Methyl-tert-butyl ether",
    "Methyl-tert-butylether",
    "Methyl-tert-butylether 100 microg/mL in Methanol",
    "Metil-terc-butileter",
    "Metil-terc-butileter (Spanish)",
    "NCGC00091717-01",
    "NCGC00091717-02",
    "NCGC00258736-01",
    "NS00008307",
    "Propane, 2-methoxy-2-methyl-",
    "Propane, 2methoxy2methyl",
    "Q412346",
    "T-BUTYL METHYL ETHER",
    "T-BUTYL METHYL ETHER [INCI]",
    "TERT-BUTOXYMETHANE",
    "TERT-BUTYL METHYL ETHER (METHYL TERT-BUTYL ETHER)",
    "TERT-BUTYLMETHYL ETHER (USP-RS)",
    "TERT-BUTYLMETHYL ETHER [USP-RS]",
    "Tert butyl methyl ether",
    "Tert-butyl methylether",
    "Tertiary butyl methyl ether",
    "Tox21_201184",
    "UN 2398",
    "UN2398",
    "UNII-29I4YB3S89",
    "methoxy-2-methyl propane",
    "methy tert-butyl ether",
    "methyl t-butylether",
    "methyl ter-butyl ether",
    "methyl tert-butylether",
    "methyl tert.- butyl ether",
    "methyl tert.-butyl ether",
    "methyl tert.-butylether",
    "methyl tert.butyl ether",
    "methyl tertbutyl ether",
    "methyl tertiarybutyl ether",
    "methyl-t-butylether",
    "methyl-tert butyl ether",
    "methyl-tert-butyl-ether",
    "methyl-tert. butyl ether",
    "methyl-tert. butylether",
    "methyl-tert.-butylether",
    "methyl-tert.butyl ether",
    "methyl-tert.butylether",
    "methyl-tertbutyl ether",
    "methyl-tertbutyl-ether",
    "methyl-tertiarybutyl ether",
    "methylt-butyl ether",
    "methylterbutyloxide",
    "methyltert-butyl ether",
    "methyltertbutyl ether",
    "methyltertbutylether",
    "metyl tert-butyl ether",
    "t-BuOMe",
    "t-butyl methyi ether",
    "t-butyl methylether",
    "t-butyl-methyl ether",
    "t-butyl-methyl-ether",
    "t-butyl-methylether",
    "t-butylmethyl ether",
    "t-butylmethylether",
    "tBME",
    "tBuOMe",
    "tbutyl methyl ether",
    "ter-butyl methyl ether",
    "tert -butylmethylether",
    "tert butylmethyl ether",
    "tert-BuOMe",
    "tert-Butyl Methyl Ether, Pharmaceutical Secondary Standard; Certified Reference Material",
    "tert-Butyl methyl ether",
    "tert-Butyl methyl ether, ACS reagent, >=99.0%",
    "tert-Butyl methyl ether, AR, >=99.5%",
    "tert-Butyl methyl ether, HPLC grade",
    "tert-Butyl methyl ether, HPLC grade, for HPLC, 99.8%",
    "tert-Butyl methyl ether, LR, >=99%",
    "tert-Butyl methyl ether, SAJ special grade, >=99.0%",
    "tert-Butyl methyl ether, United States Pharmacopeia (USP) Reference Standard",
    "tert-Butyl methyl ether, analytical standard",
    "tert-Butyl methyl ether, anhydrous, 99.8%",
    "tert-Butyl methyl ether, for HPLC, >=99.8%",
    "tert-Butyl methyl ether, for HPLC, >=99.8% (GC)",
    "tert-Butyl methyl ether, for HPLC, >=99.9%",
    "tert-Butyl methyl ether, p.a., 99.5%",
    "tert-Butyl methyl ether, puriss. p.a., >=99.5% (GC)",
    "tert-Butyl methyl ether, reagent grade, 98%",
    "tert-Butyl methyl ether, reagent grade, >=98%",
    "tert-Butylmethyl ether",
    "tert-Butylmethyl ether 100 microg/mL in Methanol",
    "tert-Butylmethyl ether, HPLC Grade",
    "tert-C4H9OCH3",
    "tert-buty methyl ether",
    "tert-butyl-d9 methyl ether",
    "tert-butyl-methyl ether",
    "tert-butyl-methyl-ether",
    "tert-butyl-methylether",
    "tert-butylmethyether",
    "tert-butylmethylether",
    "tert-buyl methyl ether",
    "tert. Butyl methyl ether",
    "tert. butyl-methyl-ether",
    "tert. butyl-methylether",
    "tert. butylmethylether",
    "tert.-butyl methyl ether",
    "tert.-butyl methylether",
    "tert.-butyl-methyl ether",
    "tert.-butyl-methyl-ether",
    "tert.-butyl-methylether",
    "tert.-butylmethyl ether",
    "tert.-butylmethylether",
    "tert.butyl methyl ether",
    "tert.butyl-methylether",
    "tert.butylmethyl ether",
    "tert.butylmethylether",
    "tertbutyl methyl ether",
    "tertbutyl(methyl)ether",
    "tertbutylmethyl ether",
    "tertbutylmethylether",
    "tertiary butylmethyl ether",
    "tertiary-butyl methyl ether"
  ],
  "CAS": [
    "1219795-06-8",
    "1634-04-4"
  ],
  "M": 88.15,
  "formula": "C5H12O",
  "SMILES": "CC(C)(C)OC",
  "InChi": "InChI=1S/C5H12O/c1-5(2,3)6-4/h1-4H3",
  "InChiKey": "BZLVMXJERCGZMT-UHFFFAOYSA-N",
  "logP": 0.9,
  "date": "2025-03-19"
}