{
  "CID": 11597,
  "name": "hex-1-ene",
  "synonyms": [
    ".ALPHA.-HEXENE",
    "1(OR 2)-HEXENE",
    "1-C6H12",
    "1-HEXENE",
    "1-HEXENE [HSDB]",
    "1-Hexene [UN2370]  [Flammable liquid]",
    "1-Hexene, 97%",
    "1-Hexene, 98.5%",
    "1-Hexene, >=99%",
    "1-Hexene, analytical standard",
    "1-Hexene, purum, >=96.0% (GC)",
    "1-n-Hexene",
    "16183-00-9",
    "2(OR 3)-HEXENE",
    "209-753-1",
    "26746-82-7",
    "5-hexene",
    "5-hexenyl",
    "542-41-6",
    "592-41-6",
    "A832221",
    "AI3-28797",
    "AKOS009031382",
    "Alkenes, C6-7 alpha-",
    "Alkenes, C6-9 alpha-",
    "B38ZZ8C206",
    "Butyl ethylene",
    "Butylethylene",
    "C6",
    "CAS-592-41-6",
    "CHEBI:24579",
    "CHEMBL1548726",
    "DB-053346",
    "DTXCID105402",
    "DTXSID201318600",
    "DTXSID4025402",
    "Dialene 6",
    "EC 209-753-1",
    "EINECS 209-753-1",
    "EINECS 271-244-5",
    "EINECS 272-188-4",
    "H0121",
    "HSDB 1079",
    "Hex-1-ene",
    "Hexene",
    "Hexene, 1-",
    "Hexene-1",
    "Hexylene",
    "InChI=1/C6H12/c1-3-5-6-4-2/h3H,1,4-6H2,2H",
    "Linealene 6",
    "MFCD00009505",
    "NCGC00091703-01",
    "NCGC00091703-02",
    "NCGC00258277-01",
    "NS00006752",
    "NSC 74121",
    "NSC-74121",
    "NSC74121",
    "Neodene 6 XHP",
    "Q161637",
    "S0336",
    "STL453688",
    "Tox21_200723",
    "UN 2370",
    "UN2370",
    "UNII-B38ZZ8C206",
    "alpha-hexene",
    "hex-1-ene",
    "hexacarbene",
    "n-Hexene"
  ],
  "CAS": [
    "16183-00-9",
    "26746-82-7",
    "542-41-6",
    "592-41-6"
  ],
  "M": 84.16,
  "formula": "C6H12",
  "SMILES": "CCCCC=C",
  "InChi": "InChI=1S/C6H12/c1-3-5-6-4-2/h3H,1,4-6H2,2H3",
  "InChiKey": "LIKMAJRDDDTEIG-UHFFFAOYSA-N",
  "logP": 3.4,
  "date": "2025-03-19"
}