{
  "CID": 1045,
  "name": "butane-1,4-diamine",
  "synonyms": [
    ".alpha.,.omega.-Butanediamine",
    "1,4 Butanediamine",
    "1,4 Diaminobutane",
    "1,4 diamino butane",
    "1,4-Butanediamine-13C4,  Putrescine-13C4",
    "1,4-Butylenediamine",
    "1,4-Diamino-n-butane",
    "1,4-Diaminobutane, 99%",
    "1,4-Diaminobutane, puriss., >=99.0% (GC)",
    "1,4-Diaminobutane; Tetramethylenediamine",
    "1,4-Tetramethylenediamine",
    "1,4-butane diamine",
    "1,4-butanediamine",
    "1,4-diamino butane",
    "1,4-diaminobutane",
    "1,4-tetramethylene diamine",
    "1,4Tetramethylenediamine",
    "1,4butanediamine",
    "1,4butylenediamine",
    "1,4diaminobutane",
    "110-60-1",
    "1ST000108",
    "1a99",
    "1i7c",
    "1i7m",
    "4-amino-butyl-amine",
    "58I",
    "A4738F6F-F1A1-4B30-BF38-866D5AC66C93",
    "AI3-25444",
    "AKOS000119071",
    "BBL027703",
    "BDBM50009385",
    "BP-21408",
    "BRD-K75282878-300-05-3",
    "BRN 0605282",
    "BSPBio_002875",
    "BUTANE, 1,4-DIAMINO-",
    "BUTANE,1,4-DIAMINO",
    "Butane1,4diamine",
    "Butylenediamine",
    "C00134",
    "C02896",
    "CCG-205052",
    "CCRIS 6751",
    "CHEBI:17148",
    "CHEMBL46257",
    "CS-0022608",
    "D0239",
    "DB01917",
    "DTXCID2021107",
    "DTXSID4041107",
    "DivK1c_000716",
    "EC 203-782-3",
    "EINECS 203-782-3",
    "EN300-19074",
    "F17678",
    "F1791-1258",
    "GTPL2388",
    "H2N(CH2)4NH2",
    "HSDB 7865",
    "HY-N2407",
    "IDI1_000716",
    "KBio1_000716",
    "KBio2_002126",
    "KBio2_004694",
    "KBio2_007262",
    "KBio3_002375",
    "KBioGR_000933",
    "KBioSS_002126",
    "Lopac-P-7505",
    "Lopac0_000972",
    "MFCD00008235",
    "MSK000108",
    "NCGC00015837-01",
    "NCGC00015837-02",
    "NCGC00015837-03",
    "NCGC00015837-07",
    "NCGC00162302-01",
    "NCI60_004431",
    "NINDS_000716",
    "NS00009671",
    "NSC 60545",
    "NSC-60545",
    "NSC60545",
    "P-7990",
    "PUT",
    "PUTRESCINE [MI]",
    "Putrescin",
    "Putrescine, analytical standard",
    "Putrescine, free base",
    "Putrescine; NSC 60545; Putramine",
    "Putreszin",
    "Q410190",
    "SDCCGMLS-0066929.P001",
    "SDCCGSBI-0050945.P003",
    "SPBio_001969",
    "STL372697",
    "Spectrum2_001935",
    "Spectrum3_001198",
    "Spectrum4_000237",
    "Spectrum5_001005",
    "Spectrum_001646",
    "Tetramethyldiamine",
    "Tetramethylendiamin",
    "UNII-V10TVZ52E4",
    "V10TVZ52E4",
    "Z104472592",
    "bmse000109",
    "bmse000814",
    "bmse000862",
    "butane-1,4-diamine",
    "butylene amine",
    "putrescina",
    "putrescine",
    "s5825",
    "tetramethylendiamine",
    "tetramethylene diamine",
    "tetramethylenediamine"
  ],
  "CAS": [
    "110-60-1"
  ],
  "M": 88.15,
  "formula": "C4H12N2",
  "SMILES": "C(CCN)CN",
  "InChi": "InChI=1S/C4H12N2/c5-3-1-2-4-6/h1-6H2",
  "InChiKey": "KIDHWZJUCRJVML-UHFFFAOYSA-N",
  "logP": -0.9,
  "date": "2025-03-19"
}