{
  "CID": 164499,
  "name": "3,9-bis[2,4-bis(2-phenylpropan-2-yl)phenoxy]-2,4,8,10-tetraoxa-3,9-diphosphaspiro[5.5]undecane",
  "synonyms": [
    "154862-43-8",
    "1ST158440",
    "2,4,8,10-Tetraoxa-3,9-diphosphaspiro(5.5)undecane, 3,9-bis(2,4-bis(1-methyl-1-phenylethyl)phenoxy)-",
    "2,4,8,10-Tetraoxa-3,9-diphosphaspiro5.5undecane, 3,9-bis2,4-bis(1-methyl-1-phenylethyl)phenoxy-",
    "2,4,8,10-Tetraoxa-3,9-diphosphaspiro[5.5]undecane, 3,9-bis[2,4-bis(1-methyl-1-phenylethyl)phenoxy]-",
    "3,9-BIS(2,4-DICUMYLPHENOXY)-2,4,8,10-TETRAOXA-3,9-DIPHOSPHASPIRO(5.5)UNDECANE",
    "3,9-Bis(2,4-bis(1-methyl-1-phenylethyl)phenoxy)-2,4,8,10-tetraoxa-3,9-diphosphaspiro(5.5)undecane",
    "3,9-Bis(2,4-bis(2-phenylpropan-2-yl)phenoxy)-2,4,8,10-tetraoxa-3,9-diphosphaspiro[5.5]undecane",
    "3,9-Bis(2,4-dicumylphenoxy)-2,4,8,10-tetraoxa-3,9-diphosphaspiro[5,5]undecane",
    "3,9-Bis(2,4-dicumylphenoxy)-2,4,8,10-tetraoxa-3,9-diphosphaspiro[5.5]",
    "3,9-Bis(2,4-dicumylphenoxy)-2,4,8,10-tetraoxa-3,9-diphosphaspiro[5.5]undecane",
    "3,9-bis[2,4-bis(2-phenylpropan-2-yl)phenoxy]-2,4,8,10-tetraoxa-3,9-diphosphaspiro[5.5]undecane",
    "629-199-8",
    "9Z2X0TBW3A",
    "AKOS015896889",
    "ANTIOXIDANT 852",
    "Bis(2,4-dicumylphenoxy) pentaerythritol diphosphite",
    "Bis(2,4-dicumylphenoxy)pentaerythritol diphosphite",
    "DOVERPHOS 9228",
    "DTXSID0047119",
    "EC 421-920-2",
    "MFCD00274221",
    "MSK158440",
    "NS00007966",
    "PD117902",
    "S-9228",
    "SCHEMBL233632",
    "SCHEMBL233633",
    "UNII-9Z2X0TBW3A",
    "bis(2,4-dicumylphenyl)pentaerythritol diphosphite"
  ],
  "CAS": [
    "154862-43-8"
  ],
  "M": 853.0,
  "formula": "C53H58O6P2",
  "SMILES": "CC(C)(C1=CC=CC=C1)C2=CC(=C(C=C2)OP3OCC4(CO3)COP(OC4)OC5=C(C=C(C=C5)C(C)(C)C6=CC=CC=C6)C(C)(C)C7=CC=CC=C7)C(C)(C)C8=CC=CC=C8",
  "InChi": "InChI=1S/C53H58O6P2/c1-49(2,39-21-13-9-14-22-39)43-29-31-47(45(33-43)51(5,6)41-25-17-11-18-26-41)58-60-54-35-53(36-55-60)37-56-61(57-38-53)59-48-32-30-44(50(3,4)40-23-15-10-16-24-40)34-46(48)52(7,8)42-27-19-12-20-28-42/h9-34H,35-38H2,1-8H3",
  "InChiKey": "WBWXVCMXGYSMQA-UHFFFAOYSA-N",
  "logP": 14.4,
  "date": "2025-03-19"
}