{
  "CID": 168625,
  "name": "2-ethenylbenzenesulfonic acid",
  "synonyms": [
    "2-ethenylbenzenesulfonic acid",
    "2-styrenesulfonic acid",
    "26914-43-2",
    "50851-57-5",
    "90111-29-8",
    "Benzenesulfonic acid, 2-ethenyl-",
    "Benzenesulfonic acid, ethenyl-",
    "DTXCID801529043",
    "DTXSID60909580",
    "DTXSID90865327",
    "EINECS 248-104-7",
    "NR134FJ5E3",
    "NS00050893",
    "Q27285002",
    "SCHEMBL15000",
    "Styrenesulfonic Acid",
    "UHW48O2R88",
    "UNII-NR134FJ5E3",
    "UNII-UHW48O2R88",
    "Vinylbenzenesulphonic acid",
    "styrene-2-sulfonic acid",
    "styrene-2-sulphonic acid",
    "vinylbenzene sulfonic acid",
    "vinylbenzenesulfonic acid"
  ],
  "CAS": [
    "26914-43-2",
    "50851-57-5",
    "90111-29-8"
  ],
  "M": 184.21,
  "formula": "C8H8O3S",
  "SMILES": "C=CC1=CC=CC=C1S(=O)(=O)O",
  "InChi": "InChI=1S/C8H8O3S/c1-2-7-5-3-4-6-8(7)12(9,10)11/h2-6H,1H2,(H,9,10,11)",
  "InChiKey": "VMSBGXAJJLPWKV-UHFFFAOYSA-N",
  "logP": 1.4,
  "date": "2025-03-19"
}