{
  "CID": 113415,
  "name": "2-O-(2,5-dimethylheptyl) 1-O-(3-ethylheptyl) benzene-1,2-dicarboxylate",
  "synonyms": [
    "2,5-dimethylheptyl 3-ethylheptyl benzene-1,2-dicarboxylate",
    "2-O-(2,5-dimethylheptyl) 1-O-(3-ethylheptyl) benzene-1,2-dicarboxylate",
    "3-Ethylheptyl 2,5-dimethylheptyl phthalate",
    "97692-55-2",
    "DTXSID50913737",
    "EINECS 307-707-6",
    "NS00065724",
    "RPEMFIXNDWKIKW-UHFFFAOYSA-N"
  ],
  "CAS": [
    "97692-55-2"
  ],
  "M": 418.6,
  "formula": "C26H42O4",
  "SMILES": "CCCCC(CC)CCOC(=O)C1=CC=CC=C1C(=O)OCC(C)CCC(C)CC",
  "InChi": "InChI=1S/C26H42O4/c1-6-9-12-22(8-3)17-18-29-25(27)23-13-10-11-14-24(23)26(28)30-19-21(5)16-15-20(4)7-2/h10-11,13-14,20-22H,6-9,12,15-19H2,1-5H3",
  "InChiKey": "RPEMFIXNDWKIKW-UHFFFAOYSA-N",
  "logP": 9.0,
  "date": "2025-03-19"
}