{
  "CID": 10907,
  "name": "2,2,4-trimethylpentane",
  "synonyms": [
    "(CH3)2CHCH2C(CH3)3",
    "2,2,4-Trimethylpentane",
    "2,2,4-Trimethylpentane (Isooctane), Pharmaceutical Secondary Standard; Certified Reference Material",
    "2,2,4-Trimethylpentane, >=99.5%, suitable for absorption spectrum analysis",
    "2,2,4-Trimethylpentane, ACS reagent, 99.5%",
    "2,2,4-Trimethylpentane, ACS reagent, >=99.0%",
    "2,2,4-Trimethylpentane, ACS spectrophotometric grade, >=99%",
    "2,2,4-Trimethylpentane, ACS, 99+%",
    "2,2,4-Trimethylpentane, AR, >=99.5%",
    "2,2,4-Trimethylpentane, ASTM, 99.8%",
    "2,2,4-Trimethylpentane, Environmental Grade",
    "2,2,4-Trimethylpentane, HPLC Grade",
    "2,2,4-Trimethylpentane, HPLC grade, >=99.7%",
    "2,2,4-Trimethylpentane, JIS special grade",
    "2,2,4-Trimethylpentane, LR, >=99%",
    "2,2,4-Trimethylpentane, Pesticide, 99.5%",
    "2,2,4-Trimethylpentane, ReagentPlus(R), >=99%",
    "2,2,4-Trimethylpentane, SAJ first grade, >=98.0%",
    "2,2,4-Trimethylpentane, UV HPLC spectroscopic, 99.5%",
    "2,2,4-Trimethylpentane, analytical standard",
    "2,2,4-Trimethylpentane, anhydrous, 99.8%",
    "2,2,4-Trimethylpentane, for HPLC",
    "2,2,4-Trimethylpentane, for HPLC, >=99%",
    "2,2,4-Trimethylpentane, for HPLC, >=99.8%",
    "2,2,4-Trimethylpentane, p.a., 99.5%",
    "2,2,4-Trimethylpentane, puriss. p.a., >=99.5% (GC)",
    "2,2,4-Trimethylpentane, puriss. p.a., ACS reagent",
    "2,2,4-Trimethylpentane, puriss. p.a., ACS reagent, >=99.5% (GC)",
    "2,2,4-trimethyl pentane",
    "2,2,4-trimethyl-pentane",
    "2,2,4-trimethylpentane",
    "2,2,4-trimethylpentane (tmp)",
    "2,2,4trimethylpentane",
    "2,4,4-Trimethylpentane",
    "2,4,4Trimethylpentane",
    "208-759-1",
    "247-861-0",
    "4-01-00-00439 (Beilstein Handbook Reference)",
    "540-84-1",
    "695-043-0",
    "85404-20-2",
    "921-678-2",
    "AI3-23976",
    "AKOS009159117",
    "BRN 1696876",
    "CAS-540-84-1",
    "CHEBI:62805",
    "CHEMBL1797261",
    "DB-052475",
    "DTXCID104370",
    "DTXSID001014462",
    "DTXSID7024370",
    "Density Standard 692 kg/m3, H&D Fitzgerald Ltd. Quality",
    "EC 208-759-1",
    "EINECS 208-759-1",
    "HSDB 5682",
    "I0276",
    "ISO-OCTANE",
    "ISO-OCTANE [HSDB]",
    "ISOOCTANE [INCI]",
    "ISOOCTANE [MI]",
    "Isobutyltrimethylethane",
    "Isobutyltrimethylmethane",
    "Isooctane",
    "Isooctane Blank",
    "MFCD00008943",
    "NCGC00248930-01",
    "NCGC00258679-01",
    "NS00001389",
    "NSC 39117",
    "NSC-39117",
    "NSC39117",
    "Pentane, 2,2,4-trimethyl-",
    "Pentane, 2,2,4trimethyl",
    "Pentane,2,4-trimethyl-",
    "Q209130",
    "QAB8F5669O",
    "STL280330",
    "T0481",
    "T0715",
    "Tox21_201127",
    "Trimethyl-2,2,4 pentane",
    "UN 1262",
    "UNII-QAB8F5669O",
    "WLN: 1Y1&1X1&1&1",
    "i-octane"
  ],
  "CAS": [
    "540-84-1",
    "85404-20-2"
  ],
  "M": 114.23,
  "formula": "C8H18",
  "SMILES": "CC(C)CC(C)(C)C",
  "InChi": "InChI=1S/C8H18/c1-7(2)6-8(3,4)5/h7H,6H2,1-5H3",
  "InChiKey": "NHTMVDHEPJAVLT-UHFFFAOYSA-N",
  "logP": 3.8,
  "date": "2025-03-19"
}