{
  "CID": 1118,
  "name": "sulfuric acid",
  "synonyms": [
    "(S(OH)2O2)",
    "(SO2(OH)2)",
    "-sulfuric acid",
    "0.2N H2SO4 Distillation Fluid, 50 x 10 mL, smart delivery PFA Tube",
    "110942-02-4",
    "12772-98-4",
    "2M Sulfuric acid (+/- 0.1 M)",
    "4.1M Sulfuric acid",
    "7370A083-F259-4C3E-A455-B5FA1E3C8CB7",
    "7664-93-9",
    "7M Sulfuric acid (+/- 0.3 M)",
    "Acid mist",
    "Acide sulfurique",
    "Acide sulfurique [French]",
    "Acido solforico",
    "Acido solforico [Italian]",
    "Acido sulfurico",
    "Acido sulfurico [Spanish]",
    "Acidum Sulphuricum",
    "Acidum sulfuricum",
    "Anhydrous sulfuric acid",
    "BDBM50499186",
    "BOV",
    "Battery acid",
    "Brimstone acid",
    "C00059",
    "CAS-7664-93-9",
    "CCG-221344",
    "CHAMBER ACID",
    "CHEBI:26836",
    "CHEMBL572964",
    "CONTACT ACID",
    "Caswell No. 815",
    "D05963",
    "DB11309",
    "DS-002649",
    "DTXCID709683",
    "DTXSID5029683",
    "Dihydrogen sulfate",
    "Dihydrogen sulphate",
    "Dipping acid",
    "E-513",
    "E513",
    "EC 231-639-5",
    "EINECS 231-639-5",
    "EPA Pesticide Chemical Code 078001",
    "Electrolyte acid",
    "FERTILIZER ACID",
    "G-sulfuric acid",
    "H2 (S O4)",
    "H2 S O4",
    "H2SO4",
    "HSDB 1811",
    "Hydroot",
    "INS NO.513",
    "INS-513",
    "IR178839",
    "MFCD00064589",
    "Matting acid",
    "Mattling acid",
    "Methanolic H2SO4, 10 % (v/v) in methanol, for GC derivatization",
    "Methanolic sulfuric acid 10% (v/v)",
    "NCGC00248653-01",
    "NCGC00258037-01",
    "NCIOpen2_006177",
    "NS00007262",
    "NSC-248648",
    "NSC-38965",
    "NSC248648",
    "NSC38965",
    "Nordhausen acid",
    "O2S(OH)2",
    "O40UQP6WCF",
    "Opsonat",
    "Oriental Medicine Detox",
    "Q27110052",
    "Q4118",
    "Retinol Impurity A",
    "SULFURIC ACID",
    "SULFURIC ACID (EP IMPURITY)",
    "SULFURIC ACID (EP MONOGRAPH)",
    "SULFURIC ACID (MART.)",
    "SULFURIC ACID [EP IMPURITY]",
    "SULFURIC ACID [EP MONOGRAPH]",
    "SULFURIC ACID [FCC]",
    "SULFURIC ACID [II]",
    "SULFURIC ACID [MART.]",
    "SULFURIC ACID [MI]",
    "SULFURIC ACID [VANDF]",
    "SULFURIC ACID [WHO-DD]",
    "SULFURIC ACID, WITH MORE THAN 51% ACID",
    "SULPHURIC ACID, WITH MORE THAN 51% ACID",
    "SULPHURICUM ACIDUM [HPUS]",
    "Schwefelsaeure",
    "Schwefelsaeureloesungen",
    "Schwefelsaeureloesungen [German]",
    "Spent sulfuric acid",
    "Sulfur oxide (SO4)",
    "Sulfuric Acid, 96%",
    "Sulfuric Acid, 98%",
    "Sulfuric Acid, ACS Grade",
    "Sulfuric acid (1+1), ~64.0 % (w/w) in H2O",
    "Sulfuric acid (1+2), ~47.0 % (w/w) in H2O",
    "Sulfuric acid (NF)",
    "Sulfuric acid (aqueous)",
    "Sulfuric acid 30%",
    "Sulfuric acid 36%",
    "Sulfuric acid 50%",
    "Sulfuric acid [NF]",
    "Sulfuric acid [Strong inorganic acid mists containing sulfuric acid]",
    "Sulfuric acid contained in strong inorganic acid mists",
    "Sulfuric acid with >51% acid",
    "Sulfuric acid with >51% acid [UN1830]  [Corrosive]",
    "Sulfuric acid with not >51% acid",
    "Sulfuric acid with not >51% acid [UN2796]  [Corrosive]",
    "Sulfuric acid, 60%",
    "Sulfuric acid, 90.0-91.0%",
    "Sulfuric acid, 95-99%",
    "Sulfuric acid, 95.0-97.0%",
    "Sulfuric acid, 99.999%",
    "Sulfuric acid, 99.9999% (metals basis), 92% min",
    "Sulfuric acid, >=97.0%, SAJ super special grade",
    "Sulfuric acid, >=97.0%, suitable for determination of toxic metals",
    "Sulfuric acid, ACS reagent, 95.0-98.0%",
    "Sulfuric acid, AR, >=98%",
    "Sulfuric acid, Environmental Grade, 93-98%",
    "Sulfuric acid, JIS special grade, >=95.0%",
    "Sulfuric acid, LR, >=98%",
    "Sulfuric acid, SAJ first grade, >=95.0%",
    "Sulfuric acid, aerosol",
    "Sulfuric acid, extra pure, 95.5%",
    "Sulfuric acid, for the determination of nitrogen, >=97.5%",
    "Sulfuric acid, p.a., 93-98%",
    "Sulfuric acid, puriss. p.a. plus, >=95% (T)",
    "Sulfuric acid, puriss. p.a., 95-97% (T)",
    "Sulfuric acid, puriss. p.a., ACS reagent, 95.0-98.0% (T)",
    "Sulfuric acid, puriss. p.a., for determination of Hg, ACS reagent, reag. ISO, reag. Ph. Eur., 95.0-97.0%",
    "Sulfuric acid, puriss., meets analytical specification of Ph. Eur., BP, 95-97%",
    "Sulfuric acid, purum p.a., 95-97% (T)",
    "Sulfuric acid, semiconductor grade PURANAL(TM) (Honeywell 17831), 95-97%",
    "Sulfuric acid, semiconductor grade VLSI PURANAL(TM) (Honeywell 17611), 95-97%",
    "Sulfuric acid, spent",
    "Sulfuric acid, spent [UN1832]  [Corrosive]",
    "Sulfuric acid, technical grade, 95%",
    "Sulphuric acid",
    "Sulphuric acid 37% techn. (battery acid, accumul. acid)",
    "Sulphuricum acidum",
    "Tox21_200483",
    "UN 1830 (Salt/Mix)",
    "UN 1832 (Salt/Mix)",
    "UN 2796 (Salt/Mix)",
    "UN1830",
    "UN1832",
    "UN2796",
    "UNII-O40UQP6WCF",
    "Zinc(2+),1',1'',1'''-(1,2-ethanediyldinitrilo)tetrakis[2-propanol]]-, sulfate (1:1)",
    "Zwavelzuuroplossingen",
    "Zwavelzuuroplossingen [Dutch]",
    "[S(OH)2O2]",
    "[SO2(OH)2]",
    "dihydrogen tetraoxosulfate",
    "dihydroxidodioxidosulfur",
    "hydrogen tetraoxosulfate(2-)",
    "hydrogen tetraoxosulfate(VI)",
    "suIfuric acid",
    "suiphuric acid",
    "sulfuric acid",
    "sulfuric acid (acid aerosols including mists, vapors, gas, fog and other airborne forms of any particle size)",
    "sulfuric aicd",
    "sulfuric-acid",
    "sulfuricacid",
    "sulphur-ic acid",
    "tetraoxosulfuric acid"
  ],
  "CAS": [
    "110942-02-4",
    "12772-98-4",
    "7664-93-9"
  ],
  "M": 98.08,
  "formula": "H2O4S",
  "SMILES": "OS(=O)(=O)O",
  "InChi": "InChI=1S/H2O4S/c1-5(2,3)4/h(H2,1,2,3,4)",
  "InChiKey": "QAOWNCQODCNURD-UHFFFAOYSA-N",
  "logP": -1.4,
  "date": "2025-03-19"
}