{
  "CID": 1032,
  "name": "propanoic acid",
  "synonyms": [
    "1-propanoic acid",
    "1ST1701",
    "2-methylacetic acid",
    "201-176-3",
    "4-02-00-00695 (Beilstein Handbook Reference)",
    "79-09-4",
    "90990-11-7",
    "AI3-04167",
    "AKOS000118853",
    "Acid C3",
    "Acide propionique",
    "Acide propionique [French]",
    "Antischim B",
    "BDBM50082199",
    "BP-20411",
    "BRN 0506071",
    "C00163",
    "C22352",
    "C2H5COOH",
    "C3 acid",
    "CAS-79-09-4",
    "CCRIS 6096",
    "CH3-CH2-COOH",
    "CHEBI:30768",
    "CHEMBL14021",
    "Carboxyethane",
    "Caswell No. 707",
    "D02310",
    "DB03766",
    "DTXCID505961",
    "DTXSID001015846",
    "DTXSID8025961",
    "E-280",
    "E280",
    "EC 201-176-3",
    "EHTYLFORMIC ACID",
    "EINECS 201-176-3",
    "EINECS 273-079-4",
    "EN300-19540",
    "EPA Pesticide Chemical Code 077702",
    "Epitope ID:139981",
    "EtCO2H",
    "Ethanecarboxylic acid",
    "F2191-0098",
    "FA 3:0",
    "FEMA No. 2924",
    "FEMA Number 2924",
    "GTPL1062",
    "HSDB 1192",
    "INS NO.280",
    "INS-280",
    "InChI=1/C3H6O2/c1-2-3(4)5/h2H2,1H3,(H,4,5",
    "JHU490RVYR",
    "Kyselina propionova",
    "Kyselina propionova [Czech]",
    "LMFA01010003",
    "Luprisol",
    "Luprosil",
    "MFCD00002756",
    "MSK1701",
    "Metacetonic acid",
    "Methyl acetic acid",
    "Monoprop",
    "NCGC00357239-01",
    "NS00008857",
    "P0500",
    "PROPIONIC ACID (MART.)",
    "PROPIONIC ACID [FCC]",
    "PROPIONIC ACID [FHFI]",
    "PROPIONIC ACID [HSDB]",
    "PROPIONIC ACID [MART.]",
    "PROPIONIC ACID [MI]",
    "PROPIONIC ACID [USP-RS]",
    "PROPIONIC ACID [VANDF]",
    "PROPIONIC ACID [WHO-DD]",
    "PROPIONIC-2,2-D2 ACID",
    "Propanoic acid",
    "Propanoic acid (9CI)",
    "Propanyl acid",
    "Propcorn",
    "Propioic acid",
    "Propionic acid (6CI,8CI)",
    "Propionic acid (NF)",
    "Propionic acid (natural)",
    "Propionic acid 1000 microg/mL in Acetonitrile",
    "Propionic acid [NF]",
    "Propionic acid [UN1848]  [Corrosive]",
    "Propionic acid grain preserver",
    "Propionic acid solution",
    "Propionic acid, 99%",
    "Propionic acid, 99%, FCC",
    "Propionic acid, 99.5%",
    "Propionic acid, >=99%",
    "Propionic acid, >=99.5%",
    "Propionic acid, >=99.5%, FCC, FG",
    "Propionic acid, ACS reagent grade",
    "Propionic acid, ACS reagent, >=99.5%",
    "Propionic acid, BioReagent, suitable for insect cell culture, ~99%",
    "Propionic acid, SAJ first grade, >=98.0%",
    "Propionic acid, United States Pharmacopeia (USP) Reference Standard",
    "Propionic acid, analytical standard",
    "Propionic acid, feed grade, 98.7%",
    "Propionic acid, for synthesis, 99.5%",
    "Propionic acid, natural, 99%, FG",
    "Propionic acid, puriss. p.a., >=99.5% (GC)",
    "Propionoic acid",
    "Propionsaeure",
    "Propkorn",
    "Prozoin",
    "Pseudoacetic acid",
    "Q422956",
    "STL168039",
    "Sentry Grain Preservative",
    "Sentry grain preserver",
    "Tenox P grain preservative",
    "Tox21_304030",
    "Toxi-Check",
    "UN 1848",
    "UN1848",
    "UNII-JHU490RVYR",
    "Z104474154",
    "acide propanoique",
    "bmse000179",
    "ethylformate",
    "ethylformic acid",
    "methylacetic acid",
    "n-propionic acid",
    "propanoic acid",
    "propionic acid",
    "propoic acid",
    "proponic acid",
    "proprionic acid",
    "ultra-long-chain fatty acid"
  ],
  "CAS": [
    "79-09-4",
    "90990-11-7"
  ],
  "M": 74.08,
  "formula": "C3H6O2",
  "SMILES": "CCC(=O)O",
  "InChi": "InChI=1S/C3H6O2/c1-2-3(4)5/h2H2,1H3,(H,4,5)",
  "InChiKey": "XBDQKXXYIPTUBI-UHFFFAOYSA-N",
  "logP": 0.3,
  "date": "2025-03-19"
}