{
  "CID": 104064,
  "name": "2-(4-dodecylphenyl)-1H-indole",
  "synonyms": [
    "1H-Indole, 2-(4-dodecylphenyl)-",
    "2-(4-Dodecylphenyl)-1H-indole",
    "2-(4-Dodecylphenyl)indole",
    "2-(4-dodecylphenyl)-1H-indole",
    "257-624-3",
    "52047-59-3",
    "6IKF676DP8",
    "BTFUHFBRQZAJRT-UHFFFAOYSA-N",
    "DTXCID7041126",
    "DTXSID3068702",
    "EINECS 257-624-3",
    "NS00060128",
    "Q27264966",
    "SCHEMBL10513486",
    "UNII-6IKF676DP8"
  ],
  "CAS": [
    "52047-59-3"
  ],
  "M": 361.6,
  "formula": "C26H35N",
  "SMILES": "CCCCCCCCCCCCC1=CC=C(C=C1)C2=CC3=CC=CC=C3N2",
  "InChi": "InChI=1S/C26H35N/c1-2-3-4-5-6-7-8-9-10-11-14-22-17-19-23(20-18-22)26-21-24-15-12-13-16-25(24)27-26/h12-13,15-21,27H,2-11,14H2,1H3",
  "InChiKey": "BTFUHFBRQZAJRT-UHFFFAOYSA-N",
  "logP": 10.0,
  "date": "2025-03-19"
}