{
  "CID": 164362,
  "name": "2-hexadecan-2-yl-4,6-dimethylphenol",
  "synonyms": [
    "134701-20-5",
    "2,4-dimethyl-6-(1-methyl-pentadecyl)phenol",
    "2,4-dimethyl-6-(1-methylpentadecyl)phenol",
    "2-(Hexadecan-2-yl)-4,6-dimethylphenol;2,4-Dimethyl-6-(1-methylpentadecyl)phenol",
    "2-(hexadecan-2-yl)-4,6-dimethylphenol",
    "2-hexadecan-2-yl-4,6-dimethylphenol",
    "411-220-5",
    "639-477-0",
    "AS-78243",
    "D92998",
    "DTXSID2051685",
    "IRGANOX 1141",
    "Irganox 1141 (>85%)",
    "JFA70120",
    "MFCD02661515",
    "NS00007953",
    "OGQ74R167A",
    "Phenol, 2,4-dimethyl-6-(1-methylpentadecyl)-",
    "Phenol,2,4-dimethyl-6-(1-methylpentadecyl)-",
    "Q27285648",
    "SCHEMBL104967",
    "TVWGHFVGFWIHFN-UHFFFAOYSA-N",
    "UNII-OGQ74R167A"
  ],
  "CAS": [
    "134701-20-5"
  ],
  "M": 346.6,
  "formula": "C24H42O",
  "SMILES": "CCCCCCCCCCCCCCC(C)C1=CC(=CC(=C1O)C)C",
  "InChi": "InChI=1S/C24H42O/c1-5-6-7-8-9-10-11-12-13-14-15-16-17-21(3)23-19-20(2)18-22(4)24(23)25/h18-19,21,25H,5-17H2,1-4H3",
  "InChiKey": "TVWGHFVGFWIHFN-UHFFFAOYSA-N",
  "logP": 10.5,
  "date": "2025-03-19"
}