{
  "CID": 154735201,
  "name": "azanium;2,2-difluoro-2-[[2,2,4,5-tetrafluoro-5-(trifluoromethoxy)-1,3-dioxolan-4-yl]oxy]acetate",
  "synonyms": [
    "1190931-27-1",
    "Acetic acid, 2,2-difluoro-2-((2,2,4,5-tetrafluoro-5-(trifluoromethoxy)-1,3-dioxolan-4-yl)oxy)-, ammonium salt (1:1)",
    "Acetic acid, 2,2-difluoro-2-[[2,2,4,5-tetrafluoro-5-(trifluoromethoxy)-1,3-dioxolan-4-yl]oxy]-, ammonium salt (1:1)",
    "Ammonium perfluoro[(5-methoxy-1,3-dioxolan-4-yl)oxy]acetate",
    "DTXCID201437046",
    "DTXSID00882626",
    "EC 682-238-0",
    "NS00108891",
    "Perfluoro([5-methoxy-1,3-dioxolan-4-yl]oxy) acetic acid",
    "azanium;2,2-difluoro-2-[[2,2,4,5-tetrafluoro-5-(trifluoromethoxy)-1,3-dioxolan-4-yl]oxy]acetate",
    "perfluoro{acetic acid, 2-[(5-methoxy-1,3-dioxolan-4-yl)oxy]}, ammonium salt"
  ],
  "CAS": [
    "1190931-27-1"
  ],
  "M": 357.08,
  "formula": "C6H4F9NO6",
  "SMILES": "C(=O)(C(OC1(C(OC(O1)(F)F)(OC(F)(F)F)F)F)(F)F)[O-].[NH4+]",
  "InChi": "InChI=1S/C6HF9O6.H3N/c7-2(8,1(16)17)18-3(9)4(10,19-5(11,12)13)21-6(14,15)20-3;/h(H,16,17);1H3",
  "InChiKey": "JVXDZDPWHUBMPI-UHFFFAOYSA-N",
  "logP": null,
  "date": "2025-03-19"
}