{
  "CID": 16682773,
  "name": "2,2-dioctyl-1,3,2-oxathiastannolan-5-one",
  "synonyms": [
    "1,2-Oxathiastannolan-5-one, 2,2-dioctyl-",
    "1,2-Oxathiastannolane, 2,2-dioctyl-, 5-oxide",
    "1,3,2-OXATHIASTANNOLANE, 2,2-DIOCTYL-, 5-OXIDE",
    "1,3,2-Oxathiastannolan-5-one, 2,2-dioctyl-",
    "15535-79-2",
    "2,2-Dioctyl-1,3,2-oxathiastannolan-5-one",
    "2,2-Dioctyl-1,3,2-oxathiastannolane, 5-oxide",
    "2,2-dioctyl-1,3,2-oxathiastannolan-5-one",
    "239-581-2",
    "DTXCID3035002",
    "DTXSID7065910",
    "Di-n-octyl-zinn thioglykolat",
    "Di-n-octyl-zinn thioglykolat [German]",
    "Di-n-octyltin thioglycolate",
    "Dioctyltin S,O-mercaptoacetate",
    "Dioctyltin mercaptoacetate",
    "Dioctyltin thioglycolate",
    "Dioctyltin-O,S-thioglycollate",
    "EC 239-581-2",
    "EINECS 239-581-2",
    "NS00051395",
    "NSC 65517",
    "NSC-65517",
    "NSC65517",
    "Stannane, dioctylthioacetoxy-",
    "Tin, dioctyl-, thioglycolate"
  ],
  "CAS": [
    "15535-79-2"
  ],
  "M": 435.3,
  "formula": "C18H36O2SSn",
  "SMILES": "CCCCCCCC[Sn]1(OC(=O)CS1)CCCCCCCC",
  "InChi": "InChI=1S/2C8H17.C2H4O2S.Sn/c2*1-3-5-7-8-6-4-2;3-2(4)1-5;/h2*1,3-8H2,2H3;5H,1H2,(H,3,4);/q;;;+2/p-2",
  "InChiKey": "KEUUHXDTZRYITO-UHFFFAOYSA-L",
  "logP": null,
  "date": "2025-03-19"
}