{
  "CID": 19997,
  "name": "bis(ethenyl) hexanedioate",
  "synonyms": [
    "223-792-1",
    "4-02-00-01966 (Beilstein Handbook Reference)",
    "4074-90-2",
    "A1188",
    "ADIPIC ACID, DIVINYL ESTER",
    "ADIPICACIDDIVINYLESTER",
    "AKOS025295304",
    "AS-81515",
    "Adipic Acid-Divinyl Ester",
    "Adipic acid divinyl ester",
    "Adipic acid-divinyl ester 100 microg/mL in Acetonitrile",
    "BRN 1785196",
    "D145740345",
    "DTXCID0039809",
    "DTXSID7074248",
    "Divinyl Adipate (stabilized with MEHQ)",
    "Divinyl Adipate, >/=99%,stabilized with MEHQ",
    "Divinyl adipate",
    "Divinyl adipate, stabilized with MEHQ",
    "Divinyl hexanedioate #",
    "Divinyladipate",
    "Divinyladipinat",
    "E78896",
    "EINECS 223-792-1",
    "FD175302",
    "Hexanedioic acid, diethenyl ester",
    "Hexanedioic acid, diethenyl ester (9CI)",
    "Hexanedionic acid, diethenyl ester",
    "MFCD00059202",
    "NS00020813",
    "Q27275957",
    "SCHEMBL15336",
    "UNII-D145740345",
    "bis(ethenyl) hexanedioate"
  ],
  "CAS": [
    "4074-90-2"
  ],
  "M": 198.22,
  "formula": "C10H14O4",
  "SMILES": "C=COC(=O)CCCCC(=O)OC=C",
  "InChi": "InChI=1S/C10H14O4/c1-3-13-9(11)7-5-6-8-10(12)14-4-2/h3-4H,1-2,5-8H2",
  "InChiKey": "JZQAAQZDDMEFGZ-UHFFFAOYSA-N",
  "logP": 1.6,
  "date": "2025-03-19"
}