{
  "CID": 14806,
  "name": "oxozinc",
  "synonyms": [
    "1314-13-2",
    "174846-84-5",
    "20 wt% Zinc Oxide in water, 20 wt% (ZnO) (pale yellow powder), >99% Nano",
    "A&D Medicated Ointment",
    "AKOS015904168",
    "AZO Powder / AZO MicroPowder / ZnO Doped with Metal Aluminum",
    "Akro-zinc bar 85",
    "Akro-zinc bar 90",
    "Aluminium Doped ZnO Dispersion",
    "Antimony Tin Dioxide (ATO) Sputtering Targets",
    "Azo 22",
    "Azo-33",
    "Azo-55",
    "Azo-55TT",
    "Azo-66",
    "Azo-66TT",
    "Azo-77",
    "Azo-77TT",
    "Azodox",
    "Azodox-55",
    "Azodox-55TT",
    "Blanc de Zinc",
    "C-Weiss 8",
    "C-Weiss 8 [German]",
    "CCRIS 1309",
    "CS-0179846",
    "Caswell No. 920",
    "Chinese White",
    "Cynku tlenek [Polish]",
    "D01170",
    "DB09321",
    "Desitin",
    "EC 215-222-5",
    "EINECS 215-222-5",
    "EPA Pesticide Chemical Code 088502",
    "Electox 2500",
    "Electrox 2500",
    "Europium Doped Zinc Oxide Dispersion",
    "FZ32039",
    "Flores de zinci",
    "HSDB 5024",
    "Hubbuck's White",
    "K-Zinc",
    "Kadox 15",
    "Lassar Paste",
    "Lassars Paste",
    "Leaded zinc oxide",
    "MFCD00011300",
    "No-Genol",
    "Nogenol",
    "Protox 166",
    "Protox 168",
    "Protox 169",
    "Q190077",
    "RVPaque",
    "Red Seal 9",
    "Snow white",
    "Supertah",
    "UNII-SOI2LOH54Z",
    "Vandem VPC",
    "White seal-7",
    "Yttrium Doped Zinc Oxide Dispersion",
    "ZINC OXIDE",
    "ZN-0401 E 3/16''",
    "Zinc Oxide Dispersion",
    "Zinc Oxide Dispersion Wood Coating",
    "Zinc Oxide Nanodispersion Type A-Nonionic (70nm)",
    "Zinc Oxide Nanodispersion Type B-Anionic (70nm)",
    "Zinc Oxide Nanodispersion Type C-Cationic (70nm)",
    "Zinc Oxide Nanopowder",
    "Zinc Oxide Nanopowder (Type I)",
    "Zinc Oxide Nanopowder (Type II)",
    "Zinc Oxide Nanopowder Dispersion",
    "Zinc Oxide Nanowire",
    "Zinc Oxide Nanowires",
    "Zinc Oxide Powder",
    "Zinc Oxide Quantum Dots",
    "Zinc Oxide Slurry",
    "Zinc White",
    "Zinc gelatin",
    "Zinc oxide (JP18/USP)",
    "Zinc oxide (TN)",
    "Zinc oxide [USAN:USP:JAN]",
    "Zinc oxide [USAN]",
    "Zinc oxide [USP:JAN]",
    "Zinc oxide nanopowder  (10-30 nm)",
    "Zinc oxide nanopowder (2% Alumina doped) (40 nm)",
    "Zinc oxide nanopowder (200 nm)",
    "Zinc oxide nanopowder (treated with silane coupling agents) (10-30 nm)",
    "Zinc oxide powder (200-800 nm)",
    "Zinc oxide sputtering target, 50.8mm (2.0in) dia x 3.18mm (0.125in) thick",
    "Zinc oxide sputtering target, 50.8mm (2.0in) dia x 6.35mm (0.250in) thick",
    "Zinc oxide substrate, 10x10x0.5mm, polished one side, 0001 orientation",
    "Zinc oxide substrate, 10x10x0.5mm, polished two sides, 0001 orientation",
    "Zinc oxide, 30nm,20 wt.% isopropanol",
    "Zinc oxide, 99.99% trace metals basis",
    "Zinc oxide, 99.999% trace metals basis",
    "Zinc oxide, ACS reagent, >=99.0%",
    "Zinc oxide, JIS special grade, >=99.0%",
    "Zinc oxide, LR, >=99%",
    "Zinc oxide, NanoArc ZN-0605",
    "Zinc oxide, NanoTek Z1102PMA, 50% in 1,2-propanediol monomethyl ether acetate, colloidal dispersion",
    "Zinc oxide, Nanotek?",
    "Zinc oxide, Puratronic",
    "Zinc oxide, ReagentPlus(R), powder, <5 mum particle size, 99.9%",
    "Zinc oxide, SAJ first grade, >=99.0%",
    "Zinc oxide, USP, 99-100.5%",
    "Zinc oxide, United States Pharmacopeia (USP) Reference Standard",
    "Zinc oxide, analytical standard",
    "Zinc oxide, heavy",
    "Zinc oxide, nanopowder, <100 nm particle size",
    "Zinc oxide, nanopowder, <50 nm particle size (BET), >97%",
    "Zinc oxide, nanowires, diam. x L 300 nm x 4-5 mum",
    "Zinc oxide, nanowires, diam. x L 50 nm x 300 nm",
    "Zinc oxide, nanowires, diam. x L 90 nm x 1 mum",
    "Zinc oxide, p.a., 99.0%",
    "Zinc oxide, puriss. p.a., ACS reagent, >=99.0% (KT)",
    "Zinc oxide, sintered tablets",
    "Zinc oxide, sputtering target, diam. x thickness 3.00 in. x 0.125 in., 99.99% trace metals basis",
    "Zinc oxide, tested according to Ph.Eur.",
    "Zinc oxide,99.99%",
    "Zinci Oxicum",
    "Zincite",
    "Zine Oxide ,(S)",
    "ZnO Quantum Dots",
    "oxozinc",
    "zincum oxidatum"
  ],
  "CAS": [
    "1314-13-2",
    "174846-84-5"
  ],
  "M": 81.4,
  "formula": "OZn",
  "SMILES": "O=[Zn]",
  "InChi": "InChI=1S/O.Zn",
  "InChiKey": "XLOMVQKBTHCTTD-UHFFFAOYSA-N",
  "logP": null,
  "date": "2025-03-19"
}