{
  "CID": 12597,
  "name": "(3S,3aR,6R,6aR)-2,3,3a,5,6,6a-hexahydrofuro[3,2-b]furan-3,6-diol",
  "synonyms": [
    "(+)-D-Isosorbide",
    "(3R,3aR,6S,6aR)-hexahydrofuro[3,2-b]furan-3,6-diol",
    "(3S,3aR,6R,6aR)-2,3,3a,5,6,6a-hexahydrofuro[3,2-b]furan-3,6-diol",
    "1,4,3,6-Dianhydrosorbitol;D-Isosorbide;1,4:3,6-Dianhydro-D-sorbitol",
    "1,4-Dianhydrosorbitol",
    "1,4:3,6-Dianhydro-D-glucitol",
    "1,4:3,6-Dianhydro-D-sorbitol",
    "1,4:3,6-Dianhydroglucitol",
    "1,4:3,6-Dianhydrosorbitol",
    "1,4; 3,6-dianhydrosorbitol",
    "1,6-Dianhydro-D-glucitol",
    "1,6-Dianhydro-D-sorbitol",
    "1,6-Dianhydrosorbitol",
    "1.4:3.6-dianhydro-D-glucitol",
    "1.4;3.6-dianhydro-D-glucitol",
    "211-492-3",
    "28980-83-8",
    "5-19-03-00201 (Beilstein Handbook Reference)",
    "652-67-5",
    "A912284D-27E1-4FB0-91B8-86C8AB905297",
    "AB01566931_01",
    "AKOS005622709",
    "AS-14140",
    "AT-101",
    "BBL029591",
    "BIDD:GT0695",
    "BRD-K47178855-001-01-8",
    "BRD-K47178855-001-02-6",
    "BRN 0080510",
    "CAS-652-67-5",
    "CCG-266173",
    "CHEBI:6060",
    "CHEMBL1200660",
    "CS-5157",
    "D-1,4:3,6-Dianhydroglucitol",
    "D-Glucitol, 1,4:3,6-dianhydro-",
    "D-Glucitol,4:3,6-dianhydro-",
    "D-Isosorbide",
    "D-Isosorbide;Dianhydro-D-glucitol",
    "D-Sorbitol, {1,4:3,6-dianhydro(furo[3,2-b]furan-3,6-diol,} hexahydro-)",
    "D-Sorbitol,4:3,6-dianhydro(furo[3,2-b]furan-3,6-diol, hexahydro-)",
    "D00347",
    "DA-61279",
    "DB09401",
    "DTXCID3026196",
    "DTXSID5046196",
    "Devicoran",
    "Dianhydro-D-glucitol",
    "Dianhydro-D-glucitol, 98%",
    "EC 211-492-3",
    "EINECS 211-492-3",
    "EN300-170910",
    "Glucitol, 1,4:3,6-dianhydro-, D-",
    "Glucitol,4:3,6-dianhydro-, D-",
    "HSDB 3105",
    "HY-B1469",
    "Hydronol",
    "Hydronol (VAN)",
    "I0407",
    "ISOSORBIDE (MART.)",
    "ISOSORBIDE (USP IMPURITY)",
    "ISOSORBIDE (USP-RS)",
    "ISOSORBIDE [HSDB]",
    "ISOSORBIDE [INN]",
    "ISOSORBIDE [JAN]",
    "ISOSORBIDE [MART.]",
    "ISOSORBIDE [MI]",
    "ISOSORBIDE [ORANGE BOOK]",
    "ISOSORBIDE [USAN]",
    "ISOSORBIDE [USP IMPURITY]",
    "ISOSORBIDE [USP-RS]",
    "ISOSORBIDE [VANDF]",
    "ISOSORBIDE [WHO-DD]",
    "Ismotic",
    "Ismotic (TN)",
    "Isobide",
    "Isobide (TN)",
    "Isosorbida",
    "Isosorbida (INN-Spanish)",
    "Isosorbida [INN-Spanish]",
    "Isosorbide (JP18/USP/INN)",
    "Isosorbide (USAN:USP:INN:BAN:JAN)",
    "Isosorbide 100 microg/mL in Acetonitrile",
    "Isosorbide [USAN:USP:INN:BAN:JAN]",
    "Isosorbidum",
    "Isosorbidum (INN-Latin)",
    "Isosorbidum [INN-Latin]",
    "MD07153",
    "MFCD00064827",
    "NCGC00160508-01",
    "NCGC00160508-02",
    "NCGC00160508-03",
    "NS00002879",
    "NSC 40725",
    "NSC-40725",
    "NSC40725",
    "Q1243800",
    "Rel-(3R,3aR,6S,6aR)-hexahydrofuro[3,2-b]furan-3,6-diol",
    "SCHEMBL15495",
    "SMP1_000177",
    "STK801813",
    "Sorbid",
    "Sorbitol, 1,4:3,6-dianhydro-",
    "Tox21_111861",
    "Tox21_111861_1",
    "UNII-WXR179L51S",
    "Vascardin dinitrate",
    "WXR179L51S",
    "Z1216815730",
    "isosorbide",
    "s4204"
  ],
  "CAS": [
    "28980-83-8",
    "652-67-5"
  ],
  "M": 146.14,
  "formula": "C6H10O4",
  "SMILES": "C1C(C2C(O1)C(CO2)O)O",
  "InChi": "InChI=1S/C6H10O4/c7-3-1-9-6-4(8)2-10-5(3)6/h3-8H,1-2H2/t3-,4+,5-,6-/m1/s1",
  "InChiKey": "KLDXJTOLSGUMSJ-JGWLITMVSA-N",
  "logP": -1.4,
  "date": "2025-03-19"
}