{
  "CID": 159456,
  "name": "iron(3+);phosphorus(3-)",
  "synonyms": [
    "12751-22-3",
    "235-798-1",
    "247-751-2",
    "641-089-1",
    "DTXCID301436877",
    "DTXSID50276470",
    "EC 234-682-8",
    "EINECS 234-682-8",
    "EINECS 235-798-1",
    "Ferrophos HRS 2131",
    "Ferrophos HRS 2132",
    "Ferrophosphide",
    "JNRQHASIGICJBU-UHFFFAOYSA-N",
    "Q4492142",
    "Triiron phosphide",
    "ferric phosphorus(-3) anion",
    "iron(3+) ion phosphanetriide",
    "iron(3+);phosphorus(3-)"
  ],
  "CAS": [
    "12751-22-3"
  ],
  "M": 86.82,
  "formula": "FeP",
  "SMILES": "[P-3].[Fe+3]",
  "InChi": "InChI=1S/Fe.P/q+3;-3",
  "InChiKey": "JNRQHASIGICJBU-UHFFFAOYSA-N",
  "logP": null,
  "date": "2025-03-19"
}