{
  "CID": 16638,
  "name": "propyl 2-methylprop-2-enoate",
  "synonyms": [
    "2-METHYLPROPENOIC ACID, PROPYL ESTER",
    "2-Propenoic acid, 2-methyl-, propyl ester",
    "218-639-0",
    "2210-28-8",
    "2Propenoic acid, 2methyl, propyl ester",
    "4-02-00-01524 (Beilstein Handbook Reference)",
    "95Q6J7A6N3",
    "AI3-14513",
    "AKOS040744582",
    "AS-86325",
    "BRN 1744849",
    "CCRIS 4864",
    "DTXCID605973",
    "DTXSID2025973",
    "EINECS 218-639-0",
    "F18287",
    "FP175691",
    "HSDB 5455",
    "MFCD00048690",
    "Methacrylic acid, propyl ester",
    "N-PROPYL METHACRYLATE",
    "N-PROPYL METHACRYLATE [HSDB]",
    "N-PROPYL-2-METHYL-PROPENOATE",
    "N-PROPYLMETHACRYLATE",
    "NS00020605",
    "NSC 32624",
    "NSC-32624",
    "NSC32624",
    "PROPYL METHACRYLATE ESTER",
    "PROPYL METHACRYLATE [INCI]",
    "PROPYL METHACRYLATE, N-",
    "Propyl 2-methyl-2-propenoate",
    "Propyl 2-methylacrylate",
    "Propyl 2-methylacrylate #",
    "Propyl 2methyl2propenoate",
    "Propyl ester of 2-Methyl-2-propenoic acid",
    "Propyl methacrylate",
    "Propyl methacrylate - Stabilized with MEHQ",
    "Propyl methacrylate, contains ~200 ppm MEHQ, 97%",
    "Q10329086",
    "SCHEMBL16573",
    "UNII-95Q6J7A6N3",
    "WLN: 3OVY1&U1",
    "methacrylic acid n-propyl ester",
    "methacrylic acid propyl ester",
    "propyl 2-methylprop-2-enoate"
  ],
  "CAS": [
    "2210-28-8"
  ],
  "M": 128.17,
  "formula": "C7H12O2",
  "SMILES": "CCCOC(=O)C(=C)C",
  "InChi": "InChI=1S/C7H12O2/c1-4-5-9-7(8)6(2)3/h2,4-5H2,1,3H3",
  "InChiKey": "NHARPDSAXCBDDR-UHFFFAOYSA-N",
  "logP": 2.5,
  "date": "2025-03-19"
}