{
  "CID": 169212,
  "name": "2,3-diacetyloxypropyl dodecanoate",
  "synonyms": [
    "2,3-Bis(acetyloxy)propyl laurate #",
    "2,3-bis(acetyloxy)propyl dodecanoate",
    "2,3-diacetyloxypropyl dodecanoate",
    "30899-62-8",
    "55191-44-1",
    "9YH0N1M378",
    "DIACETOMONOLAURIN",
    "Diacetyllauroyl Glycerol",
    "DiacetyllauroylGlycerol(socalled)[Plasticizer]",
    "Dodecanoic acid, 2,3-bis(acetyloxy)propyl ester",
    "Dodecanoic acid, ester with 1,2,3 propanetriol diacetate",
    "Dodecanoic acid, ester with 1,2,3-propanetriol diacetate",
    "EINECS 250-379-3",
    "G 002",
    "GLYCERYL LAURATE DIACETATE [INCI]",
    "Glyceryl laurate diacetate",
    "LAURIN, DIACETO-",
    "Lauric acid, ester with hydroxypropanediyl diacetate",
    "MFCD00671531",
    "NS00049247",
    "SCHEMBL386248",
    "UNII-9YH0N1M378",
    "glycerin diacetomonolaurate"
  ],
  "CAS": [
    "30899-62-8",
    "55191-44-1"
  ],
  "M": 358.5,
  "formula": "C19H34O6",
  "SMILES": "CCCCCCCCCCCC(=O)OCC(COC(=O)C)OC(=O)C",
  "InChi": "InChI=1S/C19H34O6/c1-4-5-6-7-8-9-10-11-12-13-19(22)24-15-18(25-17(3)21)14-23-16(2)20/h18H,4-15H2,1-3H3",
  "InChiKey": "NBMAHNZMRSQCPG-UHFFFAOYSA-N",
  "logP": 5.4,
  "date": "2025-03-19"
}