{
  "CID": 14260,
  "name": "tetradec-1-ene",
  "synonyms": [
    ".alpha.-Tetradecene",
    "1-TETRADECENE",
    "1-TETRADECENE [HSDB]",
    "1-Tetradecene [Standard Material for GC]",
    "1-Tetradecene, >=97.0% (GC)",
    "1-Tetradecene, analytical standard",
    "1-Tetradecene, technical grade, 92%",
    "1-Tetradecylene",
    "1-butadecene",
    "1120-36-1",
    "214-306-9",
    "25608-58-6",
    "AI3-10509",
    "AKOS015904124",
    "Alkenes, C14-18 alpha-",
    "Alkenes, C14-20 alpha-",
    "BAA12036",
    "CAS-1120-36-1",
    "CCRIS 3785",
    "CHEBI:77505",
    "CHEMBL1892257",
    "CS-0314332",
    "DTXCID907367",
    "DTXSID4027367",
    "EC 214-306-9",
    "EINECS 214-306-9",
    "EINECS 272-493-2",
    "EINECS 272-494-8",
    "FW23481S7S",
    "HSDB 1087",
    "LMFA11000329",
    "LS-14356",
    "MFCD00008981",
    "NCGC00164372-01",
    "NCGC00257042-01",
    "NS00005576",
    "NSC 66434",
    "NSC-66434",
    "NSC66434",
    "Neodene 14",
    "Q27147080",
    "T0087",
    "Tetradec-1-ene",
    "Tetradecene",
    "Tetradecene-1",
    "Tox21_303051",
    "UNII-FW23481S7S",
    "a-Tetradecene",
    "alpha-Tetradecene",
    "aplha-Tetradecene",
    "dodecylethylene",
    "n-Tetradec-1-ene",
    "tetradec-1-ene"
  ],
  "CAS": [
    "1120-36-1",
    "25608-58-6"
  ],
  "M": 196.37,
  "formula": "C14H28",
  "SMILES": "CCCCCCCCCCCCC=C",
  "InChi": "InChI=1S/C14H28/c1-3-5-7-9-11-13-14-12-10-8-6-4-2/h3H,1,4-14H2,2H3",
  "InChiKey": "HFDVRLIODXPAHB-UHFFFAOYSA-N",
  "logP": 7.9,
  "date": "2025-03-19"
}