{
  "CID": 11005,
  "name": "tetradecanoic acid",
  "synonyms": [
    "0I3V7S25AW",
    "1-Tridecanecarboxylate",
    "1-Tridecanecarboxylic acid",
    "1-tetradecanecarboxylic acid",
    "208-875-2",
    "32112-52-0",
    "3usx",
    "3v2n",
    "3w9k",
    "4-02-00-01126 (Beilstein Handbook Reference)",
    "544-63-8",
    "62217-70-3",
    "AC-34674",
    "ACIDO MYNISTICO",
    "AI3-15381",
    "AKOS009156714",
    "Acid, Myristic",
    "Acid, Tetradecanoic",
    "BDBM50147581",
    "BP-27915",
    "BRN 0508624",
    "C06424",
    "C14:0",
    "CAS-544-63-8",
    "CCG-266785",
    "CCRIS 4724",
    "CH3-(CH2)12-COOH",
    "CH3-[CH2]12-COOH",
    "CHEBI:28875",
    "CHEMBL111077",
    "CS-0018531",
    "Crodacid",
    "DB08231",
    "DS-3833",
    "DTXCID501666",
    "DTXSID6021666",
    "EDAE4876-C383-4AD4-A419-10C0550931DB",
    "EINECS 208-875-2",
    "EINECS 250-924-5",
    "EN300-78099",
    "Edenor C 14",
    "Emery 655",
    "Epitope ID:176772",
    "F8889-5016",
    "FA 14:0",
    "FEMA No. 2764",
    "FM62595",
    "G74510",
    "GTPL2806",
    "HMS3039E15",
    "HMS3648O20",
    "HSDB 5686",
    "HY-N2041",
    "HY-N2041R",
    "Hydrofol acid 1495",
    "Hystrene 9014",
    "Hystrene 9514",
    "IS_D27-TETRADECANOIC ACID",
    "LMFA01010014",
    "M0476",
    "MFCD00002744",
    "MLS002152942",
    "MYRISTIC ACID",
    "MYRISTIC ACID (CONSTITUENT OF SAW PALMETTO)",
    "MYRISTIC ACID (CONSTITUENT OF SAW PALMETTO) [DSC]",
    "MYRISTIC ACID (II)",
    "MYRISTIC ACID (MART.)",
    "MYRISTIC ACID (USP-RS)",
    "MYRISTIC ACID [FCC]",
    "MYRISTIC ACID [FHFI]",
    "MYRISTIC ACID [HSDB]",
    "MYRISTIC ACID [II]",
    "MYRISTIC ACID [MART.]",
    "MYRISTIC ACID [MI]",
    "MYRISTIC ACID [USP-RS]",
    "MYRISTIC-14-13C ACID",
    "Myristate",
    "Myristic Acid, Reagent",
    "Myristic acid (8CI)",
    "Myristic acid (Standard)",
    "Myristic acid (natural)",
    "Myristic acid [NF]",
    "Myristic acid pure",
    "Myristic acid, 95%",
    "Myristic acid, >=95%, FCC, FG",
    "Myristic acid, >=98.0% (GC)",
    "Myristic acid, ?99%",
    "Myristic acid, Pharmaceutical Secondary Standard; Certified Reference Material",
    "Myristic acid, Sigma Grade, >=99%",
    "Myristic acid, United States Pharmacopeia (USP) Reference Standard",
    "Myristic acid, Vetec(TM) reagent grade, 98%",
    "Myristic acid, analytical standard",
    "Myristic acid, natural",
    "Myristic acid, pure",
    "Myristic acid, puriss.",
    "MyristicAcid-13C14",
    "Myristinsaeure",
    "NAA 104",
    "NAA 142",
    "NCGC00091068-01",
    "NCGC00091068-02",
    "NCGC00091068-03",
    "NCGC00256547-01",
    "NCGC00259401-01",
    "NS00010444",
    "NSC 122834",
    "NSC 5028",
    "NSC-5028",
    "NSC5028",
    "PHILACID-1400",
    "PRIFRAC-2942",
    "Philacid 1400",
    "Prifac 2942",
    "Q422658",
    "SCHEMBL6374",
    "SMR001224536",
    "SR-01000854525",
    "SR-01000854525-3",
    "STL185697",
    "TETRADECANSAEURE",
    "Tetradecanoic (Myristic) acid",
    "Tetradecanoic acid",
    "Tetradecanoic acid (9CI)",
    "Tetradecanoicacid",
    "Tox21_201852",
    "Tox21_302781",
    "UNII-0I3V7S25AW",
    "Univol U 3165",
    "Univol U 316S",
    "WLN: QV13",
    "Z1954802504",
    "acide tetradecanoique",
    "bmse000737",
    "fatty acid 14:0",
    "myristoate",
    "myristoic acid",
    "n-Myristic acid",
    "n-Tetradecan-1-oic acid",
    "n-Tetradecanoate",
    "n-Tetradecanoic acid",
    "n-Tetradecoic acid",
    "s5617",
    "tetradecanoic acid",
    "tetradecoic acid",
    "tridecanecarboxylic acid"
  ],
  "CAS": [
    "32112-52-0",
    "544-63-8",
    "62217-70-3"
  ],
  "M": 228.37,
  "formula": "C14H28O2",
  "SMILES": "CCCCCCCCCCCCCC(=O)O",
  "InChi": "InChI=1S/C14H28O2/c1-2-3-4-5-6-7-8-9-10-11-12-13-14(15)16/h2-13H2,1H3,(H,15,16)",
  "InChiKey": "TUNFSRHWOTWDNC-UHFFFAOYSA-N",
  "logP": 5.3,
  "date": "2025-03-19"
}