{
  "CID": 14823,
  "name": "bis(sulfanylidene)molybdenum",
  "synonyms": [
    "1309-56-4",
    "1317-33-5",
    "56780-54-2",
    "863767-83-3",
    "AKOS015903590",
    "C.I. 77770",
    "CHEBI:30704",
    "DAG 206",
    "DAG 325",
    "DAG-V 657",
    "DM 1 (sulfide)",
    "DTXSID201318098",
    "EINECS 215-172-4",
    "EINECS 215-263-9",
    "FM40856",
    "HSDB 1660",
    "Henderson molybdenite, NIST RM 8599",
    "LM 13",
    "LM 13 (lubricant)",
    "Liqui-Moly LM 11",
    "Liqui-Moly LM 2",
    "M 5 (lubricant)",
    "MD 40",
    "MD 40 (lubricant)",
    "MFCD00003470",
    "MOLYBDENUM DISULFIDE",
    "MOLYBDENUM DISULFIDE [HSDB]",
    "MOLYBDENUM DISULFIDE [MI]",
    "MoS2",
    "Moly Powder B",
    "Moly Powder C",
    "Moly Powder PA",
    "Moly Powder PS",
    "Molybdenite",
    "Molybdenite (MoS2)",
    "Molybdenite, naturally occurring mineral, grains, approximately 0.06-0.19in",
    "Molybdenum bisulfide",
    "Molybdenum disulfide, Crystal, 99.995%",
    "Molybdenum disulphide",
    "Molybdenum ores, molybdenite",
    "Molybdenum sulfide (MoS2)",
    "Molybdenum(IV) sulfide",
    "Molybdenum(IV) sulfide, 95.0%",
    "Molybdenum(IV) sulfide, nanopowder, 90 nm diameter (APS), 99% trace metals basis",
    "Molybdenum(IV) sulfide, powder",
    "Molybdenum(IV) sulfide, powder, <2 mum, 99%",
    "Molycolloid CF 626",
    "Molyke R",
    "Molykote",
    "Molykote Microsize Powder",
    "Molykote Z",
    "Molysulfide",
    "Mopol M",
    "Mopol S",
    "Motimol",
    "NS00112647",
    "Natural molybdenite",
    "Nichimoly C",
    "Pigment  Black  34",
    "Q424257",
    "Solvest 390A",
    "Sumipowder PA",
    "T-Powder",
    "UNII-ZC8B4P503V",
    "ZC8B4P503V",
    "[MoS2]",
    "bis(sulfanylidene)molybdenum",
    "disulfidomolybdenum",
    "starbld0007122"
  ],
  "CAS": [
    "1309-56-4",
    "1317-33-5",
    "56780-54-2",
    "863767-83-3"
  ],
  "M": 160.1,
  "formula": "MoS2",
  "SMILES": "S=[Mo]=S",
  "InChi": "InChI=1S/Mo.2S",
  "InChiKey": "CWQXQMHSOZUFJS-UHFFFAOYSA-N",
  "logP": null,
  "date": "2025-03-19"
}