{
  "CID": 169132,
  "name": "5-isocyanato-1-(isocyanatomethyl)-1,3,3-trimethylcyclohexane",
  "synonyms": [
    "(+/-)-ISOPHORONE DIISOCYANATE",
    "1,1,5,5-Tetramethylcyclohexane-.alpha.',3-diisocyanate",
    "1,3,3-Trimethyl-1-(isocyanatomethyl)-5-isocyanatocyclohexane",
    "1-(Isocyanatomethyl)-5-isocyanato-1,3,3-trimethylcyclohexane",
    "1-Isocyanato-3,3,5-trimethyl-5-(isocyanatomethyl)cyclohexane",
    "1-Isocyanato-3-(isocyanatomethyl)-3,5,5-trimethylcyclohexane",
    "1-Isocyanato-5-(isocyanatomethyl)-3,3,5-trimethylcyclohexane",
    "1-iso cyanato-3,3,5-trimethyl-5-isocyanatomethyl cyclohexane",
    "1-isocyanato-3,3,5-trimethyl-5-isocyanato methyl cyclohexane",
    "1-isocyanato-3,3,5-trimethyl-5-isocyanatomethyl cyclohexane",
    "1-isocyanato-3,3,5-trimethyl-5-isocyanatomethylcyclohexane",
    "1-isocyanato-3-isocyanatomethyl-3,5,5-trimethyl cyclohexane",
    "1-isocyanato-3-isocyanatomethyl-3,5,5-trimethylcyclohexane",
    "223-861-6",
    "3,3,5-Trimethyl-5-(isocyanatomethyl)cyclohexyl isocyanate",
    "3-(Isocyanatomethyl)-3,5,5-trimethylcyclohexyl isocyanate",
    "3-ISOCYANATOMETHYL-3,5,5- TRIMETHYLCYCLOHEXYL ISOCYANATE",
    "3-Isocyanatomethyl-3,5,5-trimethylcyclohexyl isocyanate",
    "3-Isocyanatomethyl-3,5,5-trimethylcyclohexylisocyanate",
    "3-isocyanatomethyl-3,5,5-trimethylcyclohexyl-isocyanate",
    "4098-71-9",
    "43B0856528",
    "5-ISOCYANATO-1-(ISOCYANATOMETHYL)-1,3,3-TRIMETHYL CYCLOHEXANE",
    "5-Isocyanato-1-(isocyanatomethyl)-1,3,3-trimethylcyclohexane",
    "5-isocyanato-1-(isocyanatomethyl)-1,3,3-trimethyl-cyclohexane",
    "5-isocyanato-1-(isocyanatomethyl)-1,3,3-trimethylcyclohexane",
    "5-isocyanato-1-isocyanatomethyl-1,3,3-trimethylcyclohexane",
    "A825377",
    "AKOS000120330",
    "BRN 2726467",
    "CAS-4098-71-9",
    "CCRIS 6252",
    "CHEBI:53214",
    "CHEMBL1509442",
    "Cyclohexane, 5-isocyanato-1-(isocyanatomethyl)-1,3,3-trimethyl-",
    "DTXCID903826",
    "DTXSID0023826",
    "EC 223-861-6",
    "EINECS 223-861-6",
    "EN300-20558",
    "Epitope ID:113238",
    "F2191-0302",
    "HSDB 6337",
    "I0314",
    "IPDI",
    "ISOPHORONE DIISOCYANATE",
    "ISOPHORONE DIISOCYANATE [HSDB]",
    "ISOPHORONE DIISOCYANATE, (+/-)-",
    "Isocyanic acid, diester with 5-hydroxy-1,3,3-trimethylcyclohexanemethanol",
    "Isocyanic acid, methylene(3,5,5-trimethyl-3,1-cyclohexylene) ester",
    "Isophorone diamine diisocyanate",
    "Isophorone diisocyanate (IPDI)",
    "Isophorone diisocyanate [Diisocyanates]",
    "Isophorone diisocyanate [UN2290]  [Poison]",
    "Isophorone diisocyanate, 98%",
    "MFCD00064956",
    "NCGC00091745-01",
    "NCGC00091745-02",
    "NCGC00091745-03",
    "NCGC00091745-04",
    "NCGC00254143-01",
    "NCGC00259070-01",
    "NS00011466",
    "Q415415",
    "SCHEMBL15846",
    "TRIISOCYANATOISOCYANURATE, solution, 70% by weight",
    "Tox21_201520",
    "Tox21_300298",
    "UN 2290",
    "UN2290",
    "UNII-43B0856528",
    "Vestanat IPDI",
    "methylene(3,5,5-trimethyl-3,1-cyclohexylene) ester"
  ],
  "CAS": [
    "4098-71-9"
  ],
  "M": 222.28,
  "formula": "C12H18N2O2",
  "SMILES": "CC1(CC(CC(C1)(C)CN=C=O)N=C=O)C",
  "InChi": "InChI=1S/C12H18N2O2/c1-11(2)4-10(14-9-16)5-12(3,6-11)7-13-8-15/h10H,4-7H2,1-3H3",
  "InChiKey": "NIMLQBUJDJZYEJ-UHFFFAOYSA-N",
  "logP": 4.5,
  "date": "2025-03-19"
}