{
  "CID": 11089,
  "name": "1,3-dioxo-2-benzofuran-5-carboxylic acid",
  "synonyms": [
    "1,2,4 benzenetricarboxylic acid anhydride",
    "1,2,4 benzenetricarboxylic anhydride",
    "1,2,4-BENZENETRICARBOXYLIC ACID, ANHYDRIDE",
    "1,2,4-Benzenetricarboxylic 1,2-Anhydride",
    "1,2,4-Benzenetricarboxylic acid 1,2-anhydride",
    "1,2,4-Benzenetricarboxylic acid anhydride",
    "1,2,4-Benzenetricarboxylic acid anhydride-1,2",
    "1,2,4-Benzenetricarboxylic acid, cyclic 1,2-anhydride",
    "1,2,4-Benzenetricarboxylic acid, cyclic 1,2-anhydride (8CI)",
    "1,2,4-Benzenetricarboxylic anhydride",
    "1,2,4-Benzenetricarboxylic anhydride (TMA)",
    "1,2,4-Benzenetricarboxylic anhydride Trimellitic anhydride TMA",
    "1,2,4-Benzenetricarboxylic anhydride treated .beta.-lactoglobulin from bovine whey",
    "1,2,4-Benzenetricarboxylic anhydride treated hemoglobin",
    "1,2,4-Benzenetricarboxylic anhydride, 97%",
    "1,2,4-benzene tricarboxylic anhydride",
    "1,2,4benzenetricarboxylic anhydride",
    "1,3-Dihydro-1,3-dioxo-5-isobenzofurancarboxylic acid",
    "1,3-Dioxo-1,3-dihydro-2-benzofuran-5-carboxylic acid",
    "1,3-Dioxo-1,3-dihydro-isobenzofuran-5-carboxylic acid",
    "1,3-Dioxo-1,3-dihydro-isobenzofuran-5-carboxylic acid #",
    "1,3-Dioxo-1,3-dihydroisobenzofuran-5-carboxylic acid",
    "1,3-Dioxo-5-phthalancarboxylic acid",
    "1,3-dioxo-2-benzofuran-5-carboxylic acid",
    "1,3-dioxo-5-isobenzofurancarboxylic acid",
    "1,3-dioxoisobenzofuran-5-carboxylic acid",
    "1,4-Benzenetricarboxylic acid 1,2-anhydride",
    "1,4-Benzenetricarboxylic acid anhydride",
    "1,4-Benzenetricarboxylic acid, cyclic 1,2-anhydride",
    "1,4-Benzenetricarboxylic anhydride",
    "209-008-0",
    "4-Carboxyphthalic anhydride",
    "4Carboxyphthalic anhydride",
    "5-18-08-00562 (Beilstein Handbook Reference)",
    "5-Isobenzofurancarboxylic acid, 1,3-dihydro-1,3-dioxo-",
    "5-Isobenzofurancarboxylic acid,3-dihydro-1,3-dioxo-",
    "5-Phthalanacarboxylic acid, 1,3-dioxo-",
    "5-Phthalanacarboxylic acid,3-dioxo-",
    "552-30-7",
    "80T61EUU7H",
    "AC-811",
    "AC8872",
    "AKOS000120069",
    "ANHYDRO TRIMELLIC ACID",
    "Anhydrotrimellic acid",
    "Anhydrotrimellitic acid",
    "BBL010496",
    "BP-13468",
    "BRN 0009394",
    "Benzene-1,2,4-tricarboxylic acid 1,2-anhydride",
    "Benzene-1,2,4-tricarboxylic acidanhydride",
    "Benzene-1,2,4-tricarboxylic anhydride",
    "Benzene-1,2,4-tricarboxylic-1,2-anhydride",
    "C0959",
    "C9H4O5",
    "CAS-552-30-7",
    "CCRIS 6282",
    "CHEBI:53050",
    "CHEMBL2137687",
    "CS-W015822",
    "DIPHENYLMETHANE-4,4'-DIISOCYANATE-TRIMELLIC ANHYDRIDE",
    "DTXCID906235",
    "DTXSID7026235",
    "EC 209-008-0",
    "EINECS 209-008-0",
    "EN300-18016",
    "ETHOMID HT POLYMER",
    "Epitope ID:113235",
    "Epon 9150",
    "F0001-1448",
    "FT36717",
    "HSDB 4299",
    "InChI=1/C9H4O5/c10-7(11)4-1-2-5-6(3-4)9(13)14-8(5)12/h1-3H,(H,10,11",
    "MFCD00005925",
    "NCGC00164022-01",
    "NCGC00164022-02",
    "NCGC00256953-01",
    "NCGC00259615-01",
    "NCI-C56633",
    "NS00006728",
    "NSC 60252",
    "NSC-60252",
    "NSC60252",
    "Q1675143",
    "SCHEMBL22458",
    "STL146149",
    "SY001151",
    "TMAN",
    "TRIMELLI ACID 1,2-ANHYDRIDE",
    "TRIMELLITIC ANHYDRIDE",
    "TRIMELLITIC ANHYDRIDE [HSDB]",
    "TRIMELLITIC ANHYDRIDE [INCI]",
    "TRIMELLITIC ANHYDRIDE [MI]",
    "Tox21_202066",
    "Tox21_303117",
    "Trimellic acid 1,2-anhydride",
    "Trimellic acid anhydride",
    "Trimellic acid-1,2-anhydride",
    "Trimellitic acid 1,2-anhydride",
    "Trimellitic acid anhydride",
    "Trimellitic acid cyclic 1,2-anhydride",
    "Trimellitic acid,2-anhydride",
    "Trimellitic anhydride (ACGIH)",
    "Trimellitic anhydride treated .beta.-lactoglobulin from bovine whey",
    "Trimellitic anhydride treated BSA",
    "Trimellitic anhydride treated HSA",
    "Trimellitic anhydride treated IgG",
    "Trimellitic anhydride treated casein",
    "Trimellitic anhydride treated hemoglobin",
    "Trimellitic anhydride treated human transferrin",
    "Trimellitic anhydride, purum, >=97.0% (T)",
    "Trimellitic anhydride-dendrimers",
    "Trimellitic anhydride-trypsin treated BSA",
    "UNII-80T61EUU7H",
    "VS-02531",
    "WLN: T56 BVOVJ GVQ",
    "Z57127496",
    "cyclic 1,2-anhydride",
    "tri-mellitic anhydride"
  ],
  "CAS": [
    "552-30-7"
  ],
  "M": 192.12,
  "formula": "C9H4O5",
  "SMILES": "C1=CC2=C(C=C1C(=O)O)C(=O)OC2=O",
  "InChi": "InChI=1S/C9H4O5/c10-7(11)4-1-2-5-6(3-4)9(13)14-8(5)12/h1-3H,(H,10,11)",
  "InChiKey": "SRPWOOOHEPICQU-UHFFFAOYSA-N",
  "logP": 0.8,
  "date": "2025-03-19"
}