{
  "CID": 17857,
  "name": "3-(aminomethyl)-3,5,5-trimethylcyclohexan-1-amine",
  "synonyms": [
    "1,3,3-Trimethyl-1-aminomethyl-5-aminocyclohexane",
    "1,3,3Trimethyl1aminomethyl5aminocyclohexane",
    "1-Amino-3,3,5-trimethyl-5-aminomethylcyclohexane",
    "1-Amino-3-(aminomethyl)-3,5,5-trimethylcyclohexane",
    "1-Amino-3-aminomethyl-3,5,5-trimethylcyclohexane",
    "1-amino-3,3,5-trimethyl-5-aminomethyl cyclohexane",
    "1-amino-3-aminomethyl-3,5,5-trimethyl cyclohexane",
    "1-aminomethyl-5-amino-1,3,3-trimethyl cyclohexane",
    "1Amino3(aminomethyl)3,5,5trimethylcyclohexane",
    "1Amino3,3,5trimethyl5aminomethylcyclohexane",
    "1Amino3aminomethyl3,5,5trimethylcyclohexane",
    "220-666-8",
    "2855-13-2",
    "3,3,5-Trimethyl-5-aminomethylcyclohexylamine",
    "3,3,5Trimethyl5aminomethylcyclohexylamine",
    "3-(Aminomethyl)-3,5,5-trimethylcyclohexanamine",
    "3-(Aminomethyl)-3,5,5-trimethylcyclohexanamine #",
    "3-(aminomethyl)-3,5,5-trimethylcyclohexan-1-amine",
    "3-Aminomethyl-3,5,5-trimethyl cyclohexylamine",
    "3-Aminomethyl-3,5,5-trimethylcyclohexylamine",
    "3Aminomethyl3,5,5trimethylcyclohexylamin",
    "3Aminomethyl3,5,5trimethylcyclohexylamin (German)",
    "3Aminomethyl3,5,5trimethylcyclohexylamine",
    "5-Amino-1,3,3-trimethylcyclohexanemethanamine",
    "5-Amino-1,3,3-trimethylcyclohexanemethanamine;5-Amino-1,3,3-trimethyl-cyclohexanemethylamine;5-Amino-1,3,3-trimethylcyclohexanemethy lamine",
    "5-Amino-1,3,3-trimethylcyclohexanemethylamine",
    "5Amino1,3,3trimethylcyclohexanemethanamine",
    "5Amino1,3,3trimethylcyclohexanemethylamine",
    "964-475-4",
    "AKOS000120367",
    "Araldite HY 5083",
    "CAS-2855-13-2",
    "CCRIS 6680",
    "CHEMBL1876029",
    "Chemammina CA 17",
    "Cyclohexanemethanamine, 5-amino-1,3,3-trimethyl-",
    "Cyclohexanemethanamine, 5amino1,3,3trimethyl",
    "Cyclohexanemethylamine, 5-amino-1,3,3-trimethyl-",
    "Cyclohexanemethylamine, 5amino1,3,3trimethyl",
    "DTXCID907503",
    "DTXSID6027503",
    "Degamin IPDA",
    "EC 220-666-8",
    "EINECS 220-666-8",
    "EN300-20211",
    "F2191-0270",
    "FI24690",
    "HSDB 4058",
    "I0228",
    "IPDA",
    "ISOPHORONE DIAMINE",
    "ISOPHORONE DIAMINE [HSDB]",
    "ISOPHORONE DIAMINE [INCI]",
    "Isoforondiamina",
    "Isoforondiamina (Spanish DOT)",
    "Isophorondiamin (German)",
    "Isophorondiamine",
    "Isophoronediamine",
    "Isophoronediamine (French DOT)",
    "Isophoronediamine [UN2289]  [Corrosive]",
    "LS-13908",
    "Luxam IPD",
    "MFCD00019397",
    "NCGC00164044-01",
    "NCGC00164044-02",
    "NCGC00257083-01",
    "NCGC00258952-01",
    "NS00010871",
    "Q1674522",
    "SCHEMBL15383",
    "SCHEMBL8745864",
    "Tox21_201401",
    "Tox21_303122",
    "UN 2289",
    "UN2289",
    "UNII-X5WYA841BU",
    "Vestamin IPD",
    "Vestamine IPDA",
    "X5WYA841BU",
    "isophorondiamin"
  ],
  "CAS": [
    "2855-13-2"
  ],
  "M": 170.3,
  "formula": "C10H22N2",
  "SMILES": "CC1(CC(CC(C1)(C)CN)N)C",
  "InChi": "InChI=1S/C10H22N2/c1-9(2)4-8(12)5-10(3,6-9)7-11/h8H,4-7,11-12H2,1-3H3",
  "InChiKey": "RNLHGQLZWXBQNY-UHFFFAOYSA-N",
  "logP": 1.1,
  "date": "2025-03-19"
}