{
  "CID": 123459,
  "name": "1,1,1,2,3,3-hexafluoro-2-[1,1,2,3,3,3-hexafluoro-2-[1,1,2,3,3,3-hexafluoro-2-[1,1,2,3,3,3-hexafluoro-2-(1,1,2,2,3,3,3-heptafluoropropoxy)propoxy]propoxy]propoxy]-3-(1,2,2,2-tetrafluoroethoxy)propane",
  "synonyms": [
    "(5R,8R,11R,14R)-1,1,1,2,4,4,5,7,7,8,10,10,11,13,13,14,16,16,17,17,18,18,18-tricosafluoro-5,8,11,14-tetrakis(trifluoromethyl)-3,6,9,12,15-pentaoxaoctadecane",
    "1,1,1,2,3,3-hexafluoro-2-[1,1,2,3,3,3-hexafluoro-2-[1,1,2,3,3,3-hexafluoro-2-[1,1,2,3,3,3-hexafluoro-2-(1,1,2,2,3,3,3-heptafluoropropoxy)propoxy]propoxy]propoxy]-3-(1,2,2,2-tetrafluoroethoxy)propane",
    "1,1,1,2,4,4,5,7,7,8,10,10,11,13,13,14,16,16,17,17,18,18,18-tricosafluoro-5,8,11,14-tetrakis(trifluoromethyl)-3,6,9,12,15-pentaoxaoctadecane",
    "2H-Tricosafluoro-5,8,11,14-tetrakis(trifluoromethyl)-3,6,9,12,15-pentaoxaoctadecane",
    "2HPerfluoro",
    "2HPerfluoro5,8,11,14tetramethyl3,6,9,12,15pentaoxaoctadecane",
    "2h-Perfluoro-5,8,11,14-tetramethyl-3,6,9,12,15-pentaoxaoctadecane",
    "3,6,9,12,15-Pentaoxaoctadecane, 1,1,1,2,4,4,5,7,7,8,10,10,11,13,13,14,16,16,17,17,18,18,18-tricosafluoro-5,8,11,14-tetrakis(trifluoromethyl)-",
    "3,6,9,12,15Pentaoxaoctadecane, 1,1,1,2,4,4,5,7,7,8,10,10,11,13,13,14,16,16,17,17,18,18,18tricosafluoro5,8,11,14tetrakis(trifluoromethyl)",
    "37486-69-4",
    "CS-0451809",
    "D92717",
    "DTXCID701021858",
    "DTXSID60880406",
    "DU PONT E 5",
    "FLUOROETHER E5",
    "FREON E 5",
    "MFCD00054716",
    "NS00019015",
    "Q27289164",
    "SCHEMBL197397",
    "SEF36F005E",
    "T3538",
    "TFEE5",
    "UNII-SEF36F005E"
  ],
  "CAS": [
    "37486-69-4"
  ],
  "M": 950.13,
  "formula": "C17HF35O5",
  "SMILES": "C(C(F)(F)F)(OC(C(C(F)(F)F)(OC(C(C(F)(F)F)(OC(C(C(F)(F)F)(OC(C(C(F)(F)F)(OC(C(C(F)(F)F)(F)F)(F)F)F)(F)F)F)(F)F)F)(F)F)F)(F)F)F",
  "InChi": "InChI=1S/C17HF35O5/c18-1(2(19,20)21)53-14(45,46)4(24,9(31,32)33)55-16(49,50)6(26,11(37,38)39)57-17(51,52)7(27,12(40,41)42)56-15(47,48)5(25,10(34,35)36)54-13(43,44)3(22,23)8(28,29)30/h1H",
  "InChiKey": "MEXQRXXROOSHGK-UHFFFAOYSA-N",
  "logP": 12.5,
  "date": "2025-03-19"
}