{
  "CID": 19262,
  "name": "1,3-bis(isocyanatomethyl)benzene",
  "synonyms": [
    "1,3-Bis(isocyanatomethyl)benzene",
    "1,3-Bis(isocyanatomethyl)benzene;Isocyanic acid 1,3-phenylenedimethylene ester;m-Xylene diisocyanate",
    "1,3-Bis-(isokyanatomethyl)benzen",
    "1,3-Bis-(isokyanatomethyl)benzen [Czech]",
    "1,3-bis(isocyanatomethyl)benzene",
    "222-852-4",
    "3634-33-1",
    "3634-83-1",
    "4-13-00-00293 (Beilstein Handbook Reference)",
    "53208-23-4",
    "AKOS000120090",
    "BIS(ISOCYANATOMETHYL)BENZENE, 1,3-",
    "BRN 0781825",
    "BS-43964",
    "Benzene, 1,3-bis(isocyanatomethyl)-",
    "Benzene, 1,3-diisocyanatomethyl-",
    "CAS-3634-83-1",
    "D85XJ1813J",
    "DB-291039",
    "DTXCID3018919",
    "DTXSID5038919",
    "EC 222-852-4",
    "EINECS 222-852-4",
    "F71424",
    "FX62781",
    "ISOCYANIC ACID, m-PHENYLENEDIMETHYLENE ESTER",
    "Isocyanic Acid 1,3-Phenylenedimethylene Ester",
    "M-Xdi",
    "MFCD00019917",
    "NCGC00357268-01",
    "NS00007690",
    "Q27276232",
    "SCHEMBL26785",
    "Takenate",
    "Takenate 500",
    "Tox21_303869",
    "UNII-D85XJ1813J",
    "X0022",
    "benzene, 1,3-bis(isocyanatomethyl)-;1,3-bis(isocyanatomethyl)benzene;m-xylene diisocyanate;1,3-xylylene diisocyanate;isocyanic acid, m-phenylenedimethylene ester;benzene, 1,3-bis(isocyanatomethyl)- 1,3-bis(isocyanatomethyl)benzene m-xylene diisocyanate 1,3-xylylene diisocyanate isocyanic acid, m-phenylenedimethylene ester",
    "m-Phenylenedimethylene isocyanate",
    "m-Xylene diisocyanate",
    "m-Xylidene diisocyanate",
    "m-Xylylendiisokyanat",
    "m-Xylylendiisokyanat [Czech]",
    "m-Xylylene diisocyanate",
    "m-Xylylene diisocyanate, technical, >=90% (GC)",
    "m-xylylenediisocyanate"
  ],
  "CAS": [
    "3634-33-1",
    "3634-83-1",
    "53208-23-4"
  ],
  "M": 188.18,
  "formula": "C10H8N2O2",
  "SMILES": "C1=CC(=CC(=C1)CN=C=O)CN=C=O",
  "InChi": "InChI=1S/C10H8N2O2/c13-7-11-5-9-2-1-3-10(4-9)6-12-8-14/h1-4H,5-6H2",
  "InChiKey": "RTTZISZSHSCFRH-UHFFFAOYSA-N",
  "logP": 3.4,
  "date": "2025-03-19"
}