{
  "CID": 135414248,
  "name": "2-[4,6-bis(2,4-dimethylphenyl)-1,3,5-triazin-2-yl]-5-octoxyphenol",
  "synonyms": [
    "2,4-bis(2,4-dimethylphenyl)-6-(2-hydroxy-4-n-octyloxyphenyl)-1,3,5-triazine",
    "2,6-bis-(2,4-dimethylphenyl)-4-(2-hydroxy-4-octyloxyphenyl)-s-triazine",
    "2-(2-hydroxy-4-octyloxyphenyl)-4,6-bis(2,4-dimethylphenyl)-1,3,5-triazine",
    "2-(4,6-Bis(2,4-dimethylphenyl)-1,3,5-triazin-2-yl)-5-(octyloxy) phenol",
    "2-(4,6-Bis(2,4-dimethylphenyl)-1,3,5-triazin-2-yl)-5-(octyloxy)phenol",
    "2-[4,6-Bis(2,4-dimethylphenyl)-1,3,5-triazin-2-yl]-5-(n-octyloxy)phenol",
    "2-[4,6-Di-(2,4-xylyl)-S-triazin-2-yl]-5-(octyloxy)phenol, 8CI",
    "2-[4,6-bis(2,4-dimethylphenyl)-1,3,5-triazin-2-yl]-5-(octyloxy) phenol",
    "2-[4,6-bis(2,4-dimethylphenyl)-1,3,5-triazin-2-yl]-5-(octyloxy)phenol",
    "2-[4,6-bis(2,4-dimethylphenyl)-1,3,5-triazin-2-yl]-5-octoxyphenol",
    "2725-22-6",
    "6-[2,6-bis(2,4-dimethylphenyl)-1H-1,3,5-triazin-4-ylidene]-3-octoxycyclohexa-2,4-dien-1-one",
    "608-067-3",
    "AKOS016010376",
    "AS-15134",
    "B4399",
    "BIS(2,4-DIMETHYLPHENYL)-1,3,5-TRIAZIN-2-YL)-5-(OCTYLOXY)PHENOL, 2-(4,6-",
    "CHEBI:143238",
    "CS-0186406",
    "CYAGARD UV 1164",
    "CYASORB UV 1164",
    "CYTEC UV 1164",
    "Cyasorb 1164",
    "Cysorb UV-1164",
    "DTXCID601022758",
    "DTXSID5051949",
    "LO7K59NM8V",
    "MFCD09834146",
    "NS00020178",
    "PHENOL, 2-(4,6-BIS(2,4-DIMETHYLPHENYL)-1,3,5-TRIAZIN-2-YL)- 5-(OCTYLOXY)-",
    "Phenol, 2-(4,6-bis(2,4-dimethylphenyl)-1,3,5-triazin-2-yl)-5-(octyloxy)-",
    "Phenol, 2-[4,6-bis(2,4-dimethylphenyl)-1,3,5-triazin-2-yl]-5-(octyloxy)-",
    "Q27283087",
    "SCHEMBL78927",
    "TINUVIN 1545",
    "UNII-LO7K59NM8V",
    "UV Absorber 1164/UV1164",
    "UV-1164",
    "Ultraviolet Absorbent UV-1164"
  ],
  "CAS": [
    "2725-22-6"
  ],
  "M": 509.7,
  "formula": "C33H39N3O2",
  "SMILES": "CCCCCCCCOC1=CC(=C(C=C1)C2=NC(=NC(=N2)C3=C(C=C(C=C3)C)C)C4=C(C=C(C=C4)C)C)O",
  "InChi": "InChI=1S/C33H39N3O2/c1-6-7-8-9-10-11-18-38-26-14-17-29(30(37)21-26)33-35-31(27-15-12-22(2)19-24(27)4)34-32(36-33)28-16-13-23(3)20-25(28)5/h12-17,19-21,37H,6-11,18H2,1-5H3",
  "InChiKey": "ZSSVCEUEVMALRD-UHFFFAOYSA-N",
  "logP": 9.5,
  "date": "2025-03-19"
}