{
  "CID": 16212480,
  "name": "[(2R)-2-[(2R,3R,4S)-3,4-dihydroxyoxolan-2-yl]-2-hydroxyethyl] hexadecanoate",
  "synonyms": [
    "(2R)-2-[(2R,3R,4S)-3,4-dihydroxyoxolan-2-yl]-2-hydroxyethyl hexadecanoate",
    "(R)-2-((2R,3R,4S)-3,4-dihydroxytetrahydrofuran-2-yl)-2-hydroxyethyl palmitate",
    "1,4-Anhydro-6-O-hexadecanoyl-D-glucitol",
    "1,4-Anhydro-D-glucitol, 6-hexadecanoate",
    "1,4-anhydro-6-O-palmitoyl-D-glucitol",
    "247-568-8",
    "26266-57-9",
    "77K6Z421KU",
    "AI3-03901",
    "Arlacel 40",
    "CAS-26266-57-9",
    "CHEBI:190605",
    "CHEMBL3186294",
    "CS-0187643",
    "Crill 2",
    "D-Glucitol, 1,4-anhydro-, 6-hexadecanoate",
    "DA-58030",
    "DSSTox_CID_9335",
    "DSSTox_GSID_29335",
    "DSSTox_RID_78767",
    "DTXSID90873164",
    "E-495",
    "EC 247-568-8",
    "EINECS 247-568-8",
    "Emsorb 2510",
    "Glycomul P",
    "HY-W129513",
    "INS NO.495",
    "INS-495",
    "IYFATESGLOUGBX-YVNJGZBMSA-N",
    "Liposorb P",
    "Montane 40",
    "NCGC00181308-01",
    "Nikkol SP10",
    "Nissan nonion PP 40R",
    "Nissan nonion PP40",
    "Nonion PP40",
    "Palmitate de sorbitan",
    "Palmitate de sorbitan (INN-French)",
    "Palmitate de sorbitan [INN-French]",
    "Palmitato de sorbitan",
    "Palmitato de sorbitano",
    "Palmitato de sorbitano (INN-Spanish)",
    "Palmitato de sorbitano [INN-Spanish]",
    "Protachem SMP",
    "Rheodol SP-P 10",
    "S0061",
    "SCHEMBL13700731",
    "SORBITAN MONOPALMITATE",
    "SORBITAN MONOPALMITATE (II)",
    "SORBITAN MONOPALMITATE [FCC]",
    "SORBITAN MONOPALMITATE [II]",
    "SORBITAN MONOPALMITATE [USAN]",
    "SORBITAN PALMITATE (EP MONOGRAPH)",
    "SORBITAN PALMITATE (MART.)",
    "SORBITAN PALMITATE [EP MONOGRAPH]",
    "SORBITAN PALMITATE [MART.]",
    "SORBITAN, MONOHEXADECANOATE",
    "Sorbitan monohexadecanoate",
    "Sorbitan monopalmitate (NF)",
    "Sorbitan monopalmitate [USAN:NF]",
    "Sorbitan palmitas",
    "Sorbitan palmitate",
    "Sorbitan palmitate [INN]",
    "Sorbitan, monopalmitate",
    "Sorbitani palmitas",
    "Sorbitani palmitas (INN-Latin)",
    "Sorbitani palmitas [INN-Latin]",
    "Sorgen 70",
    "Span 40",
    "Span 40 (=Sorbitan Monopalmitate)",
    "Span 40 (TN)",
    "Tox21_112783",
    "UNII-77K6Z421KU",
    "[(2R)-2-[(2R,3R,4S)-3,4-dihydroxyoxolan-2-yl]-2-hydroxyethyl] hexadecanoate"
  ],
  "CAS": [
    "26266-57-9"
  ],
  "M": 402.6,
  "formula": "C22H42O6",
  "SMILES": "CCCCCCCCCCCCCCCC(=O)OCC(C1C(C(CO1)O)O)O",
  "InChi": "InChI=1S/C22H42O6/c1-2-3-4-5-6-7-8-9-10-11-12-13-14-15-20(25)27-17-19(24)22-21(26)18(23)16-28-22/h18-19,21-24,26H,2-17H2,1H3/t18-,19+,21+,22+/m0/s1",
  "InChiKey": "IYFATESGLOUGBX-YVNJGZBMSA-N",
  "logP": 5.8,
  "date": "2025-03-19"
}