{
  "CID": 15133,
  "name": "[3-(aminomethyl)phenyl]methanamine",
  "synonyms": [
    "(3-(aminomethyl)phenyl)methanamine",
    ".alpha.,.alpha.'-Diamino-m-xylene",
    ".alpha.,.alpha.'-m-Xylenediamine",
    "1,3-BENZENEDIMETHANAMINE",
    "1,3-BENZENEDIMETHANAMINE [HSDB]",
    "1,3-BIS-AMINOMETHYLBENZEN (CZECH)",
    "1,3-Benzenebis(methylamine)",
    "1,3-Benzenebis(methylamine) 100 microg/mL in Acetonitrile",
    "1,3-Bis(aminomethyl)benzene",
    "1,3-Bis-aminomethylbenzen",
    "1,3-Bis-aminomethylbenzen [Czech]",
    "1,3-Xylenediamine",
    "1,3-Xylylenediamine",
    "1,3-bis-aminomethylbenzene",
    "1,3-phenylenedimethanamine",
    "1,3Bisaminomethylbenzen",
    "1,3Xylylenediamine",
    "1,3benzenedimethanamine",
    "1,3bis(aminomethyl)benzene",
    "1477-55-0",
    "1E84B9YLJD",
    "216-032-5",
    "3-(Aminomethyl)benzylamine",
    "3-(Aminomethyl)benzylamine #",
    "AC-11133",
    "AI3-25033",
    "AKOS000119451",
    "ALPHA-ALPHA'-DIAMINO-3-XYLENE",
    "BRN 1099911",
    "CAS-1477-55-0",
    "CCRIS 6681",
    "CHEMBL384146",
    "DTXCID909649",
    "DTXSID9029649",
    "EC 216-032-5",
    "EINECS 216-032-5",
    "EN300-20441",
    "Epilink MX",
    "Euredur 22",
    "F71376",
    "FDLQZKYLHJJBHD-UHFFFAOYSA-",
    "HSDB 6257",
    "InChI=1/C8H12N2/c9-5-7-2-1-3-8(4-7)6-10/h1-4H,5-6,9-10H2",
    "LS-13448",
    "M-(.ALPHA.,.ALPHA.'-DIAMINO)XYLENE",
    "M-(ALPHA,ALPHA'-DIAMINO)XYLENE",
    "M-XYLYLENDIAMIN (CZECH)",
    "MFCD00008119",
    "MXDA",
    "Methylamine, m-phenylenebis-",
    "Methylamine, mphenylenebis",
    "NCGC00248826-01",
    "NCGC00257445-01",
    "NCGC00258320-01",
    "NS00001643",
    "NSC 61568",
    "NSC-61568",
    "NSC61568",
    "Q15726051",
    "SCHEMBL36008",
    "Tox21_200766",
    "Tox21_303362",
    "UNII-1E84B9YLJD",
    "XYLENEDIAMINE, M-",
    "[3-(aminomethyl)phenyl]methanamine",
    "alpha,alpha'-Diamino-m-xylene",
    "alpha,alpha'-m-Xylenediamine",
    "alpha,alpha'Diaminomxylene",
    "aminomethyl-3-aminomethylbenzene",
    "m-(aminomethyl)benzylamine",
    "m-Diaminoxylene",
    "m-Phenylenebis(methylamine)",
    "m-Xylene Diamine",
    "m-Xylene alpha,alpha'-diamine",
    "m-Xylene alpha,alpha'-diamine (ACGIH)",
    "m-Xylene-.alpha.,.alpha.'-diamine",
    "m-Xylene-alpha,alpha'-diamine",
    "m-Xylene-alpha,alpha'-diamine (8CI)",
    "m-Xylylendiamin",
    "m-Xylylendiamin [Czech]",
    "m-Xylylene amine",
    "m-Xylylenediamine",
    "m-Xylylenediamine (MXDA)",
    "m-Xylylenediamine, 99%",
    "m-xylylene diamine",
    "mPhenylenebis(methylamine)",
    "mXylene alpha,alpha'diamine",
    "mXylenealpha,alpha'diamine",
    "mXylylendiamin",
    "mXylylenediamine",
    "metaxylylene diamine",
    "metaxylylenediamine"
  ],
  "CAS": [
    "1477-55-0"
  ],
  "M": 136.19,
  "formula": "C8H12N2",
  "SMILES": "C1=CC(=CC(=C1)CN)CN",
  "InChi": "InChI=1S/C8H12N2/c9-5-7-2-1-3-8(4-7)6-10/h1-4H,5-6,9-10H2",
  "InChiKey": "FDLQZKYLHJJBHD-UHFFFAOYSA-N",
  "logP": -0.3,
  "date": "2025-03-19"
}