{
  "CID": 135,
  "name": "4-hydroxybenzoic acid",
  "synonyms": [
    "2-3-4'-TRIHYDROXY-4-METHOXYBENZOPHENONE_met005",
    "2-3-DIHYDROXY-4-METHOXY-4'-ETHOXYBENZOPHENONE_met009",
    "202-804-9",
    "30729-36-3",
    "3pcc",
    "3pch",
    "4-Carboxyphenol",
    "4-HBA",
    "4-HYDROXYBENZOIC ACID",
    "4-HYDROXYBENZOIC ACID [FHFI]",
    "4-HYDROXYBENZOIC ACID [HSDB]",
    "4-Hydroxy-benzoesaeure",
    "4-Hydroxybenzenecarboxylic acid",
    "4-Hydroxybenzoate, III",
    "4-Hydroxybenzoesaeure",
    "4-Hydroxybenzoic acid (Standard)",
    "4-Hydroxybenzoic acid, >=99%, FG",
    "4-Hydroxybenzoic acid, Pharmaceutical Secondary Standard; Certified Reference Material",
    "4-Hydroxybenzoic acid, ReagentPlus(R), 99%",
    "4-Hydroxybenzoic acid, ReagentPlus(R), >=99%",
    "4-Hydroxybenzoic acid, Vetec(TM) reagent grade, 99%",
    "4-Hydroxybenzoic acid, certified reference material, TraceCERT(R)",
    "4-Hydroxybenzoic acid, puriss., >=99.0% (T)",
    "4-Hydroxybenzoicacid",
    "4-hydoxybenzoic acid",
    "4-hydroxy benzoic acid",
    "4-hydroxy-benzoate",
    "4-hydroxy-benzoic acid",
    "4-hydroxybenzoi c acid",
    "4-hydroxybenzoic acid",
    "4-hydroxyl benzoic acid",
    "4-hydroxylbenzoic acid",
    "4-hyroxybenzoic acid",
    "46DD083D-BFD3-4CE1-B2D9-6C6D5FEFD3D9",
    "99-96-7",
    "AC-008",
    "ACETYLSALICYLIC ACID IMPURITY A (EP IMPURITY)",
    "ACETYLSALICYLIC ACID IMPURITY A [EP IMPURITY]",
    "AE-848/32195059",
    "AI3-01003",
    "AKOS000119033",
    "AVOBENZONE_met002",
    "Acido p-idrossibenzoico",
    "Acido p-idrossibenzoico [Italian]",
    "BBL011981",
    "BDBM26194",
    "BIDD:ER0706",
    "Benzoic acid, 4-hydroxy",
    "Benzoic acid, 4-hydroxy-",
    "Benzoic acid, p-hydroxy",
    "Benzoic acid, p-hydroxy-",
    "C00156",
    "CAS-99-96-7",
    "CCG-266143",
    "CCRIS 8812",
    "CHEBI:30763",
    "CHEMBL441343",
    "CS-D1180",
    "D86505",
    "DB04242",
    "DTXCID806647",
    "DTXSID3026647",
    "EC 202-804-9",
    "EINECS 202-804-9",
    "EN300-21461",
    "F2191-0237",
    "FEMA NO. 3986",
    "FH64214",
    "H0207",
    "HSDB 7233",
    "HY-Y0264",
    "HY-Y0264R",
    "HYDROXYBENZOIC ACID, PARA",
    "Hydroxybenzenecarboxylic acid",
    "Hydroxybenzoic acid",
    "InChI=1/C7H6O3/c8-6-3-1-5(2-4-6)7(9)10/h1-4,8H,(H,9,10",
    "JG8Z55Y12H",
    "Kyselina 4-hydroxybenzoova",
    "Kyselina 4-hydroxybenzoova [Czech]",
    "METHYL PARAHYDROXYBENZOATE IMPURITY A (EP IMPURITY)",
    "METHYL PARAHYDROXYBENZOATE IMPURITY A [EP IMPURITY]",
    "MFCD00002547",
    "NCGC00166040-01",
    "NCGC00166040-02",
    "NCGC00257058-01",
    "NCGC00259891-01",
    "NS00005418",
    "NSC 4961",
    "NSC-4961",
    "NSC4961",
    "P-HYDROXYBENZOIC ACID [MI]",
    "PHB",
    "PHLORETIN_met004",
    "PROPYL HYDROXYBENZOATE IMPURITY A (EP IMPURITY)",
    "PROPYL HYDROXYBENZOATE IMPURITY A [EP IMPURITY]",
    "Paraben-acid",
    "Q229970",
    "SALICYLIC ACID IMPURITY A (EP IMPURITY)",
    "SALICYLIC ACID IMPURITY A [EP IMPURITY]",
    "SCHEMBL4110",
    "STL138745",
    "STR01287",
    "Tox21_202342",
    "Tox21_303301",
    "UNII-JG8Z55Y12H",
    "WLN: QVR DQ",
    "Z104498098",
    "bmse000092",
    "bmse000583",
    "p-Hydroxybenzoic Acid, Reagent",
    "p-Hydroxybenzoic acid",
    "p-Oxybenzoesaure",
    "p-Oxybenzoesaure [German]",
    "p-Salicylate",
    "p-Salicylic acid",
    "p-carboxyphenol",
    "p-hydroxy benzoic acid",
    "p-hydroxy-Benzoate",
    "p-hydroxy-Benzoic acid",
    "para-Hydroxybenzoic acid",
    "para-hydroxy benzoic acid",
    "parahydroxybenzoic acid",
    "phenol derivative, 8",
    "s3754"
  ],
  "CAS": [
    "30729-36-3",
    "99-96-7"
  ],
  "M": 138.12,
  "formula": "C7H6O3",
  "SMILES": "C1=CC(=CC=C1C(=O)O)O",
  "InChi": "InChI=1S/C7H6O3/c8-6-3-1-5(2-4-6)7(9)10/h1-4,8H,(H,9,10)",
  "InChiKey": "FJKROLUGYXJWQN-UHFFFAOYSA-N",
  "logP": 1.6,
  "date": "2025-03-19"
}