{
  "CID": 11138158,
  "name": "3,3-bis(methoxymethyl)-2,5-dimethylhexane",
  "synonyms": [
    "1-methoxy-2-(methoxymethyl)-4-methyl-2-(propan-2-yl)pentane",
    "129228-21-3",
    "2-isobutyl-2-isopropyl-1,3-dimethoxypropane",
    "2-isopropyl-2-isobutyl-1,3-dimethoxypropane",
    "3,3-BIS(METHOXY-METHYL)-2,5-DIMETHYLHEXANE",
    "3,3-bis(methoxymethyl)-2,5-dimethylhexane",
    "430-800-9",
    "AKOS040732107",
    "DB-164451",
    "DTXSID80456581",
    "EC 430-800-9",
    "F9994-5480",
    "Hexane, 3,3-bis(methoxymethyl)-2,5-dimethyl-",
    "NS00077744",
    "RGHIYOCUMCUWAQ-UHFFFAOYSA-N",
    "SCHEMBL733867",
    "ZQJ4L27DN6"
  ],
  "CAS": [
    "129228-21-3"
  ],
  "M": 202.33,
  "formula": "C12H26O2",
  "SMILES": "CC(C)CC(COC)(COC)C(C)C",
  "InChi": "InChI=1S/C12H26O2/c1-10(2)7-12(8-13-5,9-14-6)11(3)4/h10-11H,7-9H2,1-6H3",
  "InChiKey": "RGHIYOCUMCUWAQ-UHFFFAOYSA-N",
  "logP": 3.1,
  "date": "2025-03-19"
}