{
  "CID": 11716,
  "name": "but-3-en-2-ol",
  "synonyms": [
    "(+/-)-3-buten-2-ol",
    "(2R)-3-Buten-2-ol",
    "(R/S)-but-3-en-2-ol",
    "1-Buten-3-ol",
    "1-Methyl-2-propenol",
    "1-Methylallyl alcohol",
    "1-butene-3-ol",
    "1Buten3ol",
    "1Methyl2propenol",
    "1Methylallyl alcohol",
    "2-hydroxy-3-butene",
    "209-929-8",
    "3-01-00-01892 (Beilstein Handbook Reference)",
    "3-BUTEN-2-OL",
    "3-Buten-2-ol 100 microg/mL in Acetonitrile",
    "3-Buten-2-ol, 97%",
    "3-Buten-2-ol, analytical standard",
    "3-Butene-2-ol",
    "3-Hydroxy-1-butene",
    "3Butene2ol",
    "3Hydroxy1butene",
    "598-32-3",
    "AI3-28424",
    "AKOS005206749",
    "B0695",
    "BRN 1361410",
    "But3en2ol",
    "CH2=CHCH(OH)CH3",
    "CS-0226550",
    "DB-000893",
    "DTXCID60811058",
    "DTXSID00862266",
    "EINECS 209-929-8",
    "EN300-123730",
    "FB15773",
    "FB177024",
    "MFCD00004543",
    "MFCD01320812",
    "Methyl vinyl carbinol",
    "Methyl vinylcarbinol",
    "Methylvinylcarbinol",
    "NS00042811",
    "NSC 17481",
    "NSC-17481",
    "NSC17481",
    "Propenol, 1-methyl",
    "Propenol, 1methyl",
    "SY295900",
    "W13854",
    "WLN: QY1&U2",
    "alpha-Methylallyl alcohol",
    "alphaMethylallyl alcohol",
    "but-1-en-3-ol",
    "but-3-en-2-ol"
  ],
  "CAS": [
    "598-32-3"
  ],
  "M": 72.11,
  "formula": "C4H8O",
  "SMILES": "CC(C=C)O",
  "InChi": "InChI=1S/C4H8O/c1-3-4(2)5/h3-5H,1H2,2H3",
  "InChiKey": "MKUWVMRNQOOSAT-UHFFFAOYSA-N",
  "logP": 0.6,
  "date": "2025-03-19"
}