{
  "CID": 16386,
  "name": "octadecyl 3-(3,5-ditert-butyl-4-hydroxyphenyl)propanoate",
  "synonyms": [
    "1ST3118",
    "1ST3118-1000",
    "2,6-Di-tert-butyl-4-[(2-octadecyloxycarbonyl)ethyl]phenol",
    "2,6-di-tert-butyl-4-(octadecanoxycarbonylethyl)phenol",
    "2082-79-3",
    "218-216-0",
    "3,5-Bis(1,1-dimethylethyl)-4-hydroxybenzenepropanoic acid octadecyl ester",
    "3,5-DI-TERT-BUTYL-4-HYDROXYPHENYLPROPIONIC ACID OCTADECYL ESTER",
    "3-(3',5'-Di-tert-butyl-4'-hydroxyphenyl)propionic acid stearyl ester",
    "3-(3,5-DI-TERT-BUTYL-4-HYDROXYPHENOL)PROPIONIC ACID OCTADECYL ESTER",
    "3-(3,5-DI-TERT-BUTYL-4-HYDROXYPHENYL)PROPIONIC ACID OCTADECYL ESTER",
    "3-(3,5-Di-tert-butyl-4-hydroxyphenyl)propionic Acid Stearyl Ester",
    "AC-15275",
    "ADK Stab AO 50",
    "AKOS015890027",
    "AS-12172",
    "Anox PP 18",
    "Antioxidant 1076",
    "Antioxidant 1076 Solution in Hexane, 1000?g/mL",
    "Antioxidant 1076 Solution in Hexane, 1000mug/mL",
    "BIDD:ER0412",
    "Benzenepropanoic acid, 3,5-bis(1,1-dimethylethyl)-4-hydroxy-, octadecyl ester",
    "Benzenepropanoic acid, 3,5-bis(1,1-dimethylethyl)-4-hydroxy-,octadecyl ester",
    "Benzenepropanoic acid, 3,5bis(1,1dimethylethyl)4hydroxy, octadecyl ester",
    "C35H62O3",
    "CS-0152197",
    "D1644",
    "D70534",
    "DTXCID407456",
    "DTXSID8027456",
    "E 376",
    "EC 218-216-0",
    "EINECS 218-216-0",
    "FO33345",
    "HSDB 5865",
    "HYDROCINNAMIC ACID, 3,5-DI-T-BUTYL-4-HYDROXY-, OCTADECYL ESTER [HSDB]",
    "Hydrocinnamic acid, 3,5-di-t-butyl-4-hydroxy-, octadecyl ester",
    "Hydrocinnamic acid, 3,5-di-tert-butyl-4-hydroxy-, octadecyl ester",
    "I 1076",
    "IR 1076",
    "IRGANOX-1076",
    "InChI=1/C35H62O3/c1-8-9-10-11-12-13-14-15-16-17-18-19-20-21-22-23-26-38-32(36)25-24-29-27-30(34(2,3)4)33(37)31(28-29)35(5,6)7/h27-28,37H,8-26H2,1-7H3",
    "Irganox 1076",
    "Irganox 1076 100 microg/mL in Acetonitrile",
    "Irganox 1076, 98%",
    "Irganox 1906",
    "Irganox 1976",
    "Irganox I 1076",
    "Irganox L 107",
    "Lowinox PO35",
    "MFCD00017498",
    "MSK3118",
    "MSK3118-1000",
    "Mark AO 50",
    "NS00003190",
    "Naugard 76",
    "OCTADECYL .BETA.-(4'-HYDROXY-3',5'-DI-TERT-BUTYLPHENYL)PROPIONATE",
    "OCTADECYL .BETA.-(4-HYDROXY-3,5-DI-TERT-BUTYLPHENYL)PROPIONATE",
    "OCTADECYL 3,5-DI-TERT-BUTYL-4-OXYPHENYLPROPIONATE",
    "OCTADECYL 3-(3,5-BIS(1,1-DIMETHYLETHYL)-4-HYDROXYBENZENE)PROPIONATE",
    "OCTADECYL BETA-(4'-HYDROXY-3',5'-DI-TERT-BUTYLPHENYL)PROPIONATE",
    "OCTADECYL BETA-(4-HYDROXY-3,5-DI-TERT-BUTYLPHENYL)PROPIONATE",
    "OCTADECYL DI-T-BUTYL-4-HYDROXYHYDROCINNAMATE [INCI]",
    "Octadecyl 3(3,5ditertbutyl4hydroxyphenyl)propionate",
    "Octadecyl 3,5-bis(tert-butyl)-4-hydroxyhydrocinnamate",
    "Octadecyl 3,5-di-t-butyl-4-hydroxyhydrocinnamate",
    "Octadecyl 3,5-di-tert-butyl-4-hydroxyhydrocinnamate",
    "Octadecyl 3,5bis(tertbutyl)4hydroxyhydrocinnamate",
    "Octadecyl 3,5ditertbutyl4hydroxyhydrocinnamate",
    "Octadecyl 3-(3',5'-di-tert-butyl-4'-hydroxyphenyl)propionate",
    "Octadecyl 3-(3,5-di-t-butyl-4-hydroxyphenyl) propionate",
    "Octadecyl 3-(3,5-di-tert-butyl-4-hydroxyphenyl)propionate",
    "Octadecyl 3-(3,5-di-tert-butyl-4-hydroxyphenyl)propionate, 99%",
    "Octadecyl 3-(3,5-di-tertbutyl-4-hydroxyphenyl)-propionate",
    "Octadecyl 3-(3,5-ditert-butyl-4-hydroxyphenyl)propanoate",
    "Octadecyl 3-(3,5-ditert-butyl-4-hydroxyphenyl)propanoate #",
    "Octadecyl 3-?(3,?5-?Di-?tert-?butyl-?4-?hydroxyphenyl)?propionate",
    "Octadecyl DI-tert-butyl-4-hydroxyhydrocinnamate",
    "Octadecyl-3(3',5'-di-t-butyl-4'-hydroxyphenyl)propionate",
    "Octadecyl-3,5-di-tert-butyl-4-hydroxyhydrocinnamate",
    "PLASTIC ADDITIVE 4",
    "PLASTIC ADDITIVE 4 (USP-RS)",
    "PLASTIC ADDITIVE 4 [USP-RS]",
    "Plastic additive 11, European Pharmacopoeia (EP) Reference Standard",
    "Plastic additive 4, United States Pharmacopeia (USP) Reference Standard",
    "Q27291662",
    "Ralox 530",
    "SCHEMBL18856",
    "SELOSOL F 773",
    "SONGNOX 1076",
    "SSDSCDGVMJFTEQ-UHFFFAOYSA-",
    "STEARYL 3,5-DI-TERT-BUTYL-4-HYDROXHYDROCINNAMATE",
    "STEARYL 3-(4-HYDROXY-3,5-DI-TERT-BUTYL-4- HYDROXYPHENYL)PROPIONATE",
    "Stearyl .beta.-(3,5-di-tert-butyl-4-hydroxyphenyl)propionate",
    "Stearyl 3(4hydroxy3,5ditertbutyl4hydroxyphenyl)propionate",
    "Stearyl 3,5-di-tert-butyl-4-hydroxyhydrocinnamate",
    "Stearyl 3,5ditertbutyl4hydroxyhydrocinnamate",
    "Stearyl 3-(4-hydroxy-3,5-di-tert-butyl-4-hydroxyphenyl)propionate",
    "Stearyl beta(3,5ditertbutyl4hydroxyphenyl)propionate",
    "Stearyl beta-(3,5-di-tert-butyl-4-hydroxyphenyl)propionate",
    "Sumilizer BP 76",
    "TINOGARD TS",
    "Tominokusu SS",
    "U 276",
    "UNII-V88J661G2P",
    "Ultranox 276",
    "V88J661G2P",
    "beta-(3,5-Di-tert-butyl-4-hydroxyphenyl)propionic acid octadecyl ester",
    "n-octadecyl (3-[3,5-di-tert-butyl-4-hydroxyphenyl]propionate)",
    "n-octadecyl 3,5-di-tert-butyl-4-hydroxyhydrocinnamate",
    "n-octadecyl beta-(3',5'-di-tert-butyl-4'-hydroxyphenyl)propionate",
    "n-octadecyl beta-(3,5-di-tert-butyl-4-hydroxyphenyl)propionate",
    "n-octadecyl-3-(3',5'-di-tert-butyl-4'-hydroxyphenyl)propionate",
    "n-octadecyl-3-(3,5-di-tert-butyl-4-hydroxyphenyl)propionate",
    "octadecyl 3,5-di-t-butyl-4-hydroxy-hydrocinnamate",
    "octadecyl 3-(3,5-di-t-butyl-4-hydroxyphenyl)propionate",
    "octadecyl 3-(3,5-di-tert-butyl-4-hydroxyphenyl)propanoate",
    "octadecyl 3-(3,5-ditert-butyl-4-hydroxyphenyl)propanoate",
    "octadecyl di-t-butyl-4-hydroxyhydrocinnamate",
    "octadecyl-3,5-di-t-butyl-4-hydroxyhydrocinnamate",
    "octadecyl-3,5-di-tert-butyl-4-hydroxy-hydrocinnamate",
    "octadecyl-3-(3',5'-di-tert-butyl-4'-hydroxyphenyl)propionate",
    "octadecyl3-(3,5-di-tert-butyl-4-hydroxyphenyl)propionate",
    "stearyl 3-(3,5-di-tert-butyl-4-hydroxyphenyl)propionate",
    "stearyl 3-(4-hydroxy-3,5-di-t-butylphenyl)propionate"
  ],
  "CAS": [
    "2082-79-3"
  ],
  "M": 530.9,
  "formula": "C35H62O3",
  "SMILES": "CCCCCCCCCCCCCCCCCCOC(=O)CCC1=CC(=C(C(=C1)C(C)(C)C)O)C(C)(C)C",
  "InChi": "InChI=1S/C35H62O3/c1-8-9-10-11-12-13-14-15-16-17-18-19-20-21-22-23-26-38-32(36)25-24-29-27-30(34(2,3)4)33(37)31(28-29)35(5,6)7/h27-28,37H,8-26H2,1-7H3",
  "InChiKey": "SSDSCDGVMJFTEQ-UHFFFAOYSA-N",
  "logP": 13.8,
  "date": "2025-03-19"
}