{
  "CID": 15512,
  "name": "cyclohex-3-en-1-ylmethanol",
  "synonyms": [
    "(+/-)-3 cyclohexene-1-methanol",
    "(CYCLOHEX-1-EN-4-YL)METHANOL",
    "(Cyclohex-3-enyl)methanol",
    "(Cyclohex-3-enyl)methanol 100 microg/mL in Acetonitrile",
    "(cyclohex-3-en-1-yl)methanol",
    "1(Hydroxymethyl)3cyclohexene",
    "1,2,3,6-Tetrahydrobenzyl alcohol",
    "1,2,3,6-Tetrahydrobenzylalcohol",
    "1,2,3,6Tetrahydrobenzyl alcohol",
    "1,2,5,6-tetrahydrobenzyl alcohol",
    "1-(Hydroxymethyl)-3-cyclohexene",
    "1-Hydroxymethyl-3-cyclohexene",
    "1679-51-2",
    "216-847-6",
    "3,4-CYCLOHEXENYLMETHANOL",
    "3-CYCLOHEXENE-1-METHANOL",
    "3-Cyclohexen-1-ylmethanol #",
    "3-Cyclohexene-1-carbinol",
    "3-Cyclohexene-1-methanol, 98%",
    "3-cyclohexen-1-methanol",
    "3-cyclohexene methanol",
    "3-cyclohexenemethanol",
    "3-cyclohexenylmethanol",
    "3Cyclohexene1carbinol",
    "4(Hydroxymethyl)cyclohexene",
    "4-(Hydroxymethyl)cyclohexene",
    "4-hydroxymethylcyclohexene",
    "94R6Y1S77F",
    "AC7844",
    "AI3-24787",
    "AKOS009031413",
    "BAA67951",
    "C2435",
    "CAS-1679-51-2",
    "CHEMBL3188995",
    "CS-W013655",
    "Cyclohex-3-en-1-ylmethanol",
    "Cyclohex3ene1methanol",
    "Cyclohexen-4-ylmethanol",
    "Cyclohexen4ylmethanol",
    "DTXCID8024600",
    "DTXSID0044600",
    "EINECS 216-847-6",
    "EN300-19922",
    "MFCD00001574",
    "NCGC00256634-01",
    "NS00046072",
    "NSC 158554",
    "NSC-158554",
    "NSC158554",
    "Q27271700",
    "SCHEMBL628623",
    "SY036929",
    "Tox21_302637",
    "UNII-94R6Y1S77F",
    "Z104476102",
    "cyclohex-3-en-1-ylmethanol"
  ],
  "CAS": [
    "1679-51-2"
  ],
  "M": 112.17,
  "formula": "C7H12O",
  "SMILES": "C1CC(CC=C1)CO",
  "InChi": "InChI=1S/C7H12O/c8-6-7-4-2-1-3-5-7/h1-2,7-8H,3-6H2",
  "InChiKey": "VEIYJWQZNGASMA-UHFFFAOYSA-N",
  "logP": 1.3,
  "date": "2025-03-19"
}