{
  "CID": 113194,
  "name": "butyl 3-tris[[2-(6-methylheptoxy)-2-oxoethyl]sulfanyl]stannylpropanoate",
  "synonyms": [
    "63438-80-2",
    "Butyl 3-(tris((2-(isooctyloxy)-2-oxoethyl)thio)stannyl)propionate",
    "Butyl 3-[tris[[2-(isooctyloxy)-2-oxoethyl]thio]stannyl]propionate",
    "DTXCID0043842",
    "DTXSID1069821",
    "EINECS 264-144-8",
    "NS00112987",
    "Propanoic acid, 3-(tris((2-(isooctyloxy)-2-oxoethyl)thio)stannyl)-, butyl ester",
    "Propanoic acid, 3-[tris[[2-(isooctyloxy)-2-oxoethyl]thio]stannyl]-, butyl ester",
    "Tris(6-methylheptyl) 2,2',2''-(((3-Butoxy-3-oxopropyl)stannanetriyl)tris(sulfanediyl))triacetate",
    "butyl 3-tris[[2-(6-methylheptoxy)-2-oxoethyl]sulfanyl]stannylpropanoate"
  ],
  "CAS": [
    "63438-80-2"
  ],
  "M": 857.9,
  "formula": "C37H70O8S3Sn",
  "SMILES": "CCCCOC(=O)CC[Sn](SCC(=O)OCCCCCC(C)C)(SCC(=O)OCCCCCC(C)C)SCC(=O)OCCCCCC(C)C",
  "InChi": "InChI=1S/3C10H20O2S.C7H13O2.Sn/c3*1-9(2)6-4-3-5-7-12-10(11)8-13;1-3-5-6-9-7(8)4-2;/h3*9,13H,3-8H2,1-2H3;2-6H2,1H3;/q;;;;+3/p-3",
  "InChiKey": "NAXJREFTBAJZEM-UHFFFAOYSA-K",
  "logP": null,
  "date": "2025-03-19"
}