{
  "CID": 11197,
  "name": "tetracosanoic acid",
  "synonyms": [
    "557-59-5",
    "AKOS015892947",
    "AS-48043",
    "BZV",
    "C08320",
    "C24:0",
    "CH3-(CH2)22-COOH",
    "CH3-[CH2]22-COOH",
    "CHEBI:28866",
    "CHEMBL1173620",
    "CS-0083602",
    "Carnaubic acid",
    "DB-052789",
    "DTXCID701664",
    "DTXSID6021664",
    "EEF1376B-508E-4043-94E9-AC29747EA6AB",
    "EINECS 209-180-7",
    "F17588",
    "FA 24:0",
    "FL 88",
    "FT63195",
    "HY-121883",
    "LIGNOCERIC ACID [MI]",
    "LMFA01010024",
    "Lignoceric acid",
    "Lignoceric acid, >=99% (capillary GC)",
    "Lignozerinsaeure",
    "MFCD00002810",
    "N-TETRACOSANOIC ACID",
    "NS00020095",
    "Q422634",
    "RK3VCW5Y1L",
    "SCHEMBL132795",
    "STL301830",
    "SY013912",
    "T0076",
    "Tetracosanoic acid",
    "Tetracosanoicacid",
    "Tetracosansaeure",
    "Tetraicosanoate",
    "UNII-RK3VCW5Y1L",
    "fatty acid 24:0",
    "tetracosanic acid",
    "tetracosanoic acid",
    "tetracosoic acid",
    "tetraeicosanoic acid",
    "tetraicosanoic acid"
  ],
  "CAS": [
    "557-59-5"
  ],
  "M": 368.6,
  "formula": "C24H48O2",
  "SMILES": "CCCCCCCCCCCCCCCCCCCCCCCC(=O)O",
  "InChi": "InChI=1S/C24H48O2/c1-2-3-4-5-6-7-8-9-10-11-12-13-14-15-16-17-18-19-20-21-22-23-24(25)26/h2-23H2,1H3,(H,25,26)",
  "InChiKey": "QZZGJDVWLFXDLK-UHFFFAOYSA-N",
  "logP": 10.7,
  "date": "2025-03-19"
}