{
  "CID": 177,
  "name": "acetaldehyde",
  "synonyms": [
    "1ST005046-10000A",
    "200-836-8",
    "75-07-0",
    "8 - Formaldehyde",
    "A1640",
    "A838317",
    "ACETALD",
    "ACETALDEHYDE (IARC)",
    "ACETALDEHYDE (USP-RS)",
    "ACETALDEHYDE [FCC]",
    "ACETALDEHYDE [FHFI]",
    "ACETALDEHYDE [HPUS]",
    "ACETALDEHYDE [HSDB]",
    "ACETALDEHYDE [IARC]",
    "ACETALDEHYDE [MI]",
    "ACETALDEHYDE [USP-RS]",
    "ACETALDEHYDE [WHO-DD]",
    "ACETYL GROUP",
    "AI3-31167",
    "AKOS000120180",
    "Acetaldehido",
    "Acetaldehyd",
    "Acetaldehyd [German]",
    "Acetaldehyde (natural)",
    "Acetaldehyde 1000 microg/mL in Methanol",
    "Acetaldehyde 1000 microg/mL in Water",
    "Acetaldehyde Phenolic",
    "Acetaldehyde Solution in Acetonitrile, 10000ug/mL",
    "Acetaldehyde [UN1089]  [Flammable liquid]",
    "Acetaldehyde, >=90.0%, SAJ first grade",
    "Acetaldehyde, >=99%, FCC",
    "Acetaldehyde, >=99%, FCC, stabilized",
    "Acetaldehyde, >=99%, FG",
    "Acetaldehyde, >=99%, meets FCC analytical specification",
    "Acetaldehyde, ACS reagent, >=99.5%",
    "Acetaldehyde, ReagentPlus(R), 99%",
    "Acetaldehyde, ReagentPlus(R), >=99.0% (GC)",
    "Acetaldehyde, United States Pharmacopeia (USP) Reference Standard",
    "Acetaldehyde, analytical standard",
    "Acetaldehyde, natural, >=99%, FG",
    "Acetaldehyde, puriss. p.a., anhydrous, >=99.5% (GC)",
    "Acetaldehyde1501",
    "Acetaldeyde",
    "Acetehyde",
    "Acetic aldehyde; Ethanal; Ethyl aldehyde; NSC 7594",
    "Acetic ethanol",
    "Acetylaldehyde",
    "Aldehyde acetique",
    "Aldehyde acetique [French]",
    "Aldeide acetica",
    "Aldeide acetica [Italian]",
    "Azetaldehyd",
    "BIDD:ER0621",
    "BRD-K77914232-001-01-3",
    "C00084",
    "CAS-75-07-0",
    "CCRIS 1396",
    "CH2CHO",
    "CH3CHO",
    "CHEBI:15343",
    "CHEBI:16571",
    "CHEMBL170365",
    "D78540",
    "DTXCID202",
    "DTXSID5039224",
    "EC 200-836-8",
    "EINECS 200-836-8",
    "EN300-19152",
    "Epitope ID:145667",
    "Ethylaldehyde",
    "F2190-0651",
    "FEMA No. 2003",
    "Flavor and Extract Manufacturers' Association Number 2003",
    "GO1N1ZPR3B",
    "GTPL6277",
    "HSDB 230",
    "InChI=1/C2H4O/c1-2-3/h2H,1H",
    "MFCD00006991",
    "MSK005046-10000A",
    "MeCHO",
    "NCGC00091753-01",
    "NCGC00260028-01",
    "NCI-C56326",
    "NS00010070",
    "NSC 7594",
    "NSC-7594",
    "NSC7594",
    "Octowy aldehyd",
    "Octowy aldehyd [Polish]",
    "Pesticide Code: 202300",
    "Q57695648",
    "Q61457",
    "RCRA waste no. U001",
    "RCRA waste number U001",
    "STL264249",
    "STR01382",
    "Tox21_202479",
    "UN 1089",
    "UN1089",
    "UNII-GO1N1ZPR3B",
    "VINYL ALCOHOL (FROM ALCOHOLYSIS OR HYDROLYSIS OF VINYL ACETATE UNITS)",
    "WLN: VH1",
    "acetaldehyde",
    "acetaldehydes",
    "acetaldhyde",
    "acetic aldehyde",
    "acetic hydride",
    "acetoaldehyde",
    "aldehyde",
    "bmse000647",
    "ethaldehyde",
    "ethan-1-one",
    "ethanal",
    "ethanone",
    "ethyl aldehyde"
  ],
  "CAS": [
    "75-07-0"
  ],
  "M": 44.05,
  "formula": "C2H4O",
  "SMILES": "CC=O",
  "InChi": "InChI=1S/C2H4O/c1-2-3/h2H,1H3",
  "InChiKey": "IKHGUXGNUITLKF-UHFFFAOYSA-N",
  "logP": -0.3,
  "date": "2025-03-19"
}