{
  "CID": 14896,
  "name": "6,6-dimethyl-2-methylidenebicyclo[3.1.1]heptane",
  "synonyms": [
    "(+/-)-beta-PINENE",
    "(-)-.beta.-Pinene",
    "(1)-6,6-Dimethyl-2-methylenebicyclo(3.1.1)heptane",
    "(1S)-(-)-.beta.-Pinene",
    "(1r)-(+)-pin-2(10)-ene",
    "-Pinene",
    ".beta.-Pinene",
    ".beta.-Pinene-(1S)-(-)",
    "127-91-3",
    "177698-19-0",
    "2(10)-Pinene",
    "2(10)-Pinene, (1S,5S)-(-)-",
    "2,2,6-Trimethylbicyclo(3.1.1)hept-2-ene",
    "2,6-Trimethylbicyclo[3.1.1]hept-2-ene",
    "204-872-5",
    "6,6-Dimethyl-2-methylene-bicyclo(3.1.1)heptane",
    "6,6-Dimethyl-2-methylenebicyclo(3.1.1)heptane",
    "6,6-Dimethyl-2-methylenebicyclo[3.1.1]heptane",
    "6,6-Dimethyl-2-methylenebicyclo[3.1.1]heptane-, (S)-",
    "6,6-Dimethyl-2-methylenenorpinane",
    "6,6-dimethyl-2-methylidenebicyclo(3.1.1)heptane",
    "6,6-dimethyl-2-methylidenebicyclo[3.1.1]heptane",
    "AI3-24483",
    "AKOS004119987",
    "AKOS016843693",
    "BETA-PINENE",
    "Beta -Pinene 1000 microg/mL in Isopropanol",
    "Bicyclo[3.1.1]heptane, 6,6-dimethyl-2-methylene-",
    "Bicyclo[3.1.1]heptane, 6,6-dimethyl-2-methylene-, (1S)-",
    "Bicyclo[3.1.1]heptane,6-dimethyl-2-methylene-",
    "C09882",
    "CAS-127-91-3",
    "CHEBI:50025",
    "CHEMBL501351",
    "DB-041877",
    "DB-065374",
    "DB15574",
    "DTXCID507049",
    "DTXSID7027049",
    "EINECS 204-872-5",
    "EINECS 245-424-9",
    "EN300-95729",
    "FP146434",
    "GTPL13237",
    "HSDB 5615",
    "L-.beta.-Pinene",
    "LS-13836",
    "MFCD00063635",
    "NCGC00248498-01",
    "NCGC00257583-01",
    "NS00003251",
    "NSC 21447",
    "NSC-21447",
    "NSC-406265",
    "NSC-59190",
    "NSC21447",
    "NSC406265",
    "NSC59190",
    "Nopinen",
    "Nopinene",
    "P0441",
    "PC-600",
    "PINENE, BETA",
    "Pin-2(10)-ene",
    "Pseudopinen",
    "Pseudopinene",
    "Q300928",
    "Rosemarel",
    "Terbenthene",
    "Terebenthene",
    "Tox21_200029",
    "UNII-4MS8VHZ1HJ",
    "beta pinene",
    "beta-PINENE, (+/-)-",
    "beta-Pinene (natural)",
    "beta-Pinene (pure)",
    "beta-Pinene 1000 microg/mL in Isopropanol",
    "laevo-.beta.-Pinene"
  ],
  "CAS": [
    "127-91-3",
    "177698-19-0"
  ],
  "M": 136.23,
  "formula": "C10H16",
  "SMILES": "CC1(C2CCC(=C)C1C2)C",
  "InChi": "InChI=1S/C10H16/c1-7-4-5-8-6-9(7)10(8,2)3/h8-9H,1,4-6H2,2-3H3",
  "InChiKey": "WTARULDDTDQWMU-UHFFFAOYSA-N",
  "logP": 3.1,
  "date": "2025-03-19"
}