{
  "CID": 17159,
  "name": "trimethyl benzene-1,2,4-tricarboxylate",
  "synonyms": [
    "1,2,4-BENZENETRICARBOXYLIC ACID, TRIMETHYL",
    "1,2,4-Benzenetricarboxylic Acid Trimethyl Ester",
    "1,2,4-Benzenetricarboxylic acid, 1,2,4-trimethyl ester",
    "1,2,4-Benzenetricarboxylic acid, trimethyl ester",
    "1,2,4-Tris(methoxycarbonyl)benzene",
    "1,2,4-trimethyl benzene-1,2,4-tricarboxylate",
    "1,2,4Benzenetricarboxylic acid, 1,2,4trimethyl ester",
    "1,2,4Benzenetricarboxylic acid, trimethyl ester",
    "16O7DT5N66",
    "219-547-3",
    "2459-10-1",
    "AI3-08219",
    "AKOS025116660",
    "AS-69579",
    "CAS-2459-10-1",
    "CHEMBL3183850",
    "CS-0204614",
    "DTXCID6024620",
    "DTXSID8044620",
    "EINECS 219-547-3",
    "HSDB 5880",
    "InChI=1/C12H12O6/c1-16-10(13)7-4-5-8(11(14)17-2)9(6-7)12(15)18-3/h4-6H,1-3H",
    "MFCD00043629",
    "Methyl trimellitate",
    "NCGC00256621-01",
    "NS00046154",
    "Q27251833",
    "SCHEMBL126043",
    "T1229",
    "TRIMETHYL 1,2,4-BENZENETRICARBOXYLATE",
    "TRIMETHYL 1,2,4-BENZENETRICARBOXYLATE [HSDB]",
    "TRIMETHYL1,2,4-BENZENETRICARBOXYLATE",
    "Tox21_302449",
    "Trimellitic acid trimethyl ester",
    "Trimethyl 1,2,4-benzenetricarboxylate, 98%",
    "Trimethyl benzene-1,2,4-tricarboxylate",
    "Trimethyl benzene1,2,4tricarboxylate",
    "Trimethyl trimellitate",
    "UNII-16O7DT5N66",
    "benzene-1,2,4-tricarboxylic acid trimethyl ester",
    "trimethyl benzene-1,2,4-tricarboxylate"
  ],
  "CAS": [
    "2459-10-1"
  ],
  "M": 252.22,
  "formula": "C12H12O6",
  "SMILES": "COC(=O)C1=CC(=C(C=C1)C(=O)OC)C(=O)OC",
  "InChi": "InChI=1S/C12H12O6/c1-16-10(13)7-4-5-8(11(14)17-2)9(6-7)12(15)18-3/h4-6H,1-3H3",
  "InChiKey": "MJHNUUNSCNRGJE-UHFFFAOYSA-N",
  "logP": 1.4,
  "date": "2025-03-19"
}