{
  "CID": 17236,
  "name": "benzyl 2-methylprop-2-enoate",
  "synonyms": [
    "2-Propenoic acid, 2-methyl-, phenylmethyl ester",
    "219-674-4",
    "2495-37-6",
    "25085-83-0",
    "AKOS015888314",
    "AOJOEFVRHOZDFN-UHFFFAOYSA-",
    "BENZYL .ALPHA.-METHYLACRYLATE",
    "BENZYL ALPHA-METHYLACRYLATE",
    "BENZYL METHACRYLATE",
    "BS-22123",
    "Benzyl 2-methylacrylate",
    "Benzyl 2-methylacrylate #",
    "Benzyl Methacrylate (stabilized with MEHQ)",
    "Benzyl Methacrylate, (stabilized with MEHQ)",
    "Benzyl methacrylate(4.4cp(20 degrees c))",
    "Benzyl methacrylate, 96%, contains 50 ppm monomethyl ether hydroquinone as inhibitor",
    "Benzyl methacrylate, 98%",
    "Benzyl methacrylate, stabilized with 50 ppm MEHQ",
    "Benzyl methacrylate,min. 95%",
    "CAS-2495-37-6",
    "CHEMBL3187485",
    "CS-W017408",
    "D70184",
    "DB-400713",
    "DTXCID302193",
    "DTXSID0022193",
    "EC 219-674-4",
    "EINECS 219-674-4",
    "EN300-179903",
    "InChI=1/C11H12O2/c1-9(2)11(12)13-8-10-6-4-3-5-7-10/h3-7H,1,8H2,2H3",
    "M0279",
    "MFCD00053684",
    "Methacrylic acid benzyl ester",
    "Methacrylic acid, benzyl ester",
    "NCGC00255191-01",
    "NS00007598",
    "NSC 20970",
    "NSC-20970",
    "NSC20970",
    "Q27294930",
    "SCHEMBL20996",
    "Tox21_301712",
    "UNII-Z3248K2SSM",
    "Z3248K2SSM",
    "benzyl 2-methylprop-2-enoate",
    "benzylmethacrylate",
    "phenylmethyl 2-methyl-2-propenoate",
    "phenylmethyl 2-methylprop-2-enoate"
  ],
  "CAS": [
    "2495-37-6",
    "25085-83-0"
  ],
  "M": 176.21,
  "formula": "C11H12O2",
  "SMILES": "CC(=C)C(=O)OCC1=CC=CC=C1",
  "InChi": "InChI=1S/C11H12O2/c1-9(2)11(12)13-8-10-6-4-3-5-7-10/h3-7H,1,8H2,2H3",
  "InChiKey": "AOJOEFVRHOZDFN-UHFFFAOYSA-N",
  "logP": 2.9,
  "date": "2025-03-19"
}