{
  "CID": 114658,
  "name": "2-[2-(3-aminobut-2-enoyloxy)ethylsulfanyl]ethyl 3-aminobut-2-enoate",
  "synonyms": [
    "13560-49-1",
    "2-[2-(3-aminobut-2-enoyloxy)ethylsulfanyl]ethyl 3-aminobut-2-enoate",
    "Advastab A 70",
    "NS00053412",
    "Thiodiethane-1,2-diyl bis(3-aminobut-2-enoate)"
  ],
  "CAS": [
    "13560-49-1"
  ],
  "M": 288.37,
  "formula": "C12H20N2O4S",
  "SMILES": "CC(=CC(=O)OCCSCCOC(=O)C=C(C)N)N",
  "InChi": "InChI=1S/C12H20N2O4S/c1-9(13)7-11(15)17-3-5-19-6-4-18-12(16)8-10(2)14/h7-8H,3-6,13-14H2,1-2H3",
  "InChiKey": "GZVBGWRBVGVPLI-UHFFFAOYSA-N",
  "logP": 1.6,
  "date": "2025-03-19"
}