{
  "CID": 1049,
  "name": "pyridine",
  "synonyms": [
    "0PY",
    "110-86-1",
    "1ST001822-100M",
    "2-pyridine",
    "203-809-9",
    "29761-81-7",
    "3-Pyridine",
    "3-pyridinyl",
    "4-pyridine",
    "A802257",
    "AI3-01240",
    "AKOS000120998",
    "Azabenzene",
    "Azabenzene; Azine",
    "Azine",
    "BCP23599",
    "BDBM50176909",
    "BP-13452",
    "C00747",
    "CAS-110-86-1",
    "CCRIS 2926",
    "CEFTAZIDIME IMPURITY F (EP IMPURITY)",
    "CEFTAZIDIME IMPURITY F [EP IMPURITY]",
    "CEFTAZIDIME PENTAHYDRATE IMPURITY F (EP IMPURITY)",
    "CEFTAZIDIME PENTAHYDRATE IMPURITY F [EP IMPURITY]",
    "CHEBI:16227",
    "CHEMBL266158",
    "CP 32",
    "Caswell No. 717",
    "DB-220141",
    "DTXCID101924",
    "DTXSID101318102",
    "DTXSID9021924",
    "EC 203-809-9",
    "EINECS 203-809-9",
    "EN300-17264",
    "EPA Pesticide Chemical Code 069202",
    "Epitope ID:140099",
    "F0001-0227",
    "FEMA No. 2966",
    "FEMA Number 2966",
    "HSDB 118",
    "InChI=1/C5H5N/c1-2-4-6-5-3-1/h1-5",
    "MFCD00011732",
    "MSK001822-100M",
    "N-pyridine",
    "NCGC00091476-01",
    "NCGC00091476-02",
    "NCGC00258513-01",
    "NCI-C55301",
    "NCI60_006101",
    "NCIOpen2_002809",
    "NCIOpen2_007786",
    "NCIOpen2_007866",
    "NCIOpen2_007986",
    "NCIOpen2_007999",
    "NH9L3PP67S",
    "NS00010113",
    "NSC 406123",
    "NSC-141574",
    "NSC-406123",
    "NSC141574",
    "NSC406123",
    "PYRIDINE",
    "PYRIDINE (15N)",
    "PYRIDINE (IARC)",
    "PYRIDINE (USP-RS)",
    "PYRIDINE [FHFI]",
    "PYRIDINE [HSDB]",
    "PYRIDINE [IARC]",
    "PYRIDINE [MI]",
    "PYRIDINE [USP-RS]",
    "Pesticide Code: 069202",
    "Piridina",
    "Piridina [Italian]",
    "Pirydyna",
    "Pirydyna [Polish]",
    "Pyridin",
    "Pyridin Solution in Methanol, 100ug/mL",
    "Pyridin [German]",
    "Pyridine 1 Degree",
    "Pyridine II",
    "Pyridine III",
    "Pyridine [UN1282]  [Flammable liquid]",
    "Pyridine for oligo synthesis (Water content < 30 ppm) NC-0604 2.5 L GL45 thread emp Biotech GmbH",
    "Pyridine, 99%",
    "Pyridine, >=99%",
    "Pyridine, >=99.5% (GC)",
    "Pyridine, ACS reagent",
    "Pyridine, ACS reagent, >=99.0%",
    "Pyridine, AR, >=99.5%",
    "Pyridine, HPLC Grade",
    "Pyridine, JIS special grade, >=99.5%",
    "Pyridine, LR, >=99%",
    "Pyridine, Pharmaceutical Secondary Standard; Certified Reference Material",
    "Pyridine, ReagentPlus(R), >=99%",
    "Pyridine, SAJ first grade, >=99.0%",
    "Pyridine, analytical standard",
    "Pyridine, anhydrous",
    "Pyridine, anhydrous Water 30ppm Max",
    "Pyridine, anhydrous, 99.8%",
    "Pyridine, biotech. grade, >=99.9%",
    "Pyridine, for HPLC, >=99.9%",
    "Pyridine, p.a., 99%",
    "Pyridine, p.a., ACS reagent, 99.0%",
    "Pyridine, purification grade, >=99.75%",
    "Pyridine, puriss. p.a., ACS reagent, >=99.8% (GC)",
    "Pyridine, puriss. p.a., ACS reagent, reag. Ph. Eur., >=99.5% (GC)",
    "Pyridine, puriss., Reag. Ph. Eur., dried, >=99.5% (GC), <=0.0075% water",
    "Pyridine, puriss., absolute, over molecular sieve (H2O <=0.005%), >=99.8% (GC)",
    "Pyridine, spectrophotometric grade, >=99%",
    "Pyridine, suitable for hydroxyl value determination, >=99.5%",
    "Pyridine, super dry",
    "Pyridine; Azabenzene; Azine; CP 32; NSC 141574; NSC 406123",
    "Q0034",
    "Q210385",
    "RCRA waste no. U196",
    "RCRA waste number U196",
    "STL264195",
    "Solvent Mix Pyridine in ACN (V / V = 60 : 40) NC-0612, GL45 thread emp Biotech GmbH",
    "Tox21_200960",
    "UN 1282",
    "UN1282",
    "UNII-NH9L3PP67S",
    "WLN: T6NJ",
    "[pyridine]",
    "bmse000432",
    "hydropyridine",
    "pyridine",
    "pyridine fraction",
    "pyridine-",
    "pyridine-ring"
  ],
  "CAS": [
    "110-86-1",
    "29761-81-7"
  ],
  "M": 79.1,
  "formula": "C5H5N",
  "SMILES": "C1=CC=NC=C1",
  "InChi": "InChI=1S/C5H5N/c1-2-4-6-5-3-1/h1-5H",
  "InChiKey": "JUJWROOIHBZHMG-UHFFFAOYSA-N",
  "logP": 0.7,
  "date": "2025-03-19"
}