{
  "CID": 10442,
  "name": "propane-1,3-diol",
  "synonyms": [
    "(HOCH2)2CH2",
    ".beta.-Propylene glycol",
    ".omega.-Propanediol",
    "1,3 -propanediol",
    "1,3 propandiol",
    "1,3 propanediol",
    "1,3- propanediol",
    "1,3-Dihydroxypropane",
    "1,3-PROPANDIOL",
    "1,3-PROPANEDIOL",
    "1,3-Propanediol (Standard)",
    "1,3-Propanediol, 98%",
    "1,3-Propanediol, >=99.6%",
    "1,3-Propanediol, United States Pharmacopeia (USP) Reference Standard",
    "1,3-Propanediol, puriss., >=99.0% (GC)",
    "1,3-Propylene glycol",
    "1,3-Propylenediol",
    "1,3-propane diol",
    "1,3-propane-diol",
    "1,3-propyleneglycol",
    "1.3-propanediol",
    "2-(Hydroxymethyl)ethanol",
    "2-Deoxyglycerol",
    "3-hydroxypropanol",
    "31714-45-1",
    "345260-48-2",
    "504-63-2",
    "5965N8W85T",
    "7AB97F71-EF6B-4C05-8084-541427B9306C",
    "A828134",
    "AI3-01851",
    "AKOS000269061",
    "BP-30193",
    "BRN 0969155",
    "C02457",
    "CAS-504-63-2",
    "CH2(CH2OH)2",
    "CHEBI:16109",
    "CHEMBL379652",
    "CS-W018490",
    "D77845",
    "DB-071203",
    "DB02774",
    "DTXCID6021246",
    "DTXSID8041246",
    "EC 207-997-3",
    "EINECS 207-997-3",
    "EN300-19343",
    "F1908-0064",
    "FP33131",
    "HO(CH2)3OH",
    "HOCH2CH2CH2OH",
    "HSDB 8263",
    "HY-W017758",
    "HY-W017758R",
    "InChI=1/C3H8O2/c4-2-1-3-5/h4-5H,1-3H",
    "JLA47477",
    "MFCD00002949",
    "NCGC00248157-01",
    "NCGC00254655-01",
    "NS00005983",
    "NSC 65426",
    "NSC-65426",
    "NSC65426",
    "P0486",
    "PD007650",
    "Propane-1,3-diol",
    "Q161514",
    "STL282728",
    "TRIMETHYLENE GLYCOL [MI]",
    "Tox21_300750",
    "Trimethylene glycol",
    "Trimethylene glycol;",
    "UNII-5965N8W85T",
    "Z104473578",
    "beta-Propylene glycol",
    "bmse000303",
    "omega-Propanediol",
    "propan-1,3-diol",
    "propane 1,3-diol",
    "propane 1.3-diol",
    "propane diol-1,3",
    "propane-1, 3-diol",
    "propane-1,3-diol",
    "propane-1,3diol",
    "propane-1-3-diol",
    "propane-1.3-diol",
    "propane1,3-diol",
    "propane1.3-diol",
    "propanediol-(1,3)"
  ],
  "CAS": [
    "31714-45-1",
    "345260-48-2",
    "504-63-2"
  ],
  "M": 76.09,
  "formula": "C3H8O2",
  "SMILES": "C(CO)CO",
  "InChi": "InChI=1S/C3H8O2/c4-2-1-3-5/h4-5H,1-3H2",
  "InChiKey": "YPFDHNVEDLHUCE-UHFFFAOYSA-N",
  "logP": -1.0,
  "date": "2025-03-19"
}