{
  "CID": 10907737,
  "name": "[2-[1-[2-hydroxy-3,5-bis(2-methylbutan-2-yl)phenyl]ethyl]-4,6-bis(2-methylbutan-2-yl)phenyl] prop-2-enoate",
  "synonyms": [
    "123968-25-2",
    "2,2'-ethylidenebis(4,6-di-tert-amylphenol) monoacrylate",
    "2,4-DI-TERT-PENTYL-6-(1-(3,5-DI-TERT- PENTYL-2-HYDROXYPHENYL)ETHYL)PHENYL ACRYLATE",
    "2,4-DI-TERT-PENTYL-6-(1-(3,5-DI-TERT-PENTYL-2-HYDROXYPHENYL)ETHYL)PHENYL ACRYLATE",
    "2-(1-(2-HYDROXY-3,5-DI-TERT-PENTYLPHENYL)ETHYL)-4,6-DI-TERT- PENTYLPHENYL ACRYLATE",
    "2-(1-(2-Hydroxy-3,5-di-tert-pentylphenyl)ethyl)-4,6-di-tert-pentylphenyl acrylate",
    "2-(1-(2-hydroxy-3,5-di-tert-pentyl-phenyl)ethyl)-4,6-di-tert-pentylphenyl acrylate",
    "2-(1-(3,5-Bis(1,1-dimethylpropyl)-2-hydroxyphenyl)ethyl)-4,6-bis(1,1-dimethylpropyl)phenyl 2-propenoate",
    "2-PROPENOIC ACID, 2-(1-(3,5-BIS(1,1-DIMETHYLPROPYL)-2- HYDROXYPHENYL)ETHYL)-4,6-BIS(1,1-DIMETHYLPROPYL)PHENYL ESTER",
    "2-Propenoic acid, 2-(1-(3,5-bis(1,1-dimethylpropyl)-2-hydroxyphenyl)ethyl)-4,6-bis(1,1-dimethylpropyl)phenyl ester",
    "2-Propenoic acid, 2-[1-[3,5-bis(1,1-dimethylpropyl)-2-hydroxyphenyl]ethyl]-4,6-bis(1,1-dimethylpropyl)phenyl ester",
    "2-[1-(2-hydroxy-3,5-di-tert-pentylphenyl)ethyl]-4,6-di-tert-pentylphenyl acrylate",
    "2-[1-[3,5-Bis(1,1-dimethylpropyl)-2-hydroxyphenyl]ethyl]-4,6-bis(1,1-dimethylpropyl)phenyl 2-propenoate",
    "2BBL73FIEU",
    "413-850-6",
    "ANTIOXIDANT TRUELICHT GS",
    "Antioxidant GS",
    "CS-0457452",
    "DTXSID7051630",
    "EC 413-850-6",
    "F87018",
    "H1781",
    "KY-500",
    "MFCD34180862",
    "Q27254521",
    "SCHEMBL237192",
    "STLLXWLDRUVCHL-UHFFFAOYSA-N",
    "Sumilizer GS",
    "UNII-2BBL73FIEU",
    "[2-[1-[2-hydroxy-3,5-bis(2-methylbutan-2-yl)phenyl]ethyl]-4,6-bis(2-methylbutan-2-yl)phenyl] prop-2-enoate"
  ],
  "CAS": [
    "123968-25-2"
  ],
  "M": 548.8,
  "formula": "C37H56O3",
  "SMILES": "CCC(C)(C)C1=CC(=C(C(=C1)C(C)(C)CC)O)C(C)C2=C(C(=CC(=C2)C(C)(C)CC)C(C)(C)CC)OC(=O)C=C",
  "InChi": "InChI=1S/C37H56O3/c1-15-31(38)40-33-28(21-26(35(9,10)17-3)23-30(33)37(13,14)19-5)24(6)27-20-25(34(7,8)16-2)22-29(32(27)39)36(11,12)18-4/h15,20-24,39H,1,16-19H2,2-14H3",
  "InChiKey": "STLLXWLDRUVCHL-UHFFFAOYSA-N",
  "logP": 13.0,
  "date": "2025-03-19"
}