{
  "CID": 17083,
  "name": "11-aminoundecanoic acid",
  "synonyms": [
    ".omega.-Aminoundecanoic acid",
    "11-AMINOUNDECANOIC ACID",
    "11-AMINOUNDECANOIC ACID [HSDB]",
    "11-AMINOUNDECANOIC ACID [IARC]",
    "11-Aminoundecanoic acid 100 microg/mL in Acetonitrile:Methanol",
    "11-Aminoundecanoic acid, 97%",
    "11-Aminoundecanoic acid, purum, >=97.0% (NT)",
    "11-Aminoundecanoicacid",
    "11-Aminoundecylic acid",
    "11-amino-undecanoic acid",
    "11-aminoundecanoic acid",
    "2432-99-7",
    "25035-04-5",
    "4-04-00-02823 (Beilstein Handbook Reference)",
    "A22758",
    "AKOS015855192",
    "AMINOUNDECANOIC ACID, 11-",
    "AS-16035",
    "Aminoundecanoic acid; NSC 240503; NSC 662428; Undecanoic acid, 11-amino-;",
    "BP-28235",
    "BRN 1767291",
    "C19325",
    "CCRIS 39",
    "CHEBI:82387",
    "CHEMBL1903820",
    "CS-W015547",
    "DB-046402",
    "DTXSID5020077",
    "EC 219-417-6",
    "EINECS 219-417-6",
    "EN300-116808",
    "F0001-0827",
    "F14580",
    "H-Aund(11)-OH",
    "HSDB 4349",
    "HY-W014831",
    "LMFA01100004",
    "MFCD00008150",
    "NCGC00163971-01",
    "NCI-C50613",
    "NS00008339",
    "NSC 240503",
    "NSC 662428",
    "NSC-240503",
    "NSC-662428",
    "NSC240503",
    "NSC662428",
    "Omega-Aminoundecylic acid;Aminoundecanoicacid",
    "PD124920",
    "Q15632699",
    "Reilsan ES Natural",
    "Rilsan T",
    "Rilsan W 1482",
    "SCHEMBL35890",
    "SFU34976HB",
    "SY012650",
    "UNII-SFU34976HB",
    "Undecanoic acid, 11-amino-"
  ],
  "CAS": [
    "2432-99-7",
    "25035-04-5"
  ],
  "M": 201.31,
  "formula": "C11H23NO2",
  "SMILES": "C(CCCCCN)CCCCC(=O)O",
  "InChi": "InChI=1S/C11H23NO2/c12-10-8-6-4-2-1-3-5-7-9-11(13)14/h1-10,12H2,(H,13,14)",
  "InChiKey": "GUOSQNAUYHMCRU-UHFFFAOYSA-N",
  "logP": -1.0,
  "date": "2025-03-19"
}