{
  "CID": 2735139,
  "name": "[(2S,3S,4R,5R)-5-(acetyloxymethyl)-2-[(2R,3R,4S,5R,6R)-6-(acetyloxymethyl)-3,4,5-tris(2-methylpropanoyloxy)oxan-2-yl]oxy-3,4-bis(2-methylpropanoyloxy)oxolan-2-yl]methyl 2-methylpropanoate",
  "synonyms": [
    "126-13-6",
    "6-O-acetyl-1,3,4-tri-O-isobutyryl-beta-D-fructofuranosyl 6-O-acetyl-2,3,4-tri-O-isobutyryl-alpha-D-glucopyranoside",
    "HY-167544",
    "MFCD00041859",
    "NS00020780",
    "OS09348",
    "SAIB;Sucrose acetate isobutyrate;Sucrose diacetate hexaisobutyrate",
    "SCHEMBL41578",
    "Sucrose acetate isobutyrate, FG",
    "ZNEBZIJCDDCNRC-SWTLDUCYSA-N",
    "[(2S,3S,4R,5R)-5-(acetyloxymethyl)-2-[(2R,3R,4S,5R,6R)-6-(acetyloxymethyl)-3,4,5-tris(2-methylpropanoyloxy)oxan-2-yl]oxy-3,4-bis(2-methylpropanoyloxy)oxolan-2-yl]methyl 2-methylpropanoate",
    "a-D-Glucopyranoside,6-O-acetyl-1,3,4-tris-O-(2-methyl-1-oxopropyl)-b-D-fructofuranosyl,6-acetate 2,3,4-tris(2-methylpropanoate)",
    "alpha-D-Glucopyranoside, beta-D-fructofuranosyl, diacetate hexakis(2-methylpropanoate)"
  ],
  "CAS": [
    "126-13-6"
  ],
  "M": 846.9,
  "formula": "C40H62O19",
  "SMILES": "CC(C)C(=O)OCC1(C(C(C(O1)COC(=O)C)OC(=O)C(C)C)OC(=O)C(C)C)OC2C(C(C(C(O2)COC(=O)C)OC(=O)C(C)C)OC(=O)C(C)C)OC(=O)C(C)C",
  "InChi": "InChI=1S/C40H62O19/c1-18(2)33(43)51-17-40(32(57-38(48)23(11)12)29(54-35(45)20(5)6)27(58-40)16-50-25(14)42)59-39-31(56-37(47)22(9)10)30(55-36(46)21(7)8)28(53-34(44)19(3)4)26(52-39)15-49-24(13)41/h18-23,26-32,39H,15-17H2,1-14H3/t26-,27-,28-,29-,30+,31-,32+,39-,40+/m1/s1",
  "InChiKey": "ZNEBZIJCDDCNRC-SWTLDUCYSA-N",
  "logP": 5.3,
  "date": "2025-03-19"
}