{
  "CID": 22833309,
  "name": "[(2R)-2-[(2S,3R,4S)-3,4-dihydroxyoxolan-2-yl]-2-[(Z)-octadec-9-enoyl]oxyethyl] (Z)-octadec-9-enoate",
  "synonyms": [
    "29116-98-1",
    "6T6N9I9VD0",
    "Anhydrosorbitol dioleate",
    "DTXSID701021884",
    "EINECS 249-448-0",
    "NS00046162",
    "Q27265480",
    "SCHEMBL23733952",
    "SORBITAN DIOLEATE [INCI]",
    "Sorbide dioleate",
    "Sorbitan dioleate",
    "Sorbitan, di-(9Z)-9-octadecenoate",
    "Sorbitan, di-9-octadecenoate",
    "Sorbitan, di-9-octadecenoate, (Z,Z)-",
    "TTZKGYULRVDFJJ-GIVMLJSASA-N",
    "UNII-6T6N9I9VD0",
    "[(2R)-2-[(2S,3R,4S)-3,4-dihydroxyoxolan-2-yl]-2-[(Z)-octadec-9-enoyl]oxyethyl] (Z)-octadec-9-enoate"
  ],
  "CAS": [
    "29116-98-1"
  ],
  "M": 693.0,
  "formula": "C42H76O7",
  "SMILES": "CCCCCCCCC=CCCCCCCCC(=O)OCC(C1C(C(CO1)O)O)OC(=O)CCCCCCCC=CCCCCCCCC",
  "InChi": "InChI=1S/C42H76O7/c1-3-5-7-9-11-13-15-17-19-21-23-25-27-29-31-33-39(44)47-36-38(42-41(46)37(43)35-48-42)49-40(45)34-32-30-28-26-24-22-20-18-16-14-12-10-8-6-4-2/h17-20,37-38,41-43,46H,3-16,21-36H2,1-2H3/b19-17-,20-18-/t37-,38+,41+,42+/m0/s1",
  "InChiKey": "TTZKGYULRVDFJJ-GIVMLJSASA-N",
  "logP": 13.5,
  "date": "2025-03-19"
}