{
  "CID": 23671856,
  "name": "lithium;1,3,7,9-tetratert-butyl-11-oxido-5H-benzo[d][1,3,2]benzodioxaphosphocine 11-oxide",
  "synonyms": [
    "12H-Dibenzo(d,g)(1,3,2)dioxaphosphocin, 2,4,8,10-tetrakis(1,1-dimethylethyl)-6-hydroxy-, 6-oxide, lithium salt",
    "12H-Dibenzo(d,g)(1,3,2)dioxaphosphocin, 2,4,8,10-tetrakis(1,1-dimethylethyl)-6-hydroxy-, 6-oxide, lithium salt (1:1)",
    "12H-Dibenzo[d,g][1,3,2]dioxaphosphocin, 2,4,8,10-tetrakis(1,1-dimethylethyl)-6-hydroxy-, 6-oxide, lithium salt",
    "12H-Dibenzo[d,g][1,3,2]dioxaphosphocin, 2,4,8,10-tetrakis(1,1-dimethylethyl)-6-hydroxy-, 6-oxide, lithium salt (1:1)",
    "2,2'-METHYLENEBIS(4,6-DI-TERT-BUTYLPHENOL) PHOSPHATE LITHIUM SALT",
    "22METHYLENEBIS46DITERTBUTYLPHENYLLITHIUMPHOSPHATE",
    "44NZC3J899",
    "85209-93-4",
    "DTXCID0048472",
    "DTXSID1074886",
    "Lithium 2,2'-methylenebis(4,6-di-tert-butylphenyl)phosphate",
    "NS00112935",
    "Q27258753",
    "SCHEMBL1132178",
    "UADIOTAIECKQLQ-UHFFFAOYSA-M",
    "UNII-44NZC3J899",
    "lithium;1,3,7,9-tetratert-butyl-11-oxido-5H-benzo[d][1,3,2]benzodioxaphosphocine 11-oxide"
  ],
  "CAS": [
    "85209-93-4"
  ],
  "M": 492.6,
  "formula": "C29H42LiO4P",
  "SMILES": "[Li+].CC(C)(C)C1=CC2=C(C(=C1)C(C)(C)C)OP(=O)(OC3=C(C2)C=C(C=C3C(C)(C)C)C(C)(C)C)[O-]",
  "InChi": "InChI=1S/C29H43O4P.Li/c1-26(2,3)20-14-18-13-19-15-21(27(4,5)6)17-23(29(10,11)12)25(19)33-34(30,31)32-24(18)22(16-20)28(7,8)9;/h14-17H,13H2,1-12H3,(H,30,31);/q;+1/p-1",
  "InChiKey": "UADIOTAIECKQLQ-UHFFFAOYSA-M",
  "logP": null,
  "date": "2025-03-19"
}