{
  "CID": 23711569,
  "name": "sodium;3-(2-aminoethylamino)propanoate",
  "synonyms": [
    ".BETA.-ALANINE, N-(2-AMINOETHYL)-, SODIUM SALT (1:1)",
    ".beta.-Alanine, N-(2-aminoethyl)-, monosodium salt",
    "282-811-1",
    "84434-12-8",
    "AKOS030228620",
    "AS-80966",
    "BETA-ALANINE, N-(2-AMINOETHYL)-, MONOSODIUM SALT",
    "C5H11N2NaO2",
    "CS-0162521",
    "DB-144463",
    "DTXCID30155890",
    "DTXSID80233399",
    "EINECS 282-811-1",
    "F16459",
    "GRRYHLMTCTVDNC-UHFFFAOYSA-M",
    "KV 1386",
    "KV-1386",
    "N-(2-AMINOETHYL)-.BETA.-ALANINE SODIUM SALT",
    "N-(2-Aminoethyl)-beta-alanine sodium 100 microg/mL in Acetonitrile:Water",
    "N-(2-Aminoethyl)-beta-alanine sodium salt",
    "NS00060822",
    "Q27288721",
    "S693Q1673H",
    "SCHEMBL6700396",
    "SODIUM 3-[(2-AMINOETHYL)AMINO]PROPANOATE",
    "SODIUM N-(2-AMINOETHYL)-.BETA.-ALANINATE",
    "Sodium N-(2-aminoethyl)-beta-alaninate",
    "UNII-S693Q1673H",
    "sodium 3-((2-aminoethyl)amino)propanoate",
    "sodium3-((2-aminoethyl)amino)propanoate",
    "sodium;3-(2-aminoethylamino)propanoate",
    "ss-Alanine, N-(2-aminoethyl)-, monosodium salt (9CI); KV 1386; N-(2-Aminoethyl)-ss-alanine sodium salt; N-(2-Aminoethyl)-ss-alanine Sodium Salt; N-(2-Aminoethyl)-ss-alanine Sodium Salt"
  ],
  "CAS": [
    "84434-12-8"
  ],
  "M": 154.14,
  "formula": "C5H11N2NaO2",
  "SMILES": "C(CNCCN)C(=O)[O-].[Na+]",
  "InChi": "InChI=1S/C5H12N2O2.Na/c6-2-4-7-3-1-5(8)9;/h7H,1-4,6H2,(H,8,9);/q;+1/p-1",
  "InChiKey": "GRRYHLMTCTVDNC-UHFFFAOYSA-M",
  "logP": null,
  "date": "2025-03-19"
}