{
  "CID": 27756,
  "name": "5-ethylidenebicyclo[2.2.1]hept-2-ene",
  "synonyms": [
    "(5E)-5-Ethylidenebicyclo[2.2.1]hept-2-ene",
    "16219-75-3",
    "5-ETHYLIDENE-2-NORBORNENE",
    "5-Ethylidene-2-norbornene, sum of endo and exo, stabilizer with BHT",
    "5-ethylidene 2-norbornene",
    "5-ethylidenebicy-clo[2.2.1]hept-2-ene",
    "5-ethylidenebicyclo[2.2.1]hept-2-ene",
    "AKOS028109999",
    "CHEMBL3188004",
    "DTXSID1025306",
    "ENB",
    "Ethylidene-2-norbornene",
    "FE34580",
    "ethylidene-norbornene"
  ],
  "CAS": [
    "16219-75-3"
  ],
  "M": 120.19,
  "formula": "C9H12",
  "SMILES": "CC=C1CC2CC1C=C2",
  "InChi": "InChI=1S/C9H12/c1-2-8-5-7-3-4-9(8)6-7/h2-4,7,9H,5-6H2,1H3",
  "InChiKey": "OJOWICOBYCXEKR-UHFFFAOYSA-N",
  "logP": 2.2,
  "date": "2025-03-19"
}