{
  "CID": 2735001,
  "name": "2-acetyloxybut-3-enyl acetate",
  "synonyms": [
    "0B625BEP46",
    "1,2 -diacetoxy-3-butene",
    "1,2-Diacetoxy-3-butene",
    "1,2-diacetoxybut-3-ene",
    "1-(ACETYLOXY)BUT-3-EN-2-YL ACETATE",
    "1-Butene-3,4-diol Diacetate",
    "1-Butene-3,4-diyl Diacetate",
    "18085-02-4",
    "2-(Acetoxymethyl)-3-acetoxy-1-propene",
    "2-(Acetoxymethyl)-3-acetoxy-1-propene 100 microg/mL in Acetonitrile",
    "2-acetyloxybut-3-enyl acetate",
    "3,4-Diacetoxy-1-butene",
    "3,4-Diacetoxy-1-butene, 98%",
    "3,4-diacetoxybutene",
    "3-BUTENYL 1,2-DIACETATE",
    "3-Buten-1,2-diol-diacetate; DAcB",
    "3-Butene-1,2-diol 1,2-Diacetate;",
    "3-Butene-1,2-diol diacetate",
    "3-Butene-1,2-diol, 1,2-diacetate",
    "421-720-5",
    "605-909-1",
    "AKOS015915710",
    "AS-75913",
    "But-3-ene-1,2-diyl diacetate",
    "But-3-ene-1,2-diyldiacetate",
    "D95170",
    "DAcB",
    "DTXSID20939388",
    "Diacetoxybutene",
    "EC 421-720-5",
    "MFCD00143056",
    "NS00001801",
    "Q27236570",
    "SCHEMBL93559",
    "SY279601",
    "UNII-0B625BEP46"
  ],
  "CAS": [
    "18085-02-4"
  ],
  "M": 172.18,
  "formula": "C8H12O4",
  "SMILES": "CC(=O)OCC(C=C)OC(=O)C",
  "InChi": "InChI=1S/C8H12O4/c1-4-8(12-7(3)10)5-11-6(2)9/h4,8H,1,5H2,2-3H3",
  "InChiKey": "MWWXARALRVYLAE-UHFFFAOYSA-N",
  "logP": 0.7,
  "date": "2025-03-19"
}