{
  "CID": 24477,
  "name": "disodium;dioxido-oxo-sulfanylidene-lambda6-sulfane",
  "synonyms": [
    "231-867-5",
    "7772-98-7",
    "AI3-01237",
    "AKOS015856704",
    "AKOS016372312",
    "Antichlor",
    "BP-21059",
    "CHEBI:132112",
    "CHEMBL3753202",
    "Chlorine Control",
    "Chlorine Cure",
    "Cyanide Antidote Package",
    "D78333",
    "DISODIUM THIOSULPHATE",
    "DTXCID4024197",
    "DTXCID7022417",
    "DTXSID9042417",
    "Declor-It",
    "Disodium thiosulfate",
    "E-539",
    "EC 231-867-5",
    "EINECS 231-867-5",
    "FS43030",
    "HSDB 592",
    "Hypo",
    "Hypo (VAN)",
    "Hypo alcohol, in ethanol",
    "Ins no.539",
    "Ins-539",
    "L0IYT1O31N",
    "MFCD00003499",
    "NSC 45624",
    "Na2O3S2",
    "Na2S2O3",
    "O0522",
    "Q339866",
    "SODIUM THIOSULFATE",
    "SODIUM THIOSULFATE ANHYDROUS (II)",
    "SODIUM THIOSULFATE ANHYDROUS [II]",
    "SODIUM THIOSULFATE COMPONENT OF NITHIODOTE",
    "SODIUM THIOSULFATE [HSDB]",
    "SODIUM THIOSULFATE [MI]",
    "SODIUM THIOSULFATE [WHO-DD]",
    "Sodium hyposulfit",
    "Sodium oxide sulfide",
    "Sodium thiosulfate anhydrous",
    "Sodium thiosulfate solution (2 g/dL in deionized water)",
    "Sodium thiosulfate, >=99.99% trace metals basis",
    "Sodium thiosulfate, AR, >=98%",
    "Sodium thiosulfate, LR, >=97%",
    "Sodium thiosulfate, ReagentPlus(R), 99%",
    "Sodium thiosulfate, SAJ first grade, >=90.0%",
    "Sodium thiosulfate, Vetec(TM) reagent grade, 99%",
    "Sodium thiosulfate, anhydrous",
    "Sodium thiosulfate, anhydrous, Trace metals grade 99.99%",
    "Sodium thiosulfate, p.a., 98.0%",
    "Sodium thiosulfate, purum p.a., anhydrous, >=98.0% (RT)",
    "Sodium thiosulphate, anhydrous",
    "Sodothiol",
    "Sodothiol; Sulfactol; Sulfothiorine",
    "Thiosulfate, Sodium, Pentahydrate",
    "Thiosulfuric acid (H2S2O3), disodium salt",
    "Thiosulfuric acid (H2S2O3), sodium salt (1:2)",
    "Thiosulfuric acid, disodium salt",
    "UNII-L0IYT1O31N",
    "anhydrous sodium thiosulfate",
    "disodium sulfurothioate",
    "disodium;dioxido-oxo-sulfanylidene-lambda6-sulfane",
    "sodium sulfothioate",
    "sodium sulfurothioate hydrate (2:1:5)",
    "sodium thio-sulfate",
    "sodium thiosulfat",
    "sodium thiosulfate (anhydrous)",
    "sodium thiosulfate (medical use)",
    "sodiumthiosulfate",
    "sulfothiorine"
  ],
  "CAS": [
    "7772-98-7"
  ],
  "M": 158.11,
  "formula": "Na2O3S2",
  "SMILES": "[O-]S(=O)(=S)[O-].[Na+].[Na+]",
  "InChi": "InChI=1S/2Na.H2O3S2/c;;1-5(2,3)4/h;;(H2,1,2,3,4)/q2*+1;/p-2",
  "InChiKey": "AKHNMLFCWUSKQB-UHFFFAOYSA-L",
  "logP": null,
  "date": "2025-03-19"
}