{
  "CID": 2537,
  "name": "1,7,7-trimethylbicyclo[2.2.1]heptan-2-one",
  "synonyms": [
    "( inverted exclamation markA)-Camphor",
    "()-Camphor",
    "(+/-)-1,7,7-trimethyl-bicyclo[2,2,1]heptane-2-one",
    "(+/-)-Camphor",
    "(-)-Alcanfor",
    "(.+/-.)-Camphor",
    "(1R,4R)-1,7,7-trimethylnorbornan-2-one",
    "(1RS,4RS)-1,7,7-trimethylbicyclo(2.2.1)heptan-2-one",
    "(?)-Camphor",
    "0-07-00-00135 (Beilstein Handbook Reference)",
    "1,7,7-Trimethyl-bicyclo[2.2.1]heptan-2-one",
    "1,7,7-Trimethylbicyclo(2.2.1)-2-heptanone",
    "1,7,7-Trimethylbicyclo(2.2.1)heptan-2-one",
    "1,7,7-Trimethylbicyclo[2.2.1]-2-heptanone",
    "1,7,7-Trimethylbicyclo[2.2.1]heptan-2-one",
    "1,7,7-Trimethylnorcamphor",
    "1,7,7-trimethyl-bicyclo[2.2.1]heptan-6-one",
    "1,7,7-trimethylbicyclo[2.2.1]heptan-2-one",
    "1ST40229",
    "2-Bornanone",
    "2-Camphanone",
    "2-Camphonone",
    "2-Kamfanon",
    "2-Keto-1,7,7-trimethylnorcamphane",
    "200-945-0",
    "21368-68-3",
    "4,7,7-trimethyl-3-bicyclo[2.2.1]heptanone",
    "4,7,7-trimethylbicyclo[2.2.1]heptan-3-one",
    "4-07-00-00213 (Beilstein Handbook Reference)",
    "76-22-2",
    "A838646",
    "AC-15523",
    "AC-5284",
    "AI3-18783",
    "AKOS000118728",
    "AKOS022060577",
    "Alphanon",
    "BBL012963",
    "BRN 1907611",
    "BRN 3196099",
    "Bicyclo[2.2.1]heptan-2-one, 1,7,7-trimethyl-",
    "Bicyclo[2.2.1]heptan-2-one, 1,7,7-trimethyl-, (.+/-.)-",
    "Bicyclo[2.2.1]heptan-2-one, 1,7,7-trimethyl-, (1R)-",
    "Bicyclo[2.2.1]heptan-2-one, 1,7,7-trimethyl-, (1S)-",
    "Bornan-2-one",
    "Bornane, 2-oxo-",
    "C1251",
    "C18369",
    "CAS-76-22-2",
    "CCG-266237",
    "CCG-266238",
    "CHEBI:36773",
    "CHEMBL15768",
    "CS-0009813",
    "Camphor (Standard)",
    "Camphor (USP)",
    "Camphor, (+/-)-",
    "Camphor, (.+/-.)-",
    "Camphor, (1R,4R)-(+)-",
    "Camphor, natural",
    "Camphor, synthetic",
    "Caswell No. 155",
    "D-(+)-Camphor",
    "D00098",
    "DB-051377",
    "DB-056037",
    "DB-070734",
    "DB14156",
    "DL-2-Bornanone",
    "DL-Bornan-2-one",
    "DL-Camphor",
    "DTXCID3010955",
    "DTXSID5030955",
    "DivK1c_000724",
    "E75814",
    "EC 200-945-0",
    "EINECS 200-945-0",
    "EINECS 244-350-4",
    "EN300-19186",
    "EPA Pesticide Chemical Code 015602",
    "F0001-0763",
    "FC31875",
    "Formosa camphor",
    "GTPL2422",
    "HMS2268A06",
    "HMS3885J06",
    "HMS502E06",
    "HSDB 37",
    "HY-N0808",
    "HY-N0808R",
    "Heet (Salt/Mix)",
    "Huile de camphre",
    "IDI1_000724",
    "Japan camphor",
    "KBio1_000724",
    "Kampfer",
    "LMPR0102120001",
    "Laurel camphor",
    "MFCD00064149",
    "MFCD00074738",
    "MLS001055495",
    "Matricaria camphor",
    "NCGC00090681-05",
    "NCGC00090730-01",
    "NCGC00090730-02",
    "NCGC00090730-05",
    "NCGC00257791-01",
    "NINDS_000724",
    "NS00003762",
    "NSC26351",
    "Norcamphor, 1,7,7-trimethyl-",
    "Q181559",
    "SCHEMBL16068",
    "SMR000386909",
    "STK803534",
    "SY025804",
    "SY035827",
    "SYNTHETIC CAMPHOR",
    "Sarna (Salt/Mix)",
    "Tox21_200237",
    "UN 2717",
    "UNII-5TJD82A1ET",
    "USEPA/OPP Pesticide Code: 015602",
    "VS-03622",
    "Z104473074",
    "Zang Qi",
    "camphor",
    "dl-Camphor (JP17)",
    "l-(-)-Camphor",
    "racemic camphor",
    "s3851",
    "s4516"
  ],
  "CAS": [
    "21368-68-3",
    "76-22-2"
  ],
  "M": 152.23,
  "formula": "C10H16O",
  "SMILES": "CC1(C2CCC1(C(=O)C2)C)C",
  "InChi": "InChI=1S/C10H16O/c1-9(2)7-4-5-10(9,3)8(11)6-7/h7H,4-6H2,1-3H3",
  "InChiKey": "DSSYKIVIOFKYAU-UHFFFAOYSA-N",
  "logP": 2.2,
  "date": "2025-03-19"
}