{
  "CID": 25514,
  "name": "azanium;bromide",
  "synonyms": [
    "(NH4)Br",
    "12124-97-9",
    "235-183-8",
    "AKOS024437534",
    "AMMONIUM BROMATUM [HPUS]",
    "AMMONIUM BROMIDE",
    "AMMONIUM BROMIDE (EP MONOGRAPH)",
    "AMMONIUM BROMIDE (MART.)",
    "AMMONIUM BROMIDE [EP MONOGRAPH]",
    "AMMONIUM BROMIDE [HSDB]",
    "AMMONIUM BROMIDE [MART.]",
    "AMMONIUM BROMIDE [MI]",
    "AMMONIUM BROMIDE [WHO-DD]",
    "AMMONIUMBROMIDE",
    "Ammonii bromidum",
    "Ammonium Bromide; Flamex PA; Flovan BU; Fuzzicide; Hydrobromic Acid Monoammoniate",
    "Ammonium bromatum",
    "Ammonium bromide ((NH4)Br)",
    "Ammonium bromide, Puratronic?",
    "Ammonium bromide, photo grade 99.99%",
    "Ammonium bromide, trace metals grade 99.99%",
    "Ammoniun Bromatum",
    "CHEBI:85364",
    "DTXCID6015681",
    "DTXSID8035681",
    "EC 235-183-8",
    "EINECS 235-183-8",
    "FA33731",
    "Flamex PA; Flovan BU; Fuzzicide; Hydrobromic acid monoammoniate; Spectrum XD 3899",
    "H4BrN",
    "HSDB 207",
    "Hydrobromic acid monoammoniate",
    "MFCD00011419",
    "NH4Br",
    "NS00085689",
    "Nervine",
    "R0JB3224WS",
    "UNII-R0JB3224WS",
    "azanium;bromide"
  ],
  "CAS": [
    "12124-97-9"
  ],
  "M": 97.94,
  "formula": "BrH4N",
  "SMILES": "[NH4+].[Br-]",
  "InChi": "InChI=1S/BrH.H3N/h1H;1H3",
  "InChiKey": "SWLVFNYSXGMGBS-UHFFFAOYSA-N",
  "logP": null,
  "date": "2025-03-19"
}