{
  "CID": 240,
  "name": "benzaldehyde",
  "synonyms": [
    "(phenyl)methanone",
    "100-52-7",
    "202-860-4",
    "2vj1",
    "55279-75-9",
    "A800226",
    "AI3-09931",
    "AKOS000119172",
    "AMFETAMINE SULFATE IMPURITY D (EP IMPURITY)",
    "AMFETAMINE SULFATE IMPURITY D [EP IMPURITY]",
    "Ald3-H_000012",
    "Ald3.1-H_000160",
    "Ald3.1-H_000479",
    "Ald3.1-H_000798",
    "Aromatic aldehyde",
    "B2379",
    "BDBM50139371",
    "BDBM60953",
    "BENZALDEHYDE (II)",
    "BENZALDEHYDE (MART.)",
    "BENZALDEHYDE (USP IMPURITY)",
    "BENZALDEHYDE [FCC]",
    "BENZALDEHYDE [FHFI]",
    "BENZALDEHYDE [HSDB]",
    "BENZALDEHYDE [II]",
    "BENZALDEHYDE [MART.]",
    "BENZALDEHYDE [MI]",
    "BENZALDEHYDE [USP IMPURITY]",
    "BENZALDEHYDE [USP-RS]",
    "BENZALDEHYDE [VANDF]",
    "BENZALKONIUM CHLORIDE IMPURITY B (EP IMPURITY)",
    "BENZALKONIUM CHLORIDE IMPURITY B [EP IMPURITY]",
    "BENZOYLL PEROXIDE HYDROUS IMPURITY A (EP IMPURITY)",
    "BENZOYLL PEROXIDE HYDROUS IMPURITY A [EP IMPURITY]",
    "BENZYL ALCOHOL IMPURITY A (EP IMPURITY)",
    "BENZYL ALCOHOL IMPURITY A [EP IMPURITY]",
    "BIDD:ER0249",
    "Benzadehyde",
    "Benzaldehyde (NF)",
    "Benzaldehyde (natural)",
    "Benzaldehyde 1000 microg/mL in Dichloromethane",
    "Benzaldehyde 2000 microg/mL in Dichloromethane",
    "Benzaldehyde FFC",
    "Benzaldehyde [NF]",
    "Benzaldehyde [UN1990]  [Class 9]",
    "Benzaldehyde, >=98%, FG, FCC",
    "Benzaldehyde, AR, >=99%",
    "Benzaldehyde, European Pharmacopoeia (EP) Reference Standard",
    "Benzaldehyde, LR, >=99%",
    "Benzaldehyde, Pharmaceutical Secondary Standard; Certified Reference Material",
    "Benzaldehyde, ReagentPlus(R), >=99%",
    "Benzaldehyde, SAJ special grade, >=98.0%",
    "Benzaldehyde, United States Pharmacopeia (USP) Reference Standard",
    "Benzaldehyde, Vetec(TM) reagent grade, 98%",
    "Benzaldehyde, analytical standard",
    "Benzaldehyde, for synthesis, 95.0%",
    "Benzaldehyde, methyl-",
    "Benzaldehyde, natural, >=98%, FCC, FG",
    "Benzaldehyde, purified by redistillation, >=99.5%",
    "Benzaldehyde, puriss. p.a., >=99.0% (GC)",
    "Benzaldehyde, purum, >=98.0% (GC)",
    "Benzaldehyde,(S)",
    "Benzaldehyde-(phenyl-13C6)",
    "Benzaldehyde-alpha-d1",
    "Benzaldehyde-formyl-d",
    "Benzaldhyde",
    "Benzene carbaldehyde",
    "Benzene carboxaldehyde",
    "Benzene carcaboxaldehyde",
    "Benzene methylal",
    "Benzenecarbonal",
    "Benzenecarboxaldehyde",
    "Benzenemethylal",
    "Benzoic acid aldehyde",
    "Benzoic aldehyde",
    "Benzoyl hydride",
    "Benzoylwasserstoff",
    "Benzyaldehyde",
    "Benzylaldehyde",
    "C00193",
    "C00261",
    "C7H6O",
    "CAS-100-52-7",
    "CCG-266041",
    "CCRIS 2376",
    "CHEBI:17169",
    "CHEMBL15972",
    "Caswell No. 076",
    "D02314",
    "DB-023673",
    "DGA48914",
    "DTXCID90134",
    "DTXSID8039241",
    "EC 202-860-4",
    "EINECS 202-860-4",
    "EPA Pesticide Chemical Code 008601",
    "F1294-0144",
    "FEMA No. 2127",
    "FENTANYL CITRATE IMPURITY E (EP IMPURITY)",
    "FENTANYL CITRATE IMPURITY E [EP IMPURITY]",
    "FENTANYL IMPURITY E (EP IMPURITY)",
    "FENTANYL IMPURITY E [EP IMPURITY]",
    "FF170798",
    "Flavor and Extract Manufacturers' Association No. 2127",
    "Formyl polystyrene resin - 0.8-1.5 mmol/g",
    "GLYCOPYRRONIUM BROMIDE IMPURITY F (EP IMPURITY)",
    "GLYCOPYRRONIUM BROMIDE IMPURITY F [EP IMPURITY]",
    "HSDB 388",
    "HYDROUS BENZOYL PEROXIDE IMPURITY A (EP IMPURITY)",
    "HYDROUS BENZOYL PEROXIDE IMPURITY A [EP IMPURITY]",
    "InChI=1/C7H6O/c8-6-7-4-2-1-3-5-7/h1-6",
    "MFCD00003299",
    "NA 1989",
    "NCGC00091819-01",
    "NCGC00091819-02",
    "NCGC00091819-03",
    "NCGC00258188-01",
    "NCI-C56133",
    "NS00008510",
    "NSC 7917",
    "NSC-7917",
    "NSC7917",
    "PS-11959",
    "PhCHO",
    "Phenylformaldehyde",
    "Phenylmethanal",
    "Phenylmethanal benzenecarboxaldehyde",
    "Q372524",
    "SCHEMBL573",
    "SR-01000944375",
    "SR-01000944375-1",
    "STL194067",
    "TA269SD04T",
    "TRIBENOSIDE IMPURITY C (EP IMPURITY)",
    "TRIBENOSIDE IMPURITY C [EP IMPURITY]",
    "Tox21_113069",
    "Tox21_113244",
    "Tox21_200634",
    "UN1990",
    "UNII-TA269SD04T",
    "WLN: VHR",
    "benzaidehyde",
    "benzaldehvde",
    "benzaldehyd",
    "benzaldehyde",
    "benzaldehye",
    "benzaldeyde",
    "benzanoaldehyde",
    "benzenecarbaldehyde",
    "ghl.PD_Mitscher_leg0.170",
    "phenyl-methanone",
    "s5574"
  ],
  "CAS": [
    "100-52-7",
    "55279-75-9"
  ],
  "M": 106.12,
  "formula": "C7H6O",
  "SMILES": "C1=CC=C(C=C1)C=O",
  "InChi": "InChI=1S/C7H6O/c8-6-7-4-2-1-3-5-7/h1-6H",
  "InChiKey": "HUMNYLRZRPPJDN-UHFFFAOYSA-N",
  "logP": 1.5,
  "date": "2025-03-19"
}