{
  "CID": 222,
  "name": "azane",
  "synonyms": [
    "(NH3)",
    "02H - Nutrients and Others - Hard Water",
    "02S - Nutrients and Others - Soft Water",
    "10 - Nutrients",
    "17D - Ammonia, Phosphate and Nitrogen",
    "231-635-3",
    "2HP - Nutrients and Others in hard, potable (treated) water",
    "2SP - Nutrients and Others in soft, potable (treated) water",
    "37 - Ammonia",
    "5138Q19F1X",
    "60 - MCerts",
    "7664-41-7",
    "8007-57-6",
    "82168-61-4",
    "A1884",
    "A2038",
    "A2236",
    "A2237",
    "AKOS015916403",
    "AM-Fol",
    "AMMONIA (ANHYDROUS) (LIQUEFIED)",
    "AMMONIA (II)",
    "AMMONIA [II]",
    "AMMONIA [MI]",
    "AMMONIA [VANDF]",
    "AMMONIA [WHO-DD]",
    "AMMONIA, (ANHYDROUS)",
    "AMMONIA, ANHYDROUS, LIQUEFIED",
    "ANHYDROUS AMMONIA, LIQUEFIED",
    "Ammonia (8CI,9CI)",
    "Ammonia (anhydrous)",
    "Ammonia (conc 20% or greater)",
    "Ammonia 2%",
    "Ammonia 7M in Methanol",
    "Ammonia Inhalants",
    "Ammonia Pad",
    "Ammonia Standard: NH3 @ 10 microg/mL in H2O",
    "Ammonia Standard: NH3 @ 100 microg/mL in H2O",
    "Ammonia Standard: NH3 @ 1000 microg/mL in H2O",
    "Ammonia Standard: NH3 @ 10000 microg/mL in H2O",
    "Ammonia anhydrous",
    "Ammonia anhydrous 170g Lecture bottle",
    "Ammonia anhydrous, 99.98%",
    "Ammonia gas",
    "Ammonia inhalant",
    "Ammonia solution 1.0 M in isopropanol",
    "Ammonia water (JP15)",
    "Ammonia, 0.5M in THF",
    "Ammonia, 2M in methanol",
    "Ammonia, 7M in methanol",
    "Ammonia, anhydrous",
    "Ammonia, anhydrous, >=99.98%",
    "Ammonia, puriss., anhydrous, >=99.95%",
    "Ammonia,aromatic",
    "Ammonia; Ammonia solution concentrated",
    "AmmoniaSport RAW",
    "AmmoniaSport SQUEEZE",
    "Ammoniac [French]",
    "Ammoniaca",
    "Ammoniaca [Italian]",
    "Ammoniacum gummi",
    "Ammoniak",
    "Ammoniak Kconzentrierter",
    "Ammoniak [German]",
    "Ammoniakgas",
    "Ammoniale",
    "Ammonium causticum",
    "Amoniaco anhidro",
    "Amoniak",
    "Amoniak [Polish]",
    "Anhydrous ammonia",
    "Aqueous ammonia",
    "Aromatic Ammonia, Vaporole",
    "Aromatic ammonia vaporole",
    "C00014",
    "CCRIS 2278",
    "CHEBI:16134",
    "CHEMBL1160819",
    "CONTEST Group B Full",
    "CONTEST Group B Reduced",
    "CONTEST Group D",
    "CVS Health First Aid Outdoor Prep-Pack",
    "Caswell No. 041",
    "D02916",
    "DTXCID803872",
    "DTXSID0023872",
    "DTXSID40912315",
    "DTXSID801029786",
    "Dowex(R) 66 free base",
    "Dowex(R) Marathon(TM) WBA free base, free base",
    "EC 231-635-3",
    "EINECS 231-635-3",
    "EPA Pesticide Chemical Code 005302",
    "First Aid Only Ammonia Inhalants",
    "GO TIME",
    "HSDB 162",
    "IYQDUNKKQCFKJG-UHFFFAOYSA-N",
    "InChI=1/H3N/h1H",
    "Inhalant",
    "Liquid Ammonia",
    "MDFFNEOEWAXZRQ-UHFFFAOYSA-N",
    "MFCD00011418",
    "N H3",
    "NH(3)",
    "NH3",
    "NH3 as N: 1000microg/mL in H20",
    "NH4",
    "NS00013356",
    "Nitro-sil",
    "Q27110025",
    "Q4087",
    "Q4832241",
    "Q6004010",
    "R 717",
    "R 717 (ammonia)",
    "R-717",
    "Refrigerant gas 717",
    "Refrigerent R717",
    "S18 - MCerts",
    "StratoSpheres(TM) PL-AMS resin, 100-200 mesh, extent of labeling: 2.0 mmol/g loading, 1 % cross-linked",
    "StratoSpheres(TM) PL-AMS resin, 100-200 mesh, extent of labeling: ~1.0 mmol/g loading, 1 % cross-linked with divinylbenzene",
    "StratoSpheres(TM) PL-AMS resin, 30-40 mesh, extent of labeling: 2.0 mmol/g loading, 1 % cross-linked",
    "StratoSpheres(TM) PL-AMS resin, 50-100 mesh, extent of labeling: 2.0 mmol/g loading, 1 % cross-linked",
    "UCPKOFQHNMRORR-UHFFFAOYSA-N",
    "UFNYKIJQJNNVKS-UHFFFAOYSA-N",
    "UN1005",
    "UNII-5138Q19F1X",
    "USEPA/OPP Pesticide Code: 005302",
    "XBPJHBIOSSFGCU-UHFFFAOYSA-N",
    "ZBEYHISPVKPLHP-UHFFFAOYSA-N",
    "[NH3]",
    "ammonia",
    "ammonia ca",
    "ammoniac",
    "amoniaco",
    "anyhydrous ammonia",
    "azane",
    "primaeres Amin",
    "sekundaeres Amin",
    "tertiaeres Amin"
  ],
  "CAS": [
    "7664-41-7",
    "8007-57-6",
    "82168-61-4"
  ],
  "M": 17.031,
  "formula": "H3N",
  "SMILES": "N",
  "InChi": "InChI=1S/H3N/h1H3",
  "InChiKey": "QGZKDVFQNNGYKY-UHFFFAOYSA-N",
  "logP": -0.7,
  "date": "2025-03-19"
}