{
  "CID": 23284,
  "name": "[2,2,4-trimethyl-3-(2-methylpropanoyloxy)pentyl] 2-methylpropanoate",
  "synonyms": [
    "(+/-)-TRIMETHYL PENTANYL DIISOBUTYRATE",
    "1,3-Pentanediol, 2,2,4-trimethyl-, diisobutyrate",
    "1,3-Pentanediol, 2,2,4-trimethyl-, diisobutyrate (ester)",
    "1-Isopropyl-2,2-dimethyltrimethylene diisobutyrate",
    "1ST162829",
    "1ST162829-1000",
    "2,2,4-TRIMETHYLPENTANE-1,3-DIOL DIISOBUTYRATE",
    "2,2,4-Trimethyl-1,3-pentadienol diisobutyrate",
    "2,2,4-Trimethyl-1,3-pentandiyl-bis(2-methylpropanoat)",
    "2,2,4-Trimethyl-1,3-pentanediol diisobutyrate",
    "2,2,4-Trimethyl-1,3-pentanediol diisobutyrate Solution in Acetone, 1000?g/mL",
    "2,2,4-Trimethyl-1,3-pentanediol diisobutyrate Solution in Acetone, 1000mug/mL",
    "2,2,4-Trimethyl-1,3-pentanediol diisobutyrate, >=98.5%",
    "2,2,4-Trimethyl-1,3-pentanediol diisobutyrate, analytical standard",
    "2,2,4-Trimethyl-1,3-pentanediol ester",
    "2,2,4-Trimethylpentane-1,3-diylbis(2-methylpropanoate)",
    "2,2,4-Trimethylpentanediol-1,3-diisobutyrate",
    "2,2,4-trimethyl-1,3-pentanediol di(isopropylformate)",
    "2,2,4-trimethyl-1,3-pentanediyl diisobutyrate",
    "2,2,4-trimethylpentane-1,3-diyl bis(2-methylpropanoate)",
    "3-(Isobutyryloxy)-1-isopropyl-2,2-dimethylpropyl 2-methylpropanoate #",
    "4KZA479DWQ",
    "6846-50-0",
    "AKOS015900127",
    "BRN 1878083",
    "CAS-6846-50-0",
    "CHEBI:89871",
    "CHEMBL3183335",
    "CS-W012217",
    "DB-250801",
    "DTXCID307821",
    "DTXCID807635",
    "DTXSID1027635",
    "E82998",
    "EASTMAN TXIB",
    "EC 229-934-9",
    "EINECS 229-934-9",
    "HSDB 8097",
    "Isobutyric acid, 1-isopropyl-2,2-dimethyl trimethylene ester",
    "Isobutyric acid, 1-isopropyl-2,2-dimethyltrimethylene ester",
    "Kodaflex TX1B",
    "Kodaflex txib",
    "LS-14544",
    "MFCD00059267",
    "MSK162829",
    "MSK162829-1000",
    "NCGC00164194-01",
    "NCGC00164194-02",
    "NCGC00164194-03",
    "NCGC00254147-01",
    "NCGC00260003-01",
    "NS00010306",
    "Propanoic acid, 2-methyl-, 1,1'-(2,2-dimethyl-1-(1-methylethyl)-1,3-propanediyl) ester",
    "Propanoic acid, 2-methyl-, 1,1'-[2,2-dimethyl-1-(1-methylethyl)-1,3-propanediyl] ester",
    "Propanoic acid, 2-methyl-, 2,2-dimethyl-1-(1-methylethyl)-1,3-propanediyl ester",
    "Q27162056",
    "SCHEMBL43993",
    "T0997",
    "TEXANOL ISOBUTYRATE [MI]",
    "TMPD-DIB",
    "TRIMETHYL PENTANYL DIISOBUTYRATE",
    "TRIMETHYL PENTANYL DIISOBUTYRATE [INCI]",
    "TRIMETHYL PENTANYL DIISOBUTYRATE, (+/-)-",
    "TXIB",
    "Texanol Isobutyrate",
    "Tox21_202454",
    "Tox21_300316",
    "UNII-4KZA479DWQ",
    "[2,2,4-trimethyl-3-(2-methylpropanoyloxy)pentyl] 2-methylpropanoate",
    "isobutyric acid,1-isopropyl-2,2-dimethyltrimethylene ester",
    "trimethyl-1,3-pentanediol diisobutyrate"
  ],
  "CAS": [
    "6846-50-0"
  ],
  "M": 286.41,
  "formula": "C16H30O4",
  "SMILES": "CC(C)C(C(C)(C)COC(=O)C(C)C)OC(=O)C(C)C",
  "InChi": "InChI=1S/C16H30O4/c1-10(2)13(20-15(18)12(5)6)16(7,8)9-19-14(17)11(3)4/h10-13H,9H2,1-8H3",
  "InChiKey": "OMVSWZDEEGIJJI-UHFFFAOYSA-N",
  "logP": 4.7,
  "date": "2025-03-19"
}