{
  "CID": 2969,
  "name": "decanoic acid",
  "synonyms": [
    "(1(1)(3)C)Decanoic acid",
    "1-NONANE CARBOXYLIC ACID",
    "1-Nonanecarboxylic acid",
    "1-decanoic acid",
    "1-nonanecarboxylate",
    "206-376-4",
    "334-48-5",
    "4-02-00-01041 (Beilstein Handbook Reference)",
    "4G9EDB6V73",
    "98230577-0D20-4F70-B532-00AC60132CFE",
    "AI3-04453",
    "AKOS000119623",
    "AS-14704",
    "Acid C10",
    "BP-27911",
    "BRN 1754556",
    "C-1095",
    "C01571",
    "C10:0",
    "CAPRIC ACID",
    "CAPRIC ACID (CONSTITUENT OF SAW PALMETTO)",
    "CAPRIC ACID (CONSTITUENT OF SAW PALMETTO) [DSC]",
    "CAS-334-48-5",
    "CCRIS 4610",
    "CH3-(CH2)8-COOH",
    "CH3-[CH2]8-COOH",
    "CHEBI:30813",
    "CHEMBL107498",
    "CS-W016025",
    "Caprinic acid",
    "Caprynic acid",
    "D0017",
    "D70225",
    "DB03600",
    "DECANOIC ACID [FCC]",
    "DECANOIC ACID [FHFI]",
    "DECANOIC ACID [HSDB]",
    "DECANsaure (ALTSTOFF)",
    "DKA",
    "DTXCID201554",
    "DTXSID9021554",
    "Decanoic acid",
    "Decanoic acid (Capric acid)",
    "Decanoic acid (Standard)",
    "Decanoic acid (natural)",
    "Decanoic acid anion",
    "Decanoic acid, 96%",
    "Decanoic acid, >=98%, FCC, FG",
    "Decanoic acid, >=98.0%",
    "Decanoic acid, >=98.0% (GC)",
    "Decanoic acid, analytical standard",
    "Decanoic acid, lead (2+) salt",
    "Decanoic acid, natural, >=98%, FCC, FG",
    "Decansaeure",
    "Decansaeure (Altstoff)",
    "Decatoic acid",
    "Decoic acid",
    "Decylic acid",
    "Dekansaeure",
    "Docansaure",
    "EINECS 206-376-4",
    "EN300-19724",
    "EPA Pesticide Chemical Code 128955",
    "Econosan Acid Sanitizer",
    "Emery 659",
    "FA 10:0",
    "FA(10:0)",
    "FD01295",
    "FEMA No. 2364",
    "GTPL5532",
    "HMS2267B15",
    "HSDB 2751",
    "HY-W015309",
    "HY-W015309R",
    "Hexacid 1095",
    "IS_D19-DECANOIC ACID",
    "InChI=1/C10H20O2/c1-2-3-4-5-6-7-8-9-10(11)12/h2-9H2,1H3,(H,11,12",
    "Kaprinsaeure",
    "LMFA01010010",
    "Lead caprate",
    "Lunac 10-95",
    "Lunac 10-98",
    "MFCD00004441",
    "MLS002415724",
    "N-CAPRIC ACID [MI]",
    "N-CAPRIC ACID [WHO-DD]",
    "NAA 102",
    "NCGC00091320-01",
    "NCGC00091320-02",
    "NCGC00091320-03",
    "NCGC00091320-04",
    "NCGC00091320-05",
    "NCGC00254437-01",
    "NCGC00259758-01",
    "NS00005224",
    "NSC 5025",
    "NSC-5025",
    "NSC5025",
    "Nonane-1-carboxylic acid",
    "PALMAC-99-10",
    "PRIFAC-2906",
    "Prifac 2906",
    "Prifac 296",
    "Prifrac 2906",
    "Prifrac 296",
    "Q422613",
    "SCHEMBL2682",
    "SMR001252255",
    "STL445666",
    "SY061635",
    "Tox21_113533",
    "Tox21_202209",
    "Tox21_300366",
    "UNII-4G9EDB6V73",
    "USEPA/OPP Pesticide Code: 128955",
    "Versatic 10",
    "WLN: QV9",
    "Z104474944",
    "bmse000370",
    "caprinsaure",
    "caprynate",
    "decanoic acid",
    "decansaure",
    "decoate",
    "decylate",
    "fatty acid 10:0",
    "n-Capric acid",
    "n-Decanoic acid",
    "n-Decoic acid",
    "n-Decylic acid",
    "n-caprate",
    "n-decoate",
    "n-decylate",
    "nonanecarboxylic acid",
    "s6906"
  ],
  "CAS": [
    "334-48-5"
  ],
  "M": 172.26,
  "formula": "C10H20O2",
  "SMILES": "CCCCCCCCCC(=O)O",
  "InChi": "InChI=1S/C10H20O2/c1-2-3-4-5-6-7-8-9-10(11)12/h2-9H2,1H3,(H,11,12)",
  "InChiKey": "GHVNFZFCNZKVNT-UHFFFAOYSA-N",
  "logP": 4.1,
  "date": "2025-03-19"
}