{
  "CID": 24751,
  "name": "2-methyloxirane;oxirane",
  "synonyms": [
    "106392-12-5",
    "2-methyloxirane; oxirane",
    "2-methyloxirane;oxirane",
    "691397-13-4",
    "75H90000",
    "ADEKA PLURONIC F-108",
    "AKOS015912614",
    "BSP 5000",
    "Berol TVM 370",
    "Bloat Guard",
    "CHEBI:32026",
    "D01941",
    "D10680",
    "DA-76973",
    "DB11451",
    "Eban 710",
    "Emkalyx EP 64",
    "Emkalyx L 101",
    "Emkalyx L101",
    "Epan 485",
    "Epan 710",
    "Epan 750",
    "Epan 785",
    "Epon 420",
    "F-108",
    "Genapol PF 10",
    "Hydrowet",
    "Kolliphor p 188",
    "Kolliphor? P 188",
    "LG 56",
    "Laprol 1502",
    "Lutrol F (TN)",
    "M 90/20",
    "MEROXAPOL 108",
    "Magcyl",
    "Monolan 8000E80",
    "Monolan PB",
    "N 480",
    "NSC-63908",
    "NSC63908",
    "Newpol PE-88",
    "Niax 16-46",
    "Niax LG 56",
    "Nissan Pronon 201",
    "Nixolen SL 19",
    "Oligoether L-1502-2-30",
    "Oxirane, methyl-, polymer with oxiraneOTHER CA INDEX NAMES:Oxirane, polymer with methyloxirane",
    "PEG-PPG-PEG",
    "POLOXAMER",
    "PPG Diol 3000EO",
    "Plonon 201",
    "Plonon 204",
    "Pluracol V",
    "Pluriol PE",
    "Pluriol PE 6810",
    "Pluronic",
    "Pluronic 10R8",
    "Pluronic 31R2",
    "Pluronic C 121",
    "Pluronic F",
    "Pluronic F 108",
    "Pluronic F 125",
    "Pluronic F 127",
    "Pluronic F 38",
    "Pluronic F 68",
    "Pluronic F 68LF",
    "Pluronic F 87",
    "Pluronic F 88",
    "Pluronic F 98",
    "Pluronic F-68",
    "Pluronic F86",
    "Pluronic F87-A7850",
    "Pluronic L",
    "Pluronic L 101",
    "Pluronic L 121",
    "Pluronic L 122",
    "Pluronic L 24",
    "Pluronic L 31",
    "Pluronic L 35",
    "Pluronic L 44",
    "Pluronic L 61",
    "Pluronic L 62",
    "Pluronic L 64",
    "Pluronic L 68",
    "Pluronic L 92",
    "Pluronic L-101",
    "Pluronic L-81",
    "Pluronic L122",
    "Pluronic L44",
    "Pluronic P",
    "Pluronic P 104",
    "Pluronic P 75",
    "Pluronic P 85",
    "Pluronic P-65",
    "Pluronic P-75",
    "Pluronic l62(mw 2500)",
    "Pluronic l64(mw 2900)",
    "Pluronic-68",
    "Poloxalene",
    "Poloxalene L64",
    "Poloxalkol",
    "Poloxamer (NF)",
    "Poloxamer 108",
    "Poloxamer 182LF",
    "Poloxamer 188",
    "Poloxamer 331",
    "Poloxamer 407",
    "Proksanol",
    "Pronon 102",
    "Pronon 104",
    "Pronon 201",
    "Pronon 204",
    "Pronon 208",
    "Propylen M 12",
    "Propylene Oxide Ethylene Oxide",
    "Proxanol",
    "Proxanol 158",
    "Proxanol 228",
    "RC 102",
    "Regulaid",
    "Rokopol 16P",
    "Rokopol 30P",
    "Rokopol 30P9",
    "SCHEMBL11737",
    "SK & F 18,667",
    "SK&F 18,667",
    "Slovanik",
    "Slovanik 630",
    "Slovanik 660",
    "Supronic B 75",
    "Supronic E 400",
    "Synperonic PE 30/40",
    "TERGITOL(TM)XH(NONIONIC)",
    "TVM 370",
    "Tergitol XH",
    "Tergitol XH (nonionic)",
    "Tergitol monionic XH",
    "Teric PE 61",
    "Teric PE 62",
    "Teric PE40",
    "Teric PE60",
    "Teric PE70",
    "Thanol E 4003",
    "Therabloat",
    "TsL 431",
    "Unilube 50MB168X",
    "Unilube 50MB26X",
    "Velvetol OE 2NT1",
    "Vepoloxamer (USAN)",
    "Voranol P 2001",
    "WS 661",
    "Wyandotte 7135",
    "component of Casakol",
    "ethylene oxide propylene oxide",
    "oxirane-propylene oxide"
  ],
  "CAS": [
    "106392-12-5",
    "691397-13-4"
  ],
  "M": 102.13,
  "formula": "C5H10O2",
  "SMILES": "CC1CO1.C1CO1",
  "InChi": "InChI=1S/C3H6O.C2H4O/c1-3-2-4-3;1-2-3-1/h3H,2H2,1H3;1-2H2",
  "InChiKey": "RVGRUAULSDPKGF-UHFFFAOYSA-N",
  "logP": null,
  "date": "2025-03-19"
}