{
  "CID": 261,
  "name": "butanal",
  "synonyms": [
    "1-butanal",
    "1-butanone",
    "123-72-8",
    "204-646-6",
    "27789-14-6",
    "4-01-00-03229 (Beilstein Handbook Reference)",
    "AI3-24198",
    "AKOS000120429",
    "Aldehyde butyrique",
    "Aldehyde butyrique [French]",
    "Aldeide butirrica",
    "Aldeide butirrica [Italian]",
    "B0751",
    "BCP29795",
    "BRN 0506061",
    "BUTANAL   N-BUTYRALDEHYDE",
    "BUTYRALDEHYDE (USP-RS)",
    "BUTYRALDEHYDE [FCC]",
    "BUTYRALDEHYDE [FHFI]",
    "BUTYRALDEHYDE [HSDB]",
    "BUTYRALDEHYDE [MI]",
    "BUTYRALDEHYDE [USP-RS]",
    "Butal",
    "Butaldehyde",
    "Butalyde",
    "Butanal;1-Butanal",
    "Butanaldehyde",
    "Butirraldehido",
    "Butyl aldehyde",
    "Butylaldehyde",
    "Butyral",
    "Butyraldehyd",
    "Butyraldehyd [German]",
    "Butyraldehyde (crude)",
    "Butyraldehyde [UN1129]  [Flammable liquid]",
    "Butyraldehyde(CZECH",
    "Butyraldehyde, 99%",
    "Butyraldehyde, >=96.0%",
    "Butyraldehyde, >=99.0%, dry",
    "Butyraldehyde, United States Pharmacopeia (USP) Reference Standard",
    "Butyraldehyde, analytical standard, contains ~0.1% 2,6-di-tert-butyl-4-methylphenol and ~1% water as stabilizer",
    "Butyraldehyde, natural, FG",
    "Butyraldehyde, purified by redistillation, >=99.5%",
    "Butyric aldehyde",
    "Butyrylaldehyde",
    "C01412",
    "CAS-123-72-8",
    "CCRIS 3221",
    "CHEBI:15743",
    "CHEMBL1478334",
    "DTXCID601513",
    "DTXSID8021513",
    "EC 204-646-6",
    "EINECS 204-646-6",
    "EN300-18029",
    "F2190-0595",
    "FB168676",
    "FEMA NO. 2219",
    "FEMA Number 2219",
    "H21352682A",
    "HSDB 2798",
    "InChI=1/C4H8O/c1-2-3-4-5/h4H,2-3H2,1H",
    "MFCD00007023",
    "NCGC00091658-01",
    "NCGC00260040-01",
    "NCI-C56291",
    "NS00007479",
    "NSC 62779",
    "NSC-62779",
    "NSC62779",
    "Pesticide Code: 202500",
    "Q410603",
    "STL281871",
    "Tox21_202491",
    "UN 1129",
    "UN1129",
    "UNII-H21352682A",
    "WLN: VH3",
    "bmse000972",
    "butan-1-al",
    "butanal",
    "butyr-aldehyde",
    "butyraldehyde",
    "n -butyraldehyde",
    "n- butanal",
    "n-Butanal",
    "n-Butyl aldehyde",
    "n-Butylaldehyde",
    "n-C3H7CHO",
    "n-butyraldehyde",
    "n-butyric aldehyde"
  ],
  "CAS": [
    "123-72-8",
    "27789-14-6"
  ],
  "M": 72.11,
  "formula": "C4H8O",
  "SMILES": "CCCC=O",
  "InChi": "InChI=1S/C4H8O/c1-2-3-4-5/h4H,2-3H2,1H3",
  "InChiKey": "ZTQSAGDEMFDKMZ-UHFFFAOYSA-N",
  "logP": 0.9,
  "date": "2025-03-19"
}