{
  "CID": 20067313,
  "name": "(2,4-difluorophenyl)-(4-fluorophenyl)methanone",
  "synonyms": [
    "(2,4-difluorophenyl)(4-fluorophenyl)methanone",
    "(2,4-difluorophenyl)-(4-fluorophenyl)methanone",
    "2,4,4'-Trifluorobenzophenone",
    "80512-44-3",
    "813-638-7",
    "D38JC45754",
    "DTXSID001019779",
    "Methanone, (2,4-difluorophenyl)(4-fluorophenyl)-",
    "Q27276039",
    "SCHEMBL8609990",
    "UNII-D38JC45754"
  ],
  "CAS": [
    "80512-44-3"
  ],
  "M": 236.19,
  "formula": "C13H7F3O",
  "SMILES": "C1=CC(=CC=C1C(=O)C2=C(C=C(C=C2)F)F)F",
  "InChi": "InChI=1S/C13H7F3O/c14-9-3-1-8(2-4-9)13(17)11-6-5-10(15)7-12(11)16/h1-7H",
  "InChiKey": "IMMOAYTWCPNYML-UHFFFAOYSA-N",
  "logP": 3.4,
  "date": "2025-03-19"
}