{
  "CID": 24847857,
  "name": "5-[6-[[3,4-dihydroxy-6-(hydroxymethyl)-5-methoxyoxan-2-yl]oxymethyl]-5-[3-(2,3-dihydroxy-2-methylpropoxy)-4-hydroxy-6-(hydroxymethyl)-5-methoxyoxan-2-yl]oxy-3,4-dihydroxyoxan-2-yl]oxy-6-(hydroxymethyl)-2-methyloxane-3,4-diol",
  "synonyms": [
    "102511-23-9",
    "2-O-(2,3-Dihydroxy-2-methylpropyl)-4-O-methylhexopyranosyl-(1->4)-[4-O-methylhexopyranosyl-(1->6)]hexopyranosyl-(1->5)-2,6-anhydro-1-deoxyheptitol",
    "5-[6-[[3,4-dihydroxy-6-(hydroxymethyl)-5-methoxyoxan-2-yl]oxymethyl]-5-[3-(2,3-dihydroxy-2-methylpropoxy)-4-hydroxy-6-(hydroxymethyl)-5-methoxyoxan-2-yl]oxy-3,4-dihydroxyoxan-2-yl]oxy-6-(hydroxymethyl)-2-methyloxane-3,4-diol",
    "9049-76-7",
    "DTXSID70907658",
    "Hydroxypropyl starch ether pound HPS pound(c)",
    "VYIPQJQYDCRXMM-UHFFFAOYSA-N"
  ],
  "CAS": [
    "102511-23-9",
    "9049-76-7"
  ],
  "M": 780.8,
  "formula": "C31H56O22",
  "SMILES": "CC1C(C(C(C(O1)CO)OC2C(C(C(C(O2)COC3C(C(C(C(O3)CO)OC)O)O)OC4C(C(C(C(O4)CO)OC)O)OCC(C)(CO)O)O)O)O)O",
  "InChi": "InChI=1S/C31H56O22/c1-11-16(36)17(37)25(14(7-34)48-11)52-29-21(41)19(39)26(15(51-29)8-46-28-20(40)18(38)23(44-3)12(5-32)49-28)53-30-27(47-10-31(2,43)9-35)22(42)24(45-4)13(6-33)50-30/h11-30,32-43H,5-10H2,1-4H3",
  "InChiKey": "VYIPQJQYDCRXMM-UHFFFAOYSA-N",
  "logP": -8.1,
  "date": "2025-03-19"
}