{
  "CID": 3020991,
  "name": "bis(2-methyldecyl) benzene-1,2-dicarboxylate",
  "synonyms": [
    "85851-83-8",
    "Bis(2-methyldecyl) phthalate",
    "Bis-(2-methyldecyl)phthalate",
    "DTXSID901006426",
    "EINECS 288-643-5",
    "KROXVIOWGRNMQS-UHFFFAOYSA-N",
    "NS00066388",
    "bis(2-methyldecyl) benzene-1,2-dicarboxylate"
  ],
  "CAS": [
    "85851-83-8"
  ],
  "M": 474.7,
  "formula": "C30H50O4",
  "SMILES": "CCCCCCCCC(C)COC(=O)C1=CC=CC=C1C(=O)OCC(C)CCCCCCCC",
  "InChi": "InChI=1S/C30H50O4/c1-5-7-9-11-13-15-19-25(3)23-33-29(31)27-21-17-18-22-28(27)30(32)34-24-26(4)20-16-14-12-10-8-6-2/h17-18,21-22,25-26H,5-16,19-20,23-24H2,1-4H3",
  "InChiKey": "KROXVIOWGRNMQS-UHFFFAOYSA-N",
  "logP": 11.3,
  "date": "2025-03-19"
}