{
  "CID": 3033877,
  "name": "2,3-dihydroxypropyl octanoate",
  "synonyms": [
    "(+-)-1-octanoylglycerol",
    "(+-)-2,3-dihydroxypropyl octanoate",
    "(+-)-glyceryl octanoate",
    "(RS)-1-octanoylglycerol",
    "(RS)-2,3-dihydroxypropyl octanoate",
    "(RS)-glyceryl octanoate",
    "1-Monocaprylin",
    "1-Monocapryloyl-rac-glycerol",
    "1-Monooctanoin",
    "1-Monooctanoyl Glycerol",
    "1-Monooctanoylglycerol",
    "1-Octanoyl-rac-glycerol",
    "1-Octanoyl-rac-glycerol, >=99%",
    "1-octanoylglycerol",
    "159182-10-2",
    "19670-49-6",
    "2,3-dihydroxypropyl octanoate",
    "26402-26-6",
    "502-54-5",
    "AKOS015911480",
    "BP-29898",
    "BRD-A48938994-001-14-1",
    "BRD-A48938994-001-15-8",
    "CAS-26402-26-6",
    "CAS-502-54-5",
    "CHEBI:84309",
    "CHEBI:85241",
    "CHEMBL1570482",
    "CS-W013160",
    "Capmul",
    "Capmul MCM-C 8",
    "Caprylic acid alpha-monoglyceride",
    "Caprylic acid monoglyceride",
    "DA-75668",
    "DB-114284",
    "DB-298849",
    "DB06801",
    "DL-1-Monooctanoin",
    "DSSTox_CID_22006",
    "DSSTox_GSID_42006",
    "DSSTox_RID_79900",
    "DTXCID6022006",
    "DTXSID6048383",
    "EINECS 247-668-1",
    "F17078",
    "FG153347",
    "FM39115",
    "GLYCEROL 1-OCTANOATE",
    "GLYCEROL 1-OCTANOATE [MI]",
    "Glycerin monocaprylate",
    "Glycerol alpha-Monooctanoate",
    "Glycerol monocaprylate",
    "Glyceryl 1-Monooctanoate",
    "Glyceryl 1-caprylate",
    "Glyceryl caprylate",
    "Glyceryl monocaprylate",
    "Glyceryl monocaprylate;2,3-Dihydroxypropyl octanoate",
    "Glyceryl monooctanoate",
    "Glyceryl-1-caprylate",
    "HMS2234B09",
    "HY-W012444",
    "Imwitor 308",
    "LS-14027",
    "M1071",
    "MAG 8:0",
    "MCF579Z59B",
    "MFCD00056652",
    "MG 8:0",
    "MLS000028614",
    "MOCTANIN",
    "MONOCTANOIN COMPONENT A",
    "Monocaprylin",
    "Monoctanoin",
    "Monooctanoin",
    "NCGC00166144-01",
    "NCGC00166144-02",
    "NCGC00166144-03",
    "NCGC00255840-01",
    "NS00013690",
    "OCTANOIC ACID 2,3-DIHYDROXYPROPYL ESTER",
    "Octanoic Acid 1-Monoglyceride",
    "Octanoic acid, 2,3-dihydroxypropyl ester",
    "Octanoic acid, 2,3-dihydroxypropyl ester, (+/-)-",
    "Octanoic acid, 2,3-dihydroxypropyl ester, (A+/-)-",
    "Octanoic acid, monoester with glycerol",
    "Octanoin, mono-",
    "Opera_ID_860",
    "Poem M 100",
    "Q6901490",
    "SBI-0654114.0001",
    "SCHEMBL119681",
    "SMR000058702",
    "Sunsoft 700P",
    "Sunsoft 700p2",
    "TM2TZD4G4A",
    "Tox21_112338",
    "Tox21_112338_1",
    "Tox21_301535",
    "UNII-MCF579Z59B",
    "UNII-TM2TZD4G4A",
    "Z1509641988",
    "alpha-Monocaprylin",
    "glycerol-1-monooctanoate",
    "glyceryl octanoate",
    "rac-1-monooctanoylglycerol",
    "rac-1-octanoylglycerol",
    "rac-2,3-dihydroxypropyl octanoate",
    "rac-glyceryl octanoate",
    "s3499"
  ],
  "CAS": [
    "159182-10-2",
    "19670-49-6",
    "26402-26-6",
    "502-54-5"
  ],
  "M": 218.29,
  "formula": "C11H22O4",
  "SMILES": "CCCCCCCC(=O)OCC(CO)O",
  "InChi": "InChI=1S/C11H22O4/c1-2-3-4-5-6-7-11(14)15-9-10(13)8-12/h10,12-13H,2-9H2,1H3",
  "InChiKey": "GHBFNMLVSPCDGN-UHFFFAOYSA-N",
  "logP": 2.0,
  "date": "2025-03-19"
}