{
  "CID": 3020106,
  "name": "bis(2-ethylhexyl) cyclohexane-1,4-dicarboxylate",
  "synonyms": [
    "283-829-2",
    "84731-70-4",
    "BIS(2-ETHYLHEXYL)CYCLOHEXANE-1,4-DICARBOXYLATE",
    "Bis(2-ethylhexyl) cyclohexane-1,4-dicarboxylate",
    "DTXCID001431923",
    "DTXSID001005033",
    "Di(2-ethylhexyl)cyclohexane-1,4-dicarboxylate",
    "EC 283-829-2",
    "EINECS 283-829-2",
    "G77136",
    "NS00005922",
    "SCHEMBL1296760",
    "SCHEMBL23654829",
    "bis(2-ethylhexyl) cyclohexane-1,4-dicarboxylate",
    "di(2-ethylhexyl)cyclohexan-1,4-dicarboxylate"
  ],
  "CAS": [
    "84731-70-4"
  ],
  "M": 396.6,
  "formula": "C24H44O4",
  "SMILES": "CCCCC(CC)COC(=O)C1CCC(CC1)C(=O)OCC(CC)CCCC",
  "InChi": "InChI=1S/C24H44O4/c1-5-9-11-19(7-3)17-27-23(25)21-13-15-22(16-14-21)24(26)28-18-20(8-4)12-10-6-2/h19-22H,5-18H2,1-4H3",
  "InChiKey": "HOQGHOMLEVKTBY-UHFFFAOYSA-N",
  "logP": 7.4,
  "date": "2025-03-19"
}