{
  "CID": 3026,
  "name": "dibutyl benzene-1,2-dicarboxylate",
  "synonyms": [
    "1,2 Benzenedicarboxylic acid, bis(n-butyl) ester",
    "1,2 Benzenedicarboxylic acid, di-n-butyl ester",
    "1,2-Benzenedicarboxylic acid dibutyl ester",
    "1,2-Benzenedicarboxylic acid, 1,2-dibutyl ester",
    "1,2-Benzenedicarboxylic acid, dibutyl ester",
    "1,2-dibutyl benzene-1,2-dicarboxylate",
    "1ST1114",
    "1ST1114-1000",
    "201-557-4",
    "2286E5R2KE",
    "84-74-2",
    "AI-3-00283",
    "AKOS005720807",
    "Araldite 502",
    "BBL011532",
    "BCP24796",
    "BDBM50371946",
    "BIDD:ER0641",
    "BRD-K73477617-001-01-0",
    "BRD-K73477617-001-04-4",
    "BRD-K73477617-001-08-5",
    "BRN 1914064",
    "BSPBio_002547",
    "BUTYL PHTHALATE [WHO-DD]",
    "Benzene-o-dicarboxylic acid di-n-butyl ester",
    "Benzene-o-dicarboxylic acid, di-n-butyl ester",
    "Benzenedicarboxylic acid dibutyl ester",
    "Benzenedicarboxylic acid, dibutyl ester",
    "Benzol-1,2-dicarbonsauredibutylester",
    "Bis-N-butyl phthalate",
    "Bisoflex DBP",
    "Bufa",
    "Butyl phthalate",
    "CAS-84-74-2",
    "CCG-230933",
    "CCRIS 2676",
    "CHEBI:34687",
    "CHEMBL272485",
    "CS-0013564",
    "Caswell No. 292",
    "Celluflex DPB",
    "Corflex 440",
    "DB13716",
    "DBP (ester)",
    "DIBUTYL PHTHALATE (EP MONOGRAPH)",
    "DIBUTYL PHTHALATE (II)",
    "DIBUTYL PHTHALATE (MART.)",
    "DIBUTYL PHTHALATE (USP-RS)",
    "DIBUTYL PHTHALATE [EP MONOGRAPH]",
    "DIBUTYL PHTHALATE [HSDB]",
    "DIBUTYL PHTHALATE [II]",
    "DIBUTYL PHTHALATE [MART.]",
    "DIBUTYL PHTHALATE [MI]",
    "DIBUTYL PHTHALATE [USP-RS]",
    "DIBUTYLPHTHALATE",
    "DTXCID301781",
    "DTXSID2021781",
    "Di n Butyl Phthalate",
    "Di(1-butyl) phthalate",
    "Di(n-butyl) 1,2-benzenedicarboxylate",
    "Di-n-butyl phthalate",
    "Di-n-butylester kyseliny ftalove",
    "Di-n-butylester kyseliny ftalove [Czech]",
    "Di-n-butylorthophthalate",
    "Dibutyl 1, 2-benzenedicarboxylate",
    "Dibutyl 1,2-benzene-dicarboxylate",
    "Dibutyl 1,2-benzenedicarboxylate",
    "Dibutyl Phthalate, Pharmaceutical Secondary Standard; Certified Reference Material",
    "Dibutyl ester of 1,2-benzenedicarboxylic acid",
    "Dibutyl o-phthalate",
    "Dibutyl phthalate (Standard)",
    "Dibutyl phthalate Solution in Hexane, 1000?g/mL",
    "Dibutyl phthalate Solution in Hexane, 1000mug/mL",
    "Dibutyl phthalate [NF]",
    "Dibutyl phthalate, 99%",
    "Dibutyl phthalate, >=99%",
    "Dibutyl phthalate, AR, >=99%",
    "Dibutyl phthalate, European Pharmacopoeia (EP) Reference Standard",
    "Dibutyl phthalate, LR, >=98%",
    "Dibutyl phthalate, PESTANAL(R), analytical standard",
    "Dibutyl phthalate, SAJ special grade, >=98.0%",
    "Dibutyl phthalate, Selectophore(TM)",
    "Dibutyl phthalate, United States Pharmacopeia (USP) Reference Standard",
    "Dibutyl phthalate, certified reference material, TraceCERT(R)",
    "Dibutyl-1,2-benzene-dicarboxylate",
    "Dibutyl-1,2-benzenedicarboxylate",
    "Dibutyl-o-phthalate",
    "Dibutyll phthalate",
    "Dibutylphthatlate",
    "DivK1c_006724",
    "EC 201-557-4",
    "EINECS 201-557-4",
    "EN300-77394",
    "EPA Pesticide Chemical Code 028001",
    "Elaol",
    "Epitope ID:138714",
    "Ergoplast FDB",
    "Ergoplast FOB",
    "Ersoplast FDA",
    "Ersoplast FDA.",
    "F0001-2134",
    "Ftalato di n-butanolo",
    "GTPL6295",
    "Genoplast B",
    "HMS2091E09",
    "HMS3041E18",
    "HSDB 922",
    "HY-Y0304",
    "HY-Y0304R",
    "Hatco dbp",
    "Hatcol DBP",
    "Hatcp DBP",
    "Hexaplas M/B",
    "Induflex DBP",
    "KBio1_001668",
    "KBio2_002532",
    "KBio2_005100",
    "KBio2_007668",
    "KBio3_002047",
    "KBioGR_001267",
    "KBioSS_002541",
    "Kodaflex DBP",
    "MFCD00009441",
    "MLS002177802",
    "MSK1114",
    "MSK1114-1000",
    "Mollan B",
    "Monocizer dbp",
    "Morflex 240",
    "N-Butylphthalate",
    "NCGC00090769-01",
    "NCGC00090769-02",
    "NCGC00090769-03",
    "NCGC00090769-04",
    "NCGC00090769-05",
    "NCGC00090769-06",
    "NCGC00090769-07",
    "NCGC00090769-08",
    "NCGC00090769-09",
    "NCGC00254882-01",
    "NCGC00259278-01",
    "NS00010095",
    "NSC 6370",
    "NSC-6370",
    "NSC-755894",
    "NSC6370",
    "NSC755894",
    "P0292",
    "PX 104",
    "Palatinol C",
    "Palatinol DBP",
    "Pharmakon1600-00330086",
    "Phthalate, Butyl",
    "Phthalate, Dibutyl",
    "Phthalate, di-n-butyl",
    "Phthalate, dibutyl-",
    "Phthalic acid di-n-butyl ester",
    "Phthalic acid dibutyl ester",
    "Phthalic acid, bis-butyl ester",
    "Phthalic acid, dibutyl ester",
    "Phthalsaeure dibutylester",
    "Plasthall dbp",
    "Q415612",
    "R!C. PLASTICIZER DBP",
    "RAPIDCELLtrade markP",
    "RC Plasticizer DBP",
    "RCRA waste no. U069",
    "RCRA waste number U069",
    "Ruifeng vp 201",
    "S5377",
    "SBI-0052568.P002",
    "SCHEMBL24051",
    "SMR000777923",
    "SPECTRUM330086",
    "SR-05000001549",
    "SR-05000001549-1",
    "SR-05000001549-3",
    "STL146650",
    "Sicol 140",
    "SpecPlus_000628",
    "Spectrum3_000874",
    "Spectrum4_000714",
    "Spectrum5_002068",
    "Spectrum_001975",
    "Staflex DBP",
    "Synolate MD",
    "Tox21_201729",
    "Tox21_300980",
    "UNII-2286E5R2KE",
    "USEPA/OPP Pesticide Code: 028001",
    "Uniflex DBP",
    "Unimoll DB",
    "Uniplex 150",
    "Vestinol c",
    "Vp-201",
    "WITICIZER 300",
    "WLN: 4OVR BVO2",
    "Witcizer 300",
    "Yh-1bd2",
    "Z277540112",
    "di-n-butyl phthalate (DBuP)",
    "dibutyl benzene-1,2-dicarboxylate",
    "dibutyl phthalate",
    "dibutyl phthalate (DBP)",
    "dibutyl-phthalate",
    "n-Butyl phthalate",
    "nutyl phthalate",
    "o-Benzenedicarboxylic acid dibutyl ester",
    "o-Benzenedicarboxylic acid, dibutyl ester",
    "ortho-Dibutyl phthalate",
    "phthalsauredibutylester"
  ],
  "CAS": [
    "84-74-2"
  ],
  "M": 278.34,
  "formula": "C16H22O4",
  "SMILES": "CCCCOC(=O)C1=CC=CC=C1C(=O)OCCCC",
  "InChi": "InChI=1S/C16H22O4/c1-3-5-11-19-15(17)13-9-7-8-10-14(13)16(18)20-12-6-4-2/h7-10H,3-6,11-12H2,1-2H3",
  "InChiKey": "DOIRQSBPFJWKBE-UHFFFAOYSA-N",
  "logP": 4.7,
  "date": "2025-03-19"
}