{
  "CID": 31289,
  "name": "nonanal",
  "synonyms": [
    "1-Nonaldehyde",
    "1-Nonanal",
    "1-Nonyl aldehyde",
    "124-19-6",
    "204-688-5",
    "2L2WBY9K6T",
    "4-01-00-03352 (Beilstein Handbook Reference)",
    "AI3-04859",
    "AKOS009158987",
    "Aldehyde C-9",
    "Aldehyde C9",
    "Aldehyde C9, Nonyl aldehyde, Pelargonaldehyde",
    "BP-31179",
    "BRN 1236701",
    "C-9 aldehyde",
    "C9 ALDEHYDE",
    "C9-11 Aldehydes",
    "C9-11-Aldehydes",
    "CAS-124-19-6",
    "CCRIS 664",
    "CHEBI:84268",
    "CHEMBL2228376",
    "CS-0138979",
    "DA-66171",
    "DB-041769",
    "DTXCID801639",
    "DTXSID9021639",
    "EC 204-688-5",
    "EINECS 204-688-5",
    "EINECS 278-296-8",
    "EN300-135251",
    "FEMA No. 2782",
    "FN10888",
    "FS-3913",
    "HSDB 7229",
    "HY-N8016",
    "HY-N8016R",
    "LMFA06000040",
    "MFCD00007030",
    "N-NONANAL [FHFI]",
    "N0296",
    "NCGC00257442-01",
    "NCI-C61018",
    "NONANAL",
    "NONANAL [FCC]",
    "NONANAL [HSDB]",
    "NONYL ALDEHYDE,N-",
    "NS00008804",
    "NSC 5518",
    "NSC-5518",
    "NSC5518",
    "Nonaldehyde",
    "Nonanal (Standard)",
    "Nonanal, 95%",
    "Nonanal, >=95%, FCC",
    "Nonanal, analytical standard",
    "Nonanal, natural, >=98%, FG",
    "Nonanaldehyde",
    "Nonanoic aldehyde",
    "Nonoic aldehyde",
    "Nonyl aldehyde",
    "Nonyl aldehyde, n-",
    "Nonylaldehyde",
    "Nonylic aldehyde",
    "Pelargonaldehyde",
    "Pelargonic aldehyde",
    "Q419668",
    "QSPL 015",
    "RIC55236",
    "SCHEMBL22860",
    "SCHEMBL8876408",
    "SY016777",
    "Tox21_303603",
    "UNII-2L2WBY9K6T",
    "WLN: VH8",
    "n-NONYL ALDEHYDE",
    "n-Nonaldehyde",
    "n-Nonan-1-al",
    "n-Nonanal",
    "n-Nonylaldehyde",
    "non-aldehyde",
    "nonanal"
  ],
  "CAS": [
    "124-19-6"
  ],
  "M": 142.24,
  "formula": "C9H18O",
  "SMILES": "CCCCCCCCC=O",
  "InChi": "InChI=1S/C9H18O/c1-2-3-4-5-6-7-8-9-10/h9H,2-8H2,1H3",
  "InChiKey": "GYHFUZHODSMOHU-UHFFFAOYSA-N",
  "logP": 3.3,
  "date": "2025-03-19"
}