{
  "CID": 31272,
  "name": "butyl acetate",
  "synonyms": [
    "1-Butanol, acetate",
    "1-Butyl acetate",
    "1-Butylacetate",
    "1-acetoxybutane",
    "123-86-4",
    "1Butyl acetate",
    "204-658-1",
    "4-02-00-00143 (Beilstein Handbook Reference)",
    "464P5N1905",
    "8JZ",
    "A0024",
    "A0228",
    "A805161",
    "ACETIC ACID,BUTYL ESTER",
    "AI3-00406",
    "AKOS000120198",
    "AcOBu",
    "Acetate de butyle",
    "Acetate de butyle [French]",
    "Acetic Acid Butyl Ester",
    "Acetic acid n-butyl ester",
    "Acetic acid nbutyl ester",
    "Acetic acid, butyl ester",
    "Acetic acid, n-butyl ester",
    "BRN 1741921",
    "BUTYL ACETATE (MART.)",
    "BUTYL ACETATE (N)",
    "BUTYL ACETATE (USP-RS)",
    "BUTYL ACETATE [FCC]",
    "BUTYL ACETATE [FHFI]",
    "BUTYL ACETATE [INCI]",
    "BUTYL ACETATE [MART.]",
    "BUTYL ACETATE [USP-RS]",
    "BUTYL ESTER ACETIC ACID",
    "BuOAc",
    "Butile (acetati di)",
    "Butile (acetati di) [Italian]",
    "Butile(acetati di)",
    "Butyl acetate",
    "Butyl acetate (OSHA)",
    "Butyl acetate, >=99%, FCC, FG",
    "Butyl acetate, >=99.5%, suitable for atomic absorption spectrometry",
    "Butyl acetate, ACS reagent, >=99.5%",
    "Butyl acetate, AR, 99.5%",
    "Butyl acetate, JIS special grade, >=99.0%",
    "Butyl acetate, LR, >=98%",
    "Butyl acetate, Pharmaceutical Secondary Standard; Certified Reference Material",
    "Butyl acetate, ReagentPlus(R), 99.5%",
    "Butyl acetate, SAJ first grade, >=98.0%",
    "Butyl acetate, United States Pharmacopeia (USP) Reference Standard",
    "Butyl acetate, ampule of 100 mg",
    "Butyl acetate, analytical standard",
    "Butyl acetate, anhydrous, >=99%",
    "Butyl acetate, for HPLC, 99.7%",
    "Butyl acetate, n-",
    "Butyl acetate, natural, >=98%, FG",
    "Butyl ester of acetic acid",
    "Butyl ester, acetic acid",
    "Butyl ethanoate",
    "Butylacetat",
    "Butylacetat [German]",
    "Butylacetaten",
    "Butylacetaten [Dutch]",
    "Butylazetat",
    "Butyle (acetate de)",
    "Butyle (acetate de) [French]",
    "Butyle(acetate de)",
    "Butylester kyseliny octove",
    "Butylester kyseliny octove [Czech]",
    "CAS-123-86-4",
    "CCRIS 2287",
    "CH3COO(CH2)3CH3",
    "CHEBI:31328",
    "CHEMBL284391",
    "DTXCID101982",
    "DTXSID3021982",
    "EC 204-658-1",
    "EINECS 204-658-1",
    "EN300-21265",
    "Essigsaeure-n-butylester",
    "Essigsaeurebutylester",
    "F0001-0371",
    "FEMA NO. 2174",
    "FEMA NUMBER 2174",
    "HSDB 152",
    "MFCD00009445",
    "N-BUTYL ACETATE",
    "N-BUTYL ACETATE [HSDB]",
    "N-BUTYL ACETATE [MI]",
    "NCGC00091573-01",
    "NCGC00091573-02",
    "NCGC00258605-01",
    "NS00009199",
    "NSC 9298",
    "NSC-9298",
    "NSC9298",
    "Octan n-butylu",
    "Octan n-butylu [Polish]",
    "Octan nbutylu",
    "Q411073",
    "SCHEMBL14969",
    "STL282735",
    "TRIBUTYL ACETYLCITRATE IMPURITY E (EP IMPURITY)",
    "TRIBUTYL ACETYLCITRATE IMPURITY E [EP IMPURITY]",
    "Tox21_201052",
    "UNII-464P5N1905",
    "WLN: 4OV1",
    "butyl acetate",
    "n-BuOAc",
    "n-Butyl acetate (ACGIH:OSHA)",
    "n-Butyl acetate (natural)",
    "n-Butyl acetate Biochemical grade",
    "n-Butyl acetate [UN1123]  [Flammable liquid]",
    "n-Butyl acetate, ACS reagent",
    "n-Butyl acetate, HPLC Grade",
    "n-Butyl acetate, Semiconductor Grade",
    "n-Butyl acetate, analytical standard",
    "n-Butyl ethanoate",
    "n-Butylacetate",
    "n-Butylacetate 100 microg/mL in Acetonitrile",
    "nBuOAc",
    "nButyl acetate",
    "nButyl acetate (natural)",
    "nButyl ethanoate",
    "normal-butyl acetate"
  ],
  "CAS": [
    "123-86-4"
  ],
  "M": 116.16,
  "formula": "C6H12O2",
  "SMILES": "CCCCOC(=O)C",
  "InChi": "InChI=1S/C6H12O2/c1-3-4-5-8-6(2)7/h3-5H2,1-2H3",
  "InChiKey": "DKPFZGUDAPQIHT-UHFFFAOYSA-N",
  "logP": 1.8,
  "date": "2025-03-19"
}