{
  "CID": 342,
  "name": "3-methylphenol",
  "synonyms": [
    "1-Methyl-3-hydroxybenzene",
    "1-hydroxy-3-methylbenzene",
    "108-39-4",
    "1Hydroxy3methylbenzene",
    "1Methyl3hydroxybenzene",
    "2-TERT-BUTYL-5-METHYL PHENO",
    "3-Methylphenol 100 microg/mL in Methanol",
    "3-Methylphenol, analytical standard",
    "3-cresol",
    "3-hydroxytoluene",
    "3-methyl phenol",
    "3-methyl-1-hydroxybenzene",
    "3-methyl-phenol",
    "3-methylphenol",
    "3Hydroxytoluene",
    "3Methyl1hydroxybenzene",
    "3cresol",
    "3methylphenol",
    "A801870",
    "AC-14350",
    "AI3-00136",
    "AKOS000119006",
    "AMYLMETACRESOL IMPURITY B (EP IMPURITY)",
    "AMYLMETACRESOL IMPURITY B [EP IMPURITY]",
    "BDBM50008548",
    "BRD-K22518984-001-01-8",
    "BS-23591",
    "C01467",
    "CAS-108-39-4",
    "CCG-230271",
    "CCRIS 645",
    "CHEBI:17231",
    "CHEMBL298312",
    "CRESOL (META)",
    "CRESOL, META",
    "CRS",
    "Caswell No. 261A",
    "Celcure Dry Mix (chemicals for wood preserving)",
    "Cresol, m",
    "Cresol, m-",
    "Cresol, m-isomer",
    "Cresol, misomer",
    "Cresol,m-",
    "D04951",
    "DB01776",
    "DTXCID804200",
    "DTXSID00165845",
    "DTXSID10194060",
    "DTXSID6024200",
    "EC 203-577-9",
    "EINECS 203-577-9",
    "EN300-19428",
    "EPA Pesticide Chemical Code 022102",
    "F0001-0167",
    "FEMA No. 3530",
    "Flavor and Extract Manufacturers' Association Number 3530",
    "Franklin Cresolis",
    "GGO4Y809LO",
    "HSDB 1815",
    "Hydroxy3methylbenzene",
    "M-CRESOL [INCI]",
    "M-CRESOL [WHO-DD]",
    "M-KRESOL (GERMAN)",
    "METACRESOL (EP IMPURITY)",
    "METACRESOL (EP MONOGRAPH)",
    "METACRESOL (II)",
    "METACRESOL (USP IMPURITY)",
    "METACRESOL (USP MONOGRAPH)",
    "METACRESOL (USP-RS)",
    "METACRESOL [EP IMPURITY]",
    "METACRESOL [EP MONOGRAPH]",
    "METACRESOL [HSDB]",
    "METACRESOL [II]",
    "METACRESOL [USP IMPURITY]",
    "METACRESOL [USP MONOGRAPH]",
    "METACRESOL [USP-RS]",
    "MFCD00002302",
    "MPCRE)",
    "Metacresol",
    "Metacresol (3-Methylphenol)",
    "Metacresol (USP)",
    "Metacresol (USP:BAN)",
    "Metacresol [USP:BAN]",
    "Metacresol, United States Pharmacopeia (USP) Reference Standard",
    "Metacresol; 3-Methylphenol; Amylmetacresol Impurity B",
    "Mixture of meta and para-cresol (59%:41%",
    "NCGC00159366-02",
    "NCGC00159366-03",
    "NCGC00159366-04",
    "NCGC00159366-05",
    "NCGC00159366-06",
    "NCGC00256824-01",
    "NCGC00259490-01",
    "NS00010658",
    "NSC 8768",
    "NSC-8768",
    "NSC8768",
    "Phenol, 3-methyl-",
    "Phenol, 3-methyl-(9CI)",
    "Phenol, 3methyl",
    "Q312240",
    "Rover's Dog Shampoo",
    "SCHEMBL10736",
    "SCHEMBL7410931",
    "STL185666",
    "TOLUENE,3-HYDROXY  (META-CRESOL)",
    "TOLUENE,3-HYDROXY (META-CRESOL)",
    "Tox21_201941",
    "Tox21_302645",
    "UNII-GGO4Y809LO",
    "USEPA/OPP Pesticide Code: 022102",
    "WLN: QR C1",
    "Z104473820",
    "bmse000350",
    "hydroxy-3-methylbenzene",
    "m-Cresol (ACGIH:OSHA)",
    "m-Cresol [UN2076]  [Poison, Corrosive]",
    "m-Cresol, 99%",
    "m-Cresol, >=98%, FG",
    "m-Cresol, SAJ first grade, >=97.0%",
    "m-Cresol, analytical standard",
    "m-Cresol, for synthesis, 99%",
    "m-Cresol, reagent grade, 97%",
    "m-Cresole",
    "m-Hydroxytoluene",
    "m-Kresol [German]",
    "m-Methylphenylol",
    "m-cresol",
    "m-cresylic",
    "m-cresylic acid",
    "m-kresol",
    "m-methylphenol",
    "m-oxytoluene",
    "m-toluol",
    "mCresole",
    "mCresylic",
    "mCresylic acid",
    "mHydroxytoluene",
    "mKresol",
    "mMethylphenol",
    "mMethylphenylol",
    "mOxytoluene",
    "mToluol",
    "meta cresol",
    "meta-cresol",
    "meta-cresylic acid",
    "metaCresylic acid"
  ],
  "CAS": [
    "108-39-4"
  ],
  "M": 108.14,
  "formula": "C7H8O",
  "SMILES": "CC1=CC(=CC=C1)O",
  "InChi": "InChI=1S/C7H8O/c1-6-3-2-4-7(8)5-6/h2-5,8H,1H3",
  "InChiKey": "RLSSMJSEOOYNOY-UHFFFAOYSA-N",
  "logP": 2.0,
  "date": "2025-03-19"
}