{
  "CID": 3020638,
  "name": "bis(2,5-dimethylheptyl) benzene-1,2-dicarboxylate",
  "synonyms": [
    "85391-48-6",
    "ABJMNVCTWJQTJZ-UHFFFAOYSA-N",
    "Bis(2,5-dimethylheptyl) phthalate",
    "DTXSID201005865",
    "EINECS 286-802-3",
    "NS00064859",
    "bis(2,5-dimethylheptyl) benzene-1,2-dicarboxylate"
  ],
  "CAS": [
    "85391-48-6"
  ],
  "M": 418.6,
  "formula": "C26H42O4",
  "SMILES": "CCC(C)CCC(C)COC(=O)C1=CC=CC=C1C(=O)OCC(C)CCC(C)CC",
  "InChi": "InChI=1S/C26H42O4/c1-7-19(3)13-15-21(5)17-29-25(27)23-11-9-10-12-24(23)26(28)30-18-22(6)16-14-20(4)8-2/h9-12,19-22H,7-8,13-18H2,1-6H3",
  "InChiKey": "ABJMNVCTWJQTJZ-UHFFFAOYSA-N",
  "logP": 8.6,
  "date": "2025-03-19"
}