{
  "CID": 436077,
  "name": "dihydroxyphosphanyl dihydrogen phosphite",
  "synonyms": [
    "13445-56-2",
    "DTXSID00331169",
    "Diphosphorous acid",
    "NS00112949",
    "Pyrophosphorous acid",
    "Q27292300",
    "UNII-W4W7JY3ELM",
    "W4W7JY3ELM",
    "dihydroxyphosphanyl dihydrogen phosphite"
  ],
  "CAS": [
    "13445-56-2"
  ],
  "M": 145.98,
  "formula": "H4O5P2",
  "SMILES": "OP(O)OP(O)O",
  "InChi": "InChI=1S/H4O5P2/c1-6(2)5-7(3)4/h1-4H",
  "InChiKey": "ZJIPHXXDPROMEF-UHFFFAOYSA-N",
  "logP": -2.1,
  "date": "2025-03-19"
}