{
  "CID": 4677518,
  "name": "(4-hexoxy-2-hydroxyphenyl)-phenylmethanone",
  "synonyms": [
    "(4-(HEXYLOXY)-2-HYDROXYPHENYL)(PHENYL)METHANONE",
    "(4-(Hexyloxy)-2-hydroxyphenyl)phenylmethanone",
    "(4-hexoxy-2-hydroxyphenyl)-phenylmethanone",
    "2-Hydroxy-4-n-hexyloxybenzophenone",
    "3293-97-8",
    "AKOS024344673",
    "DTXSID001337834",
    "Methanone, (4-(hexyloxy)-2-hydroxyphenyl)phenyl-",
    "Methanone, [4-(hexyloxy)-2-hydroxyphenyl]phenyl-",
    "SCHEMBL4605203",
    "UNII-WH87PV776W",
    "WH87PV776W",
    "[4-(hexyloxy)-2-hydroxyphenyl]phenylmethanone"
  ],
  "CAS": [
    "3293-97-8"
  ],
  "M": 298.4,
  "formula": "C19H22O3",
  "SMILES": "CCCCCCOC1=CC(=C(C=C1)C(=O)C2=CC=CC=C2)O",
  "InChi": "InChI=1S/C19H22O3/c1-2-3-4-8-13-22-16-11-12-17(18(20)14-16)19(21)15-9-6-5-7-10-15/h5-7,9-12,14,20H,2-4,8,13H2,1H3",
  "InChiKey": "KGBWWTXUSOPASH-UHFFFAOYSA-N",
  "logP": 5.8,
  "date": "2025-03-19"
}