{
  "CID": 5354357,
  "name": "2-hydroxyethyl (Z,12R)-12-hydroxyoctadec-9-enoate",
  "synonyms": [
    "1,2-Ethanediol monoricinoleate",
    "106-17-2",
    "2-Hydroxyethyl 12-hydroxy-9-octadecenoate",
    "2-Hydroxyethyl ricinoleate",
    "2-hydroxyethyl (Z,12R)-12-hydroxyoctadec-9-enoate",
    "203-369-8",
    "9-Octadecenoic acid, 12-hydroxy-, 2-hydroxyethyl ester",
    "9-Octadecenoic acid, 12-hydroxy-, 2-hydroxyethyl ester, (R-(Z))-",
    "9-Octadecenoic acid, 12-hydroxy-, 2-hydroxyethyl ester, (theta-(Z))-",
    "9-Octadecenoic acid, 2-hydroxyethyl ester, (R-(Z))-",
    "9-Octadecenoic acid, 2-hydroxyethyl ester, [R-(Z)]-",
    "9004-97-1",
    "Avlinox",
    "Cremophor-E1",
    "Cremophor-El",
    "DTXSID80873890",
    "EINECS 203-369-8",
    "Ethylene glycol monoricinoleate",
    "Flexricin 15",
    "Flexricin@ 15",
    "GLYCOL RICINOLATE",
    "Glycol monoester ricinoleate",
    "Glycol monoricinoleate",
    "Glycol ricinoleate",
    "Glycols, monoricinoleate",
    "NSC 7394",
    "NSC-124677",
    "NSC-7394",
    "NSC124677",
    "NSC7394",
    "Prodhyphore A",
    "Prodhyphore E",
    "Prodhyphore O",
    "Ricinoleic acid, 2-hydroxyethyl ester",
    "S 534",
    "S 556U",
    "S152",
    "SCHEMBL142809",
    "XLMXUUQMSMKFMH-UZRURVBFSA-N",
    "ethylene glycol monoricinoleate, AldrichCPR"
  ],
  "CAS": [
    "106-17-2",
    "9004-97-1"
  ],
  "M": 342.5,
  "formula": "C20H38O4",
  "SMILES": "CCCCCCC(CC=CCCCCCCCC(=O)OCCO)O",
  "InChi": "InChI=1S/C20H38O4/c1-2-3-4-11-14-19(22)15-12-9-7-5-6-8-10-13-16-20(23)24-18-17-21/h9,12,19,21-22H,2-8,10-11,13-18H2,1H3/b12-9-/t19-/m1/s1",
  "InChiKey": "XLMXUUQMSMKFMH-UZRURVBFSA-N",
  "logP": 5.4,
  "date": "2025-03-19"
}