{
  "CID": 58100386,
  "name": "2-[2,6-di(propan-2-yl)phenyl]-6-[4-(2,4,4-trimethylpentan-2-yl)phenoxy]benzo[de]isoquinoline-1,3-dione",
  "synonyms": [
    "0H0755Q5F8",
    "1H-BENZ(DE)ISOQUINOLINE-1,3(2H)-DIONE, 2-(2,6-BIS(1-METHYLETHYL)PHENYL)-6-(4-(1,1,3,3-TETRAMETHYLBUTYL)PHENOXY)-",
    "1H-Benz(de)isoquinoline-1,3(2H)-dione, 2-(2,6-bis(1-methylethyl)phenyl)-6-(4-(1,1,3,3-tetramethylbutyl)phenoxy)",
    "2-(2,6-DIISOPROPYLPHENYL)-6-(4-(1,1,3,3-TETRAMETHYLBUTYL)PHENOXY)NAPHTALIMIDE",
    "2-[2,6-di(propan-2-yl)phenyl]-6-[4-(2,4,4-trimethylpentan-2-yl)phenoxy]benzo[de]isoquinoline-1,3-dione",
    "852282-89-4",
    "DTXCID70156922",
    "DTXSID70234431",
    "N-(2,6-Diisopropylphenyl)-6-(4-(1,1,3,3-tetramethylbutyl)phenoxy)-1H-benzo(d,E)isoquinoline-1,3(2H)-dione",
    "N-(2,6-Diisopropylphenyl)-6-[4-(1,1,3,3-tetramethylbutyl)phenoxy]-1H-benzo[de]isoquinolin-1,3(2H)-dione",
    "N-(2,6-diisopropylphenyl)-4-(4-tert-octylphenoxy)naphthalene-1,8-dicarboximide",
    "NS00112936",
    "Q27236770",
    "SCHEMBL993935",
    "UNII-0H0755Q5F8"
  ],
  "CAS": [
    "852282-89-4"
  ],
  "M": 561.8,
  "formula": "C38H43NO3",
  "SMILES": "CC(C)C1=C(C(=CC=C1)C(C)C)N2C(=O)C3=C4C(=C(C=C3)OC5=CC=C(C=C5)C(C)(C)CC(C)(C)C)C=CC=C4C2=O",
  "InChi": "InChI=1S/C38H43NO3/c1-23(2)27-12-10-13-28(24(3)4)34(27)39-35(40)30-15-11-14-29-32(21-20-31(33(29)30)36(39)41)42-26-18-16-25(17-19-26)38(8,9)22-37(5,6)7/h10-21,23-24H,22H2,1-9H3",
  "InChiKey": "HLYXVMWDKPFROM-UHFFFAOYSA-N",
  "logP": 10.9,
  "date": "2025-03-19"
}