{
  "CID": 527,
  "name": "propanal",
  "synonyms": [
    "1-Propanal",
    "1-Propanone",
    "123-38-6",
    "2,5-Dioxo-1-[[1-oxo-6-[[1-oxo-3-(2-pyridinyldithio)propyl]amino]hexyl]oxy]-3-pyrrolidinesulfonic Acid Monosodium Salt;",
    "2-methyl-branched fatty aldehyde",
    "204-623-0",
    "25722-18-3",
    "A805061",
    "AI3-16114",
    "AKOS000119167",
    "AMJ2B4M67V",
    "Aldehyde propionique",
    "Aldehyde propionique [French]",
    "BDBM60952",
    "C00479",
    "C22402",
    "C2H5CHO",
    "CAS-123-38-6",
    "CCRIS 2917",
    "CHEBI:17153",
    "CHEMBL275626",
    "DTXCID001658",
    "DTXSID2021658",
    "DTXSID70166420",
    "EC 204-623-0",
    "EINECS 204-623-0",
    "EN300-19153",
    "ETHYLCARBOXALDEHYDE",
    "Ethylcarboxyaldehyde",
    "F2190-0621",
    "FEMA No. 2923",
    "FEMA Number 2923",
    "FP01745",
    "HSDB 1193",
    "InChI=1/C3H6O/c1-2-3-4/h3H,2H2,1H",
    "MFCD00007020",
    "Methylacetaldehyde",
    "NCGC00091772-01",
    "NCGC00091772-02",
    "NCGC00258624-01",
    "NCI-C61029",
    "NS00008781",
    "NSC 6493",
    "NSC-6493",
    "NSC6493",
    "P0498",
    "PROPIONALDEHYDE [FCC]",
    "PROPIONALDEHYDE [FHFI]",
    "PROPIONALDEHYDE [HSDB]",
    "PROPIONALDEHYDE [MI]",
    "Pesticide Code: 202400",
    "Propaldehyde",
    "Propanalaldehyde",
    "Propanaldehyde",
    "Propional",
    "Propionaldehyd",
    "Propionaldehyde",
    "Propionaldehyde (>80%)",
    "Propionaldehyde (natural)",
    "Propionaldehyde [UN1275]  [Flammable liquid]",
    "Propionaldehyde, 97%",
    "Propionaldehyde, >=97%, FG",
    "Propionaldehyde, analytical standard",
    "Propionaldehyde, natural, >=98%, FG",
    "Propionaldehyde, reagent grade, 97%",
    "Propionic aldehyde",
    "Proprionaldehyde",
    "Propyl aldehyde",
    "Propylaldehyde",
    "Propylic aldehyde",
    "Q422909",
    "STL264226",
    "STR01357",
    "Tox21_201071",
    "UN 1275",
    "UN1275",
    "UNII-AMJ2B4M67V",
    "WLN: VH2",
    "methyl acetaldehyde",
    "n-Propanal",
    "n-Propionaldehyde",
    "propanal",
    "propion aldehyde",
    "proprionaldhyde"
  ],
  "CAS": [
    "123-38-6",
    "25722-18-3"
  ],
  "M": 58.08,
  "formula": "C3H6O",
  "SMILES": "CCC=O",
  "InChi": "InChI=1S/C3H6O/c1-2-3-4/h3H,2H2,1H3",
  "InChiKey": "NBBJYMSMWIIQGU-UHFFFAOYSA-N",
  "logP": 0.6,
  "date": "2025-03-19"
}