{
  "CID": 66666,
  "name": "1,2-bis(ethenyl)benzene",
  "synonyms": [
    "1,2-Divinylbenzene",
    "1,2-bis(ethenyl)benzene",
    "1,2-diethenylbenzene",
    "1,2-divinyl-benzene",
    "1321-74-0",
    "8Z4W41DJ9H",
    "91-14-5",
    "A11741",
    "AKOS006283068",
    "AMBERLITE(R) XAD-1180",
    "Amberlite? XAD16",
    "Amberlitereg;XAD16",
    "BP-20530",
    "Benzene, 1,2-diethenyl-",
    "Benzene, diethenyl-",
    "CAS-1321-74-0",
    "CHEBI:189318",
    "CHEMBL2133396",
    "DSSTox_CID_5216",
    "DSSTox_GSID_25216",
    "DSSTox_RID_77703",
    "DTXSID30110005",
    "DVB",
    "Diethenylbenzene",
    "Divinyl benzene",
    "Divinyl benzene(1cp(25 degrees c))",
    "Divinylbenzene",
    "Divinylbenzene (m- and p- mixture) (contains Ethylvinylbenzene, Diethylbenzene) - 55%",
    "Divinylbenzene (m- and p- mixture) (contains Ethylvinylbenzene, Diethylbenzene) - 80%",
    "Divinylbenzene [80%]",
    "Divinylbenzene(80% active)",
    "EINECS 202-043-2",
    "FD160344",
    "FD62761",
    "NCGC00090696-01",
    "NCGC00256471-01",
    "NS00007152",
    "PD013422",
    "Q2324735",
    "Tox21_302792",
    "UNII-8Z4W41DJ9H",
    "divinyl benzen",
    "divinyl-benzene",
    "divinylbenzen",
    "o-Divinylbenzene"
  ],
  "CAS": [
    "1321-74-0",
    "91-14-5"
  ],
  "M": 130.19,
  "formula": "C10H10",
  "SMILES": "C=CC1=CC=CC=C1C=C",
  "InChi": "InChI=1S/C10H10/c1-3-9-7-5-6-8-10(9)4-2/h3-8H,1-2H2",
  "InChiKey": "MYRTYDVEIRVNKP-UHFFFAOYSA-N",
  "logP": 3.5,
  "date": "2025-03-19"
}