{
  "CID": 6436065,
  "name": "(Z)-N-[2-[[(Z)-octadec-9-enoyl]amino]ethyl]octadec-9-enamide",
  "synonyms": [
    "(Z)-N,N'-(ethane-1,2-diyl)dioleamide",
    "(Z)-N-[2-[[(Z)-octadec-9-enoyl]amino]ethyl]octadec-9-enamide",
    "110-31-6",
    "9-Octadecenamide, N,N'-1,2-ethanediylbis-, (Z,Z)-",
    "D82004",
    "EC 203-756-1",
    "EINECS 203-756-1",
    "ETHYLENE BISOLEYLAMIDE",
    "ETHYLENE DIOLEAMIDE [INCI]",
    "Ethylene bis(oleamide)",
    "Ethylene dioleamide",
    "MFCD00216615",
    "N,N'-1,2-Ethanediylbis-9-octadecenamide",
    "N,N'-Dioleoylethylenediamine",
    "N,N'-ETHYLENEBIS(OLEIC AMIDE)",
    "N,N'-Ethane-1,2-diylbisoleamide",
    "N,N'-Ethylenebisoleamide",
    "N,N'-Ethylenedioleamide",
    "NS00003805",
    "NSC 131419",
    "NSC-131419",
    "OXDXXMDEEFOVHR-CLFAGFIQSA-N",
    "Oleamide, N,N'-ethylenebis-",
    "Oleic acid-ethylenediamine condensate",
    "Q27290027",
    "SCHEMBL43416",
    "TMN5HDE2GX",
    "UNII-TMN5HDE2GX",
    "ethylenebis(oleic acid amide)",
    "n,n'-ethylenebisoleylamide"
  ],
  "CAS": [
    "110-31-6"
  ],
  "M": 589.0,
  "formula": "C38H72N2O2",
  "SMILES": "CCCCCCCCC=CCCCCCCCC(=O)NCCNC(=O)CCCCCCCC=CCCCCCCCC",
  "InChi": "InChI=1S/C38H72N2O2/c1-3-5-7-9-11-13-15-17-19-21-23-25-27-29-31-33-37(41)39-35-36-40-38(42)34-32-30-28-26-24-22-20-18-16-14-12-10-8-6-4-2/h17-20H,3-16,21-36H2,1-2H3,(H,39,41)(H,40,42)/b19-17-,20-18-",
  "InChiKey": "OXDXXMDEEFOVHR-CLFAGFIQSA-N",
  "logP": 13.8,
  "date": "2025-03-19"
}