{
  "CID": 6451919,
  "name": "1-N,3-N-bis(2,2,6,6-tetramethylpiperidin-4-yl)benzene-1,3-dicarboxamide",
  "synonyms": [
    "1,3-Benzenedicarboxamide, N,N'-bis(2,2,6,6-tetramethyl-4-piperidinyl)-",
    "1,3-Benzenedicarboxamide, N1,N3-bis(2,2,6,6-tetramethyl-4-piperidinyl)-",
    "1-N,3-N-bis(2,2,6,6-tetramethylpiperidin-4-yl)benzene-1,3-dicarboxamide",
    "419-710-0",
    "42774-15-2",
    "AKOS022173010",
    "B6154",
    "C26H42N4O2",
    "CS-0162605",
    "D83388",
    "DS-7146",
    "DTXCID2040159",
    "DTXSID3068417",
    "EC 419-710-0",
    "MFCD09751152",
    "N,N'-BIS(2,2,6,6-TETRAMETHYL-4-PIPERIDINYL) ISOPHTHALAMIDE",
    "N,N'-BIS(2,2,6,6-TETRAMETHYL-4-PIPERIDINYL)-1,3-BENZENEDICARBOXAMIDE",
    "N,N'-Bis(2,2,6,6-tetramethyl-4-piperidyl)isophthalamide",
    "N1,N3-Bis(2,2,6,6-tetramethyl-4-piperidyl)isophthalamide",
    "N1,N3-Bis(2,2,6,6-tetramethylpiperidin-4-yl)isophthalamide",
    "N1,N3-bis(2,2,6,6-tetramethylpiperidin-4-yl)benzene-1,3-dicarboxamide",
    "NS00006860",
    "NYLOSTAB S-EED",
    "OYNOCRWQLLIRON-UHFFFAOYSA-N",
    "SCHEMBL310763",
    "SY316622",
    "UNII-ZJD6FK539H",
    "ZJD6FK539H",
    "n,n'-bis(2,2,6,6-tetramethyl-4-piperidinyl)isophthalamide"
  ],
  "CAS": [
    "42774-15-2"
  ],
  "M": 442.6,
  "formula": "C26H42N4O2",
  "SMILES": "CC1(CC(CC(N1)(C)C)NC(=O)C2=CC(=CC=C2)C(=O)NC3CC(NC(C3)(C)C)(C)C)C",
  "InChi": "InChI=1S/C26H42N4O2/c1-23(2)13-19(14-24(3,4)29-23)27-21(31)17-10-9-11-18(12-17)22(32)28-20-15-25(5,6)30-26(7,8)16-20/h9-12,19-20,29-30H,13-16H2,1-8H3,(H,27,31)(H,28,32)",
  "InChiKey": "OYNOCRWQLLIRON-UHFFFAOYSA-N",
  "logP": 3.2,
  "date": "2025-03-19"
}