{
  "CID": 65360,
  "name": "2-methyl-2-(prop-2-enoylamino)propane-1-sulfonic acid",
  "synonyms": [
    "1-Propanesulfonic acid, 2-acrylamido-2-methyl-",
    "1-Propanesulfonic acid, 2-methyl-2-((1-oxo-2-propen-1-yl)amino)-",
    "1-Propanesulfonic acid, 2-methyl-2-((1-oxo-2-propenyl)amino)-",
    "1-Propanesulfonic acid, 2-methyl-2-[(1-oxo-2-propenyl)amino]-",
    "15214-89-8",
    "2-(Acryloylamino)-2-methyl-1-propanesulfonic acid #",
    "2-(acryloylamino)-2-methylpropane-1-sulfonic acid",
    "2-ACRYLAMIDO-2,2-DIMETHYLETHANESULFONIC ACID",
    "2-ACRYLAMIDO-2-METHYLPROPANE SULFONIC ACID",
    "2-ACRYLAMIDO-2-METHYLPROPIONESULFONATE",
    "2-Acrylamide-2-methylpropanesulfonic acid",
    "2-Acrylamido-2-methyl-1-propanesulfonic acid",
    "2-Acrylamido-2-methyl-1-propanesulfonic acid, 8CI",
    "2-Acrylamido-2-methyl-1-propanesulfonic acid, 99%",
    "2-Acrylamido-2-methyl-1-propanesulfonicacid",
    "2-Acrylamido-2-methylpropanesulfonate",
    "2-Acrylamido-2-methylpropanesulfonic acid",
    "2-Acrylamido-2-methylpropanesulfonic acid (AMPS)",
    "2-Acrylamido-2-methylpropanesulphonic acid",
    "2-Acryloylamido-2-methylpropanesulfonic acid",
    "2-Acryloylamido-2-methylpropanesulfonic acid monomer",
    "2-acrylamido-2-methyl propanesulfonic acid",
    "2-acrylamido-2-methyl propyl sulfonic acid",
    "2-acrylamido-2-methyl-propane sulfonic acid",
    "2-acrylamido-2-methylpropane-1-sulfonic acid",
    "2-acrylamido-2-methylpropylsulfonic acid",
    "2-methyl-2-(prop-2-enamido)propane-1-sulfonic acid",
    "2-methyl-2-(prop-2-enoylamino)propane-1-sulfonic acid",
    "2-methyl-2-(prop-2-enoylamino)propane-1-sulonic acid",
    "2-methyl-2-[(1-oxo-2-propenyl)amino]-1-propanesulfonic acid",
    "239-268-0",
    "490HQE5KI5",
    "5165-97-9 (mono-hydrochloride salt)",
    "82989-71-7",
    "A0926",
    "AKOS015898709",
    "AtBS",
    "CAS-15214-89-8",
    "CHEBI:166476",
    "CHEMBL1907040",
    "CS-W015266",
    "DTXCID207770",
    "DTXSID5027770",
    "E76045",
    "EC 239-268-0",
    "EINECS 239-268-0",
    "InChI=1/C7H13NO4S/c1-4-6(9)8-7(2,3)5-13(10,11)12/h4H,1,5H2,2-3H3,(H,8,9)(H,10,11,12",
    "LUBRIZOL AMPS",
    "MFCD00007522",
    "NCGC00163969-01",
    "NCGC00163969-02",
    "NCGC00257492-01",
    "NCGC00259330-01",
    "NS00005061",
    "Q209301",
    "SCHEMBL19490",
    "TBAS-Q",
    "Tox21_201781",
    "Tox21_303523",
    "UNII-490HQE5KI5",
    "acrylamide tert-butylsulfonic acid",
    "acrylamidomethylpropanesulfonic acid",
    "acryloyldimethyltaurine",
    "tert-butylacrylamidosulfonic acid"
  ],
  "CAS": [
    "15214-89-8",
    "82989-71-7"
  ],
  "M": 207.25,
  "formula": "C7H13NO4S",
  "SMILES": "CC(C)(CS(=O)(=O)O)NC(=O)C=C",
  "InChi": "InChI=1S/C7H13NO4S/c1-4-6(9)8-7(2,3)5-13(10,11)12/h4H,1,5H2,2-3H3,(H,8,9)(H,10,11,12)",
  "InChiKey": "XHZPRMZZQOIPDS-UHFFFAOYSA-N",
  "logP": -0.4,
  "date": "2025-03-19"
}