{
  "CID": 6850816,
  "name": "2,4-bis(dodecylsulfanylmethyl)-6-methylphenol",
  "synonyms": [
    "110675-26-8",
    "2,4-BIS[(DODECYLSULFANYL)METHYL]-6-METHYLPHENOL",
    "2,4-Bis((dodecylthio)methyl)-6-methylphenol",
    "2,4-Bis(dodecylthiomethyl)-6-methylphenol",
    "2,4-Bis-dodecylthiomethyl6-methylphenol",
    "2,4-Di(dodecylthiomethyl)-6-methylphenol",
    "2,4-bis(dodecylsulfanylmethyl)-6-methylphenol",
    "2,4-bis[(dodecylthio)methyl]-6-methylphenol",
    "600-982-6",
    "Antioxidant 1726",
    "B6016",
    "BIS((DODECYLTHIO)METHYL)-6-METHYLPHENOL, 2,4-",
    "BS-43986",
    "CS-0435350",
    "D97676",
    "DTXCID30817507",
    "DTXSID80869536",
    "FB150956",
    "HUC0447MPD",
    "Irganox 1726",
    "MFCD11973660",
    "NS00001503",
    "Phenol, 2,4-bis((dodecylthio)methyl)-6-methyl-",
    "Phenol, 2,4-bis[(dodecylthio)methyl]-6-methyl-",
    "Q27280110",
    "SCHEMBL35527",
    "UNII-HUC0447MPD",
    "VTFXHGBOGGGYDO-UHFFFAOYSA-N"
  ],
  "CAS": [
    "110675-26-8"
  ],
  "M": 537.0,
  "formula": "C33H60OS2",
  "SMILES": "CCCCCCCCCCCCSCC1=CC(=C(C(=C1)C)O)CSCCCCCCCCCCCC",
  "InChi": "InChI=1S/C33H60OS2/c1-4-6-8-10-12-14-16-18-20-22-24-35-28-31-26-30(3)33(34)32(27-31)29-36-25-23-21-19-17-15-13-11-9-7-5-2/h26-27,34H,4-25,28-29H2,1-3H3",
  "InChiKey": "VTFXHGBOGGGYDO-UHFFFAOYSA-N",
  "logP": 14.0,
  "date": "2025-03-19"
}