{
  "CID": 6369,
  "name": "1,1-difluoroethene",
  "synonyms": [
    "1,1-DIFLUOROETHENE",
    "1,1-DIFLUOROETHENE [HSDB]",
    "1,1-Difluoro-ethene",
    "1,1-Difluoro-ethenhomopolymer",
    "1,1-Difluoroethylene",
    "1,1-Difluoroethylene or Refrigerant gas R 1132a",
    "1,1-Difluoroethylene or Refrigerant gas R 1132a [UN1959]  [Flammable gas]",
    "1,1-Difluoroethylene, >=99%",
    "1,1-difluoroethene",
    "200-867-7",
    "3C1IX2905B",
    "75-38-7",
    "AKOS015852551",
    "BQCIDUSAKPWEOX-UHFFFAOYSA-",
    "C19547",
    "CCRIS 6744",
    "CH2=CF2",
    "CHEBI:82550",
    "CHEMBL116020",
    "DTXCID401439",
    "DTXSID3021439",
    "Dalvor",
    "Difluoro 1.1 ethene",
    "Difluoro 1.1. ethylene",
    "Difluoro-1,1-ethylene",
    "Dulite",
    "EC 200-867-7",
    "EINECS 200-867-7",
    "Ethene, 1,1-difluoro-",
    "Ethylene, 1,1-difluoro-",
    "F 2",
    "FC 1132a",
    "FD104351",
    "Fluorolon 2",
    "Fluoruro de vinilideno",
    "Foraflon 50",
    "Ftorlon 2",
    "Ftoroplast 2",
    "Genetron 1132a",
    "HFC 1132A",
    "HSDB 5206",
    "Halocarbon 1132A",
    "InChI=1/C2H2F2/c1-2(3)4/h1H2",
    "K 160",
    "KF 1000",
    "KF 1100",
    "Kynar",
    "Kynar 200",
    "Kynar 202",
    "Kynar 300",
    "Kynar 301",
    "Kynar 450",
    "Kynar 460",
    "Kynar 500",
    "Kynar 51",
    "Kynar 821",
    "Kynar 901",
    "MFCD00000448",
    "MFCD00084470",
    "NCI-C60203",
    "NCI-C60204",
    "NCI-C60208",
    "NS00008594",
    "NSC-267683",
    "NSC267683",
    "PVDF",
    "PVF2",
    "Poly(vinylidene fluoride);PVDF",
    "Q161287",
    "R 1132A",
    "R1132a",
    "REFRIGERANT GAS R 1132A",
    "REFRIGERANT GAS R-1132A",
    "TL 450",
    "UN 1959",
    "UN1959",
    "UNII-3C1IX2905B",
    "VDF",
    "VF 2",
    "VINYLIDENE FLUORIDE (IARC)",
    "VINYLIDENE FLUORIDE [IARC]",
    "VW 12",
    "Vidar",
    "Vinylidene difluoride",
    "Vinylidene fluoride",
    "fluorovinylidene"
  ],
  "CAS": [
    "75-38-7"
  ],
  "M": 64.03,
  "formula": "C2H2F2",
  "SMILES": "C=C(F)F",
  "InChi": "InChI=1S/C2H2F2/c1-2(3)4/h1H2",
  "InChiKey": "BQCIDUSAKPWEOX-UHFFFAOYSA-N",
  "logP": 1.3,
  "date": "2025-03-19"
}