{
  "CID": 6326,
  "name": "acetylene",
  "synonyms": [
    "(CH(CH))",
    "12070-15-4",
    "200-816-9",
    "60382-96-9",
    "74-86-2",
    "ACETILENE",
    "ACETILENE (Italian)",
    "ACETYLENE",
    "ACETYLENE (1,2-13C2)",
    "ACETYLENE (D1)",
    "ACETYLENE [HSDB]",
    "ACETYLENE [MI]",
    "Acetylen",
    "Acetylene (ACGIH)",
    "Acetylene [WHO-DD]",
    "Acetylene, dissolved",
    "Acetylene, dissolved [UN1001]  [Flammable gas]",
    "Azetylen",
    "C01548",
    "C2H2",
    "CH#CH",
    "CHEBI:27518",
    "CHEMBL116336",
    "Carbon (C2)",
    "DTXCID906379",
    "DTXSID101027115",
    "DTXSID6026379",
    "Diatomic carbon",
    "Dicarbon",
    "EC 200-816-9",
    "EINECS 200-816-9",
    "Ethenylene",
    "Ethin",
    "Ethine",
    "Ethyne",
    "HC#CH",
    "HSDB 166",
    "NARCILENE",
    "NS00001585",
    "Narcylen",
    "OC7TV75O83",
    "Q133145",
    "Q3591986",
    "UN 1001",
    "UN1001",
    "UNII-OC7TV75O83",
    "Vinylene",
    "Welding Gas",
    "[CH(CH)]",
    "acetylene",
    "c0526"
  ],
  "CAS": [
    "12070-15-4",
    "60382-96-9",
    "74-86-2"
  ],
  "M": 26.04,
  "formula": "C2H2",
  "SMILES": "C#C",
  "InChi": "InChI=1S/C2H2/c1-2/h1-2H",
  "InChiKey": "HSFWRNGVRCDJHI-UHFFFAOYSA-N",
  "logP": 0.4,
  "date": "2025-03-19"
}