{
  "CID": 64819,
  "name": "[3-[3-(3,5-ditert-butyl-4-hydroxyphenyl)propanoyloxy]-2,2-bis[3-(3,5-ditert-butyl-4-hydroxyphenyl)propanoyloxymethyl]propyl] 3-(3,5-ditert-butyl-4-hydroxyphenyl)propanoate",
  "synonyms": [
    "1ST3113",
    "1ST3113-1000",
    "2,2-Bis(((3-(3,5-di-tert-butyl-4-hydroxyphenyl)propanoyl)oxy)methyl)propane-1,3-diyl bis(3-(3,5-di-tert-butyl-4-hydroxyphenyl)propanoate)",
    "2,2-Bis(((3-(3,5-di-tert-butyl-4-hydroxyphenyl)propanoyl)oxy)methyl)propane-1,3-diylbis(3-(3,5-di-tert-butyl-4-hydroxyphenyl)propanoate)",
    "2,2-Bis[[[3-(3,5-di-tert-butyl-4-hydroxyphenyl)propanoyl]oxy]methyl]propane-1,3-diyl Bis[3-(3,5-di-tert-butyl-4-hydroxyphenyl)propanoate]",
    "2,2-bis((3-(3,5-di-tert-butyl-4-hydroxyphenyl)propanoyloxy)methyl)propane-1,3-diyl bis(3-(3,5-di-tert-butyl-4-hydroxyphenyl)propanoate)",
    "229-722-6",
    "255PIF62MS",
    "3,5-Di-tert-butyl-4-hydroxy-hydrocinnamicacineopentanetetraylester",
    "3-([3-(3,5-Ditert-butyl-4-hydroxyphenyl)propanoyl]oxy)-2,2-bis(([3-(3,5-ditert-butyl-4-hydroxyphenyl)propanoyl]oxy)methyl)propyl 3-(3,5-ditert-butyl-4-hydroxyphenyl)propanoate #",
    "3-{[3-(3,5-di-tert-butyl-4-hydroxyphenyl)propanoyl]oxy}-2,2-bis({[3-(3,5-di-tert-butyl-4-hydroxyphenyl)propanoyl]oxy}methyl)propyl 3-(3,5-di-tert-butyl-4-hydroxyphenyl)propanoate",
    "6683-19-8",
    "A11596",
    "AC-15274",
    "ADK Stab AO 60",
    "AKOS005444166",
    "ANOX 20",
    "AO 60",
    "AO3",
    "AS-13857",
    "Anox 20AM",
    "Antioxidant 1010",
    "Antioxidant 1010 Solution in Hexane, 1000?g/mL",
    "Antioxidant 1010 Solution in Hexane, 1000mug/mL",
    "BP 101",
    "BRN 2035465",
    "Benzenepropanoic acid, 3,5-bis(1,1-dimethylethyl)-4-hydroxy-, 1,1'-(2,2-bis((3-(3,5-bis(1,1-dimethylethyl)-4-hydroxyphenyl)-1-oxopropoxy)methyl)-1,3-propanediyl) ester",
    "Benzenepropanoic acid, 3,5-bis(1,1-dimethylethyl)-4-hydroxy-, 1,1'-[2,2-bis[[3-[3,5-bis(1,1-dimethylethyl)-4-hydroxyphenyl]-1-oxopropoxy]methyl]-1,3-propanediyl] ester",
    "Benzenepropanoic acid, 3,5-bis(1,1-dimethylethyl)-4-hydroxy-, 2,2-bis((3-(3,5-bis(1,1-dimethylethyl)-4-hydroxyphenyl)-1-oxopropoxy)methyl)-1,3-propanediyl ester",
    "Benzenepropanoic acid, 3,5-bis(1,1-dimethylethyl)-4-hydroxy-, 2,2-bis[[3-[3,5-bis(1,1-dimethylethyl)-4-hydroxyphenyl]-1-oxopropoxy]methyl]-1,3-propanediyl ester",
    "CAS-6683-19-8",
    "CHEMBL3187856",
    "CS-W011369",
    "DTXCID007633",
    "DTXSID1027633",
    "Dovernox 10",
    "EC 229-722-6",
    "EINECS 229-722-6",
    "Fenozan 22",
    "Fenozan 23",
    "HY-W010653",
    "Hydrocinnamic acid, 3,5-di-tert-butyl-4-hydroxy-, neopentanetetrayl ester",
    "Hydrocinnamic acid, 3,5-di-tert-butyl-4-hydroxy-, tetraester with pentaerythritol",
    "IR 1010",
    "IRGANOX-1010",
    "Irganox 1010",
    "Irganox 1010FF",
    "Irganox 1010FP",
    "Irganox 1040",
    "Lowinox PP35",
    "MARK AO 60",
    "MFCD00059345",
    "MSK3113",
    "MSK3113-1000",
    "NCGC00255211-01",
    "NS00006684",
    "Naugard 10",
    "Neopentanetetrayl 3,5-di-tert-butyl-4-hydroxyhydrocinnamate",
    "P0932",
    "PD132638",
    "PENTAERTHRITYL TETRA-DI-T-BUTYL HYDROXYHYDROCINNAMATE",
    "PENTAERYTHRITOL 3-(4-HYDROXY-3,5-DI-TERT-BUTYLPHENYL)PROPIONATE (1:4)",
    "PENTAERYTHRITOL 4-HYDROXY-3,5-DI-TERT-BUTYLPHENYLPROPIONATE",
    "PENTAERYTHRITOL TETRAKIS ESTER WITH 3-(3,5-DI-TERT-BUTYL-4-HYDROXYPHENYL)PROPIONIC ACID",
    "PENTAERYTHRITYL TETRAKIS(3,5-DI-TERT- BUTYL-4-HYDROXYHYDROCINNAMATE)",
    "PLASTIC ADDITIVE 2",
    "PLASTIC ADDITIVE 2 (USP-RS)",
    "PLASTIC ADDITIVE 2 [USP-RS]",
    "Pentaerithritol tetrakis(3,5-di-tert-butyl-4-hydroxyhydrocinnamate)",
    "Pentaerithritol tetrakis[3,5-di-tert-butyl-4-hydroxyhydrocinnamate]",
    "Pentaerythritol Tetrakis(3-?(3,?5-?di-?tert-?butyl-?4-?hydroxyphenyl)?propionate)",
    "Pentaerythritol Tetrakis[3-(3,5-di-tert-butyl-4-hydroxyphenyl)propionate]",
    "Pentaerythritol tetrakis(3,5-di-tert-butyl-4-hydroxyhydrocinnamate)",
    "Pentaerythritol tetrakis(3,5-di-tert-butyl-4-hydroxyhydrocinnamate), 98%",
    "Pentaerythritol tetrakis(3-(3,5-di-tert-butyl-4-hydroxyphenyl)propionate)",
    "Pentaerythritol tetrakis[3-(3',5'-di-tert-butyl-4'-hydroxyphenyl)propionate]",
    "Pentaerythritol, tetrakis(3,5-di-tert-butyl-4-hydroxyhydrocinnamate)",
    "Pentaerythrityl tetrakis-3-(3',5'-di-t-butyl-4'-hydroxyphenyl)propionate",
    "Phenosane 23",
    "Plastic additive 09, European Pharmacopoeia (EP) Reference Standard",
    "Plastic additive 2, United States Pharmacopeia (USP) Reference Standard",
    "Q27253913",
    "RA 1010",
    "Ralox 630",
    "SCHEMBL30209",
    "STK367172",
    "SY052363",
    "Sumilizer BP 101",
    "TINOGARD TT",
    "TINOGARD TTDD",
    "Tetraalkofen BPE",
    "Tetrakis [methylene (3,5-di-t-butyl-4-hydroxyhydrocinnamate)] methane",
    "Tetrakis(((beta-(3,5-di-tert-butyl-4-hydroxyphenyl)propionyl)oxy)methyl)methane",
    "Tetrakis(3,5-di-tert-butyl-4-hydroxyhydrocinnamoyloxymethyl)methane",
    "Tetrakis(3-(4-hydroxy-3,5-di-tert-butylphenyl)propionyloxymethyl)methane",
    "Tetrakis(methylene(3,5-di-tert-butyl-4-hydroxyhydrocinnamate)methane",
    "Tetrakis-(methylene-(3,5-di-(tert)-butyl-4-hydrocinnamate)) methane",
    "Tetrakis[methylene(3,5-di-tert-butyl-4-hydroxyhydrocinnamate)methane]",
    "Tetrakis[methylene-3-(3,5-di-tert-butyl-4-hydroxyphenyl)propionate]methane",
    "Tox21_301970",
    "UNII-255PIF62MS",
    "[3-[3-(3,5-ditert-butyl-4-hydroxyphenyl)propanoyloxy]-2,2-bis[3-(3,5-ditert-butyl-4-hydroxyphenyl)propanoyloxymethyl]propyl] 3-(3,5-ditert-butyl-4-hydroxyphenyl)propanoate",
    "irganox1010",
    "pentaerythrityl tetra-di-t-butyl hydroxyhydrocinnamate",
    "pentaerythrityl tetrakis (3,5-di-tert-butyl-4-hydroxyhydrocinnamate)",
    "pentaerythrityl tetrakis(3,5-di-tert-butyl-4-hydroxyhydrocinnamate)",
    "phenosan-23",
    "tetrakis[3-(3,5-di-tert-butyl-4-hydroxyphenyl)propionyloxymethyl]methane"
  ],
  "CAS": [
    "6683-19-8"
  ],
  "M": 1177.6,
  "formula": "C73H108O12",
  "SMILES": "CC(C)(C)C1=CC(=CC(=C1O)C(C)(C)C)CCC(=O)OCC(COC(=O)CCC2=CC(=C(C(=C2)C(C)(C)C)O)C(C)(C)C)(COC(=O)CCC3=CC(=C(C(=C3)C(C)(C)C)O)C(C)(C)C)COC(=O)CCC4=CC(=C(C(=C4)C(C)(C)C)O)C(C)(C)C",
  "InChi": "InChI=1S/C73H108O12/c1-65(2,3)49-33-45(34-50(61(49)78)66(4,5)6)25-29-57(74)82-41-73(42-83-58(75)30-26-46-35-51(67(7,8)9)62(79)52(36-46)68(10,11)12,43-84-59(76)31-27-47-37-53(69(13,14)15)63(80)54(38-47)70(16,17)18)44-85-60(77)32-28-48-39-55(71(19,20)21)64(81)56(40-48)72(22,23)24/h33-40,78-81H,25-32,41-44H2,1-24H3",
  "InChiKey": "BGYHLZZASRKEJE-UHFFFAOYSA-N",
  "logP": 19.4,
  "date": "2025-03-19"
}