{
  "CID": 6354,
  "name": "oxirane",
  "synonyms": [
    ".alpha.,.beta.-Oxidoethane",
    "1,2-Epoxy ethane",
    "1,2-Epoxyaethan",
    "1,2-Epoxyaethan [German]",
    "1,2-Epoxyethane",
    "1ST10755-1000T",
    "200-849-9",
    "75-21-8",
    "AI3-26263",
    "AKOS009031564",
    "ALPHA, BETA-OXIDOETHANE",
    "Aethylenoxid",
    "Aethylenoxid [German]",
    "Amprolene",
    "Anprolene",
    "Anproline",
    "C06548",
    "CCRIS 297",
    "CHEBI:27561",
    "CHEMBL1743219",
    "CIBA-GEIGY 9138",
    "Caswell No. 443",
    "Caswell no 443",
    "D03474",
    "DTXCID60600",
    "DTXSID0020600",
    "DTXSID30185475",
    "Dihydrooxirene",
    "Dimethylene oxide",
    "E O",
    "E.O.",
    "E0647",
    "E0689",
    "E0690",
    "E0692",
    "E0693",
    "EC 200-849-9",
    "EINECS 200-849-9",
    "ENT-26263",
    "EPA Pesticide Chemical Code 042301",
    "ETHYLENE OXIDE",
    "ETHYLENE OXIDE (IARC)",
    "ETHYLENE OXIDE (MART.)",
    "ETHYLENE OXIDE [FHFI]",
    "ETHYLENE OXIDE [HSDB]",
    "ETHYLENE OXIDE [IARC]",
    "ETHYLENE OXIDE [MART.]",
    "ETHYLENE OXIDE [MI]",
    "ETHYLENE OXIDE [WHO-DD]",
    "ETO",
    "Epitope ID:116215",
    "Epoxyethane",
    "Ethene oxide",
    "Ethox",
    "Ethyleenoxide",
    "Ethyleenoxide [Dutch]",
    "Ethylene (oxyde d')",
    "Ethylene (oxyde d') [French]",
    "Ethylene Oxide 1000 microg/mL in Triacetin",
    "Ethylene oxide 10000 microg/mL in Dimethylsulfoxide",
    "Ethylene oxide 50000 microg/mL in Dichloromethane",
    "Ethylene oxide Solution in Toluene, 1000ug/mL",
    "Ethylene oxide, >=99.5%",
    "Ethylene oxide, >=99.9%",
    "Ethylene oxide, or ethlene oxide with nitrogen up to a total pressure of 1Mpa (10 bar) at 50 degrees C",
    "Ethylene oxide, or ethlene oxide with nitrogen up to a total pressure of 1Mpa (10 bar) at 50 degrees C [UN1040]  [Poison gas]",
    "Ethylene oxide, purum, >=99.8%",
    "Etilene (ossido di)",
    "Etilene (ossido di) [Italian]",
    "Etylenu tlenek",
    "Etylenu tlenek [Polish]",
    "FE167236",
    "FEMA No. 2433",
    "Fema no 2433",
    "HSDB 170",
    "InChI=1/C2H4O/c1-2-3-1/h1-2H",
    "JJH7GNN18P",
    "MFCD00014482",
    "MSK10755-1000T",
    "Merpol",
    "NCI-C50088",
    "NS00005032",
    "Oxacyclopropane",
    "Oxide, Ethylene",
    "Oxidoethane",
    "Oxiraan",
    "Oxiraan [Dutch]",
    "Oxiran",
    "Oxirane",
    "Oxirane; Ethylene oxide",
    "Oxiranyl",
    "Oxiranyl radical",
    "Oxirene, Dihydro-",
    "Oxyfume",
    "Oxyfume 12",
    "Q407473",
    "Qazi-ketcham",
    "RCRA waste no. U115",
    "Rcra waste number U115",
    "Sterilizing gas ethylene oxide 100%",
    "T-Gas",
    "UN 1040",
    "UN1040",
    "UNII-JJH7GNN18P",
    "USEPA/OPP Pesticide Code: 042301",
    "alpha,beta-Oxidoethane",
    "c0527",
    "epoxide or oxirane",
    "epoxy ethane",
    "ethylene-oxide",
    "ethyleneoxide",
    "ethyleneoxy",
    "ethylenoxide",
    "monooxirane",
    "oxirane",
    "oxyde d'ethylene"
  ],
  "CAS": [
    "75-21-8"
  ],
  "M": 44.05,
  "formula": "C2H4O",
  "SMILES": "C1CO1",
  "InChi": "InChI=1S/C2H4O/c1-2-3-1/h1-2H2",
  "InChiKey": "IAYPIBMASNFSPL-UHFFFAOYSA-N",
  "logP": -0.1,
  "date": "2025-03-19"
}