{
  "CID": 6093286,
  "name": "barium(2+);dihydroxide",
  "synonyms": [
    "17194-00-2",
    "1OHB71MYBK",
    "241-234-5",
    "AKOS015913958",
    "Activated barium hydroxide",
    "Aetzbaryt",
    "BARIUM HYDROXIDE",
    "BARIUM HYDROXIDE LIME [HSDB]",
    "BARIUM HYDROXIDE [MI]",
    "Ba(OH)2",
    "Barium dihydroxide",
    "Barium hydroxide, anhydrous",
    "Bariumhydroxid",
    "CHEBI:32592",
    "CHEBI:35152",
    "Caustic baryta",
    "D03055",
    "DTXCID801079274",
    "DTXSID10892155",
    "FB03440",
    "NS00093510",
    "Q407605",
    "barium (II) hydroxide",
    "barium hydroxides",
    "barium(2+) hydroxide",
    "barium(2+);dihydroxide",
    "barium(II) hydroxide"
  ],
  "CAS": [
    "17194-00-2"
  ],
  "M": 171.34,
  "formula": "BaH2O2",
  "SMILES": "[OH-].[OH-].[Ba+2]",
  "InChi": "InChI=1S/Ba.2H2O/h;2*1H2/q+2;;/p-2",
  "InChiKey": "RQPZNWPYLFFXCP-UHFFFAOYSA-L",
  "logP": null,
  "date": "2025-03-19"
}