{
  "CID": 6506,
  "name": "triethyl 2-hydroxypropane-1,2,3-tricarboxylate",
  "synonyms": [
    "1,2,3-Propanetricarboxylic acid, 2-hydroxy-, 1,2,3-triethyl ester",
    "1,2,3-Propanetricarboxylic acid, 2-hydroxy-, triethyl ester",
    "1,2,3-Propanetricarboxylic acid, 2-hydroxy-,triethyl ester",
    "1,2,3-triethyl 2-hydroxypropane-1,2,3-tricarboxylate",
    "1,2,3Propanetricarboxylic acid, 2hydroxy, triethyl ester",
    "1,3-Propanetricarboxylic acid, 2-hydroxy-, triethyl ester",
    "1ST014232",
    "1ST014232-1000",
    "2-Hydroxy-1,2,3-propanetricarboxylic acid, delta triethyl ester",
    "2-Hydroxy-1,2,3-propanetricarboxylic acid, triethyl ester",
    "2-hydroxy-propane-1,2,3-tricarboxylic acidtriethyl ester",
    "201-070-7",
    "2Hydroxy1,2,3propanetricarboxylic acid, triethyl ester",
    "629-703-6",
    "77-93-0",
    "8Z96QXD6UM",
    "A839294",
    "AI3-00659",
    "AKOS015838720",
    "BRN 1801199",
    "BS-18150",
    "C12H20O7",
    "CAS-77-93-0",
    "CHEBI:168426",
    "CHEMBL464988",
    "CITRIC ACID ETHYL ESTER [MI]",
    "CS-W012318",
    "Citric Acid Triethyl Ester",
    "Citric acid ethyl ester",
    "Citric acid, triethyl ester",
    "Citroflex 2",
    "Citroflex c 2",
    "Citroflex ec",
    "Citroflex sc 60",
    "Citrofol ai",
    "Crodamol TC",
    "D06228",
    "D70438",
    "DB-056271",
    "DTXCID8020701",
    "DTXSID0040701",
    "E-1505",
    "E1505",
    "EC 201-070-7",
    "EINECS 201-070-7",
    "Ethyl citrate",
    "Ethyl citrate, citric acid triethyl ester",
    "Eudraflex",
    "FEMA 3083",
    "FEMA No. 3083",
    "FT33634",
    "Flavor and Extract Manufacturers' Association No. 3083",
    "HSDB 729",
    "HY-W011602",
    "HY-W011602R",
    "Hydagen C.A.T",
    "Hydragen CAT",
    "INS NO.1505",
    "INS-1505",
    "MFCD00009201",
    "MSK014232",
    "MSK014232-1000",
    "Morflex c 2",
    "Morflex tec",
    "NCGC00164037-01",
    "NCGC00164037-02",
    "NCGC00253989-01",
    "NS00008140",
    "NSC 8907",
    "NSC-8907",
    "NSC8907",
    "Q418057",
    "SCHEMBL23465",
    "SR-01000883952",
    "SR-01000883952-1",
    "TEC",
    "TRIETHYL CITRATE",
    "TRIETHYL CITRATE (EP MONOGRAPH)",
    "TRIETHYL CITRATE (II)",
    "TRIETHYL CITRATE (MART.)",
    "TRIETHYL CITRATE (USP-RS)",
    "TRIETHYL CITRATE [EP MONOGRAPH]",
    "TRIETHYL CITRATE [FCC]",
    "TRIETHYL CITRATE [FHFI]",
    "TRIETHYL CITRATE [HSDB]",
    "TRIETHYL CITRATE [II]",
    "TRIETHYL CITRATE [INCI]",
    "TRIETHYL CITRATE [MART.]",
    "TRIETHYL CITRATE [USP-RS]",
    "Tox21_300004",
    "Triaethylcitrat",
    "Triaethylcitrat [German]",
    "Triethyl 2-hydroxy-1,2,3-propane-tricarboxylate",
    "Triethyl 2-hydroxy-1,2,3-propanetricarboxylate",
    "Triethyl 2-hydroxy-1,2,3-propanetricarboxylate #",
    "Triethyl 2hydroxy1,2,3propanetricarboxylate",
    "Triethyl Citrate, FCC",
    "Triethyl citrate (NF)",
    "Triethyl citrate (Standard)",
    "Triethyl citrate Solution in Acetone, 1000?g/mL",
    "Triethyl citrate Solution in Acetone, 1000mug/mL",
    "Triethyl citrate [NF]",
    "Triethyl citrate, >=98.0% (GC)",
    "Triethyl citrate, >=99%, FCC, FG",
    "Triethyl citrate, Pharmaceutical Secondary Standard; Certified Reference Material",
    "Triethyl citrate, United States Pharmacopeia (USP) Reference Standard",
    "Triethyl citrate, Vetec(TM) reagent grade, 98%",
    "Triethyl citrate, analytical standard",
    "Triethyl citrate, natural, >=97%, FG",
    "Triethyl citrate, natural, >=99%, FG",
    "Triethyl citrate; Triethyl 2-hydroxypropane-1,2,3-tricarboxylate",
    "Triethyl citric acid",
    "Triethylcitrate",
    "Triethylester kyseliny citronove",
    "Triethylester kyseliny citronove [Czech]",
    "UNII-8Z96QXD6UM",
    "Uniflex TEC",
    "Uniplex 80",
    "WLN: 2OV1XQVO2&1VO2",
    "s6223",
    "triethyl 2-hydroxypropane-1,2,3-tricarboxylate",
    "triethyl2-hydroxypropane-1,2,3-tricarboxylate"
  ],
  "CAS": [
    "77-93-0"
  ],
  "M": 276.28,
  "formula": "C12H20O7",
  "SMILES": "CCOC(=O)CC(CC(=O)OCC)(C(=O)OCC)O",
  "InChi": "InChI=1S/C12H20O7/c1-4-17-9(13)7-12(16,11(15)19-6-3)8-10(14)18-5-2/h16H,4-8H2,1-3H3",
  "InChiKey": "DOOTYTYQINUNNV-UHFFFAOYSA-N",
  "logP": 0.1,
  "date": "2025-03-19"
}