{
  "CID": 67044,
  "name": "5-chloro-2-benzofuran-1,3-dione",
  "synonyms": [
    "1,3-Isobenzofurandione, 5-chloro-",
    "118-45-6",
    "204-251-9",
    "4-Chlorophthalic acid anhydride 100 microg/mL in Acetonitrile",
    "4-Chlorophthalic anhydride",
    "4-Chlorophthalicanhydride",
    "4-chloro phthalic anhydride",
    "4-chlorophthalic acid anhydride",
    "5-Chloro-2-benzofuran-1,3-dione",
    "5-Chloro-2-benzofuran-1,3-dione #",
    "5-chloro-1,3-dihydro-2-benzofuran-1,3-dione",
    "5-chloro-2-benzofuran-1,3-dione",
    "5-chloro-isobenzofuran-1,3-dione",
    "5-chloroisobenzofuran-1,3-dione",
    "5-chlorophthalic anhydride",
    "AAA11845",
    "AKOS005255169",
    "BBL028284",
    "BP-10007",
    "BPI93D0O61",
    "C1328",
    "CS-W019466",
    "DB-006783",
    "DTXCID9074484",
    "DTXSID30151993",
    "EC 204-251-9",
    "EINECS 204-251-9",
    "EN300-97396",
    "FS-2545",
    "MFCD00152354",
    "NS00002927",
    "P-CHLOROPHTHALIC ANHYDRIDE",
    "PHTHALIC ANHYDRIDE, 4-CHLORO-",
    "Q4637112",
    "SCHEMBL79617",
    "STL373477",
    "SY002025",
    "UNII-BPI93D0O61"
  ],
  "CAS": [
    "118-45-6"
  ],
  "M": 182.56,
  "formula": "C8H3ClO3",
  "SMILES": "C1=CC2=C(C=C1Cl)C(=O)OC2=O",
  "InChi": "InChI=1S/C8H3ClO3/c9-4-1-2-5-6(3-4)8(11)12-7(5)10/h1-3H",
  "InChiKey": "BTTRMCQEPDPCPA-UHFFFAOYSA-N",
  "logP": 1.9,
  "date": "2025-03-19"
}