{
  "CID": 69150,
  "name": "bis(4-hydroxyphenyl)methanone",
  "synonyms": [
    "210-288-1",
    "4,4 -Dihydroxybenzophenone",
    "4,4 inverted exclamation mark -Dihydroxybenzophenone",
    "4,4 inverted exclamation marka-Dihydroxybenzophenone",
    "4,4' dihydroxybenzophenone",
    "4,4'-Dihydoxybenzophenone",
    "4,4'-Dihydroxybenzophenone",
    "4,4'-Dihydroxybenzophenone, 99%",
    "4,4'-Dihydroxybenzophenone, analytical standard",
    "4,4'-Dihydroxydiphenyl ketone",
    "4,4'-dihydoxy-benzophenone",
    "4,4'-dihydroxy benzophenone",
    "4,4'-dihydroxy-benzophenone",
    "4,4'-dihydroxybenzophenon",
    "4,4'Dihydoxybenzophenone",
    "4,4'Dihydroxydiphenyl ketone",
    "4,4'dihydroxy-benzophenone",
    "4,4'dihydroxybenzophenone",
    "4,4-DIHYDROXY BENZOPHENONE",
    "4,4-DIHYDROXYBENZOPHENONE",
    "4,4?-Dihydroxybenzophenone",
    "4,4\\'-Dihydroxybenzophenone",
    "4,4`-Dihydroxybenzophenone",
    "4-(4-hydroxybenzoyl)phenol",
    "4-08-00-02452 (Beilstein Handbook Reference)",
    "4-[(4-hydroxyphenyl)carbonyl]phenol",
    "611-99-4",
    "AC-348",
    "AC7529",
    "AI3-00127",
    "AKOS005206702",
    "BDBM25807",
    "BIDD:ER0179",
    "BP_14",
    "BRN 1874572",
    "Benzophenone, 4,4'-dihydroxy-",
    "Benzophenone, 4,4'dihydroxy",
    "Bis(4-hydroxy)benzophenone",
    "Bis(4-hydroxyphenyl) ketone",
    "Bis(4-hydroxyphenyl)methanone;4,4'-Dihydroxybenzophenone;4,4'-Dihydroxydiphenyl ketone",
    "Bis(4hydroxyphenyl) ketone",
    "Bis(p-hydroxy)benzophenone",
    "Bis(phydroxy)benzophenone",
    "Bis-(4-hydroxy-phenyl)-methanone",
    "CAS-611-99-4",
    "CCRIS 9457",
    "CHEBI:34365",
    "CHEMBL194859",
    "CS-W014942",
    "Compound 0627-0373 (DHBP)",
    "D0577",
    "DB-014392",
    "DB07635",
    "DTXCID602425",
    "DTXSID1022425",
    "EINECS 210-288-1",
    "FB18692",
    "GS-3450",
    "HBP (ketone)",
    "HY-W014226",
    "HZR7D31SBY",
    "MFCD00002358",
    "Methanone, bis(4-hydroxyphenyl)-",
    "Methanone, bis(4-hydroxyphenyl)-(9CI)",
    "Methanone, bis(4hydroxyphenyl)",
    "NCGC00248695-01",
    "NCGC00258104-01",
    "NS00005686",
    "NSC 2831",
    "NSC-2831",
    "NSC2831",
    "Oprea1_287266",
    "PD005603",
    "Q4637052",
    "SCHEMBL18423",
    "SR-01000393027",
    "SR-01000393027-1",
    "STK668062",
    "SY005681",
    "Tox21_200550",
    "UNII-HZR7D31SBY",
    "bis(4-hydroxyphenyl)-methanone",
    "bis(4-hydroxyphenyl)methanone",
    "p,p'-Dihydroxybenzophenone",
    "p,p'Dihydroxybenzophenone"
  ],
  "CAS": [
    "611-99-4"
  ],
  "M": 214.22,
  "formula": "C13H10O3",
  "SMILES": "C1=CC(=CC=C1C(=O)C2=CC=C(C=C2)O)O",
  "InChi": "InChI=1S/C13H10O3/c14-11-5-1-9(2-6-11)13(16)10-3-7-12(15)8-4-10/h1-8,14-15H",
  "InChiKey": "RXNYJUSEXLAVNQ-UHFFFAOYSA-N",
  "logP": 2.7,
  "date": "2025-03-19"
}