{
  "CID": 6428,
  "name": "1,1,2-trichloro-1,2,2-trifluoroethane",
  "synonyms": [
    "0739N04X3A",
    "1,1,2-TRICHLOR-1,2,2-TRIFLUORETHANE",
    "1,1,2-TRICHLORO-1,2,2-TRIFLUOROETHANE [HSDB]",
    "1,1,2-Trichloro-1,2,2-trifluoro ethane",
    "1,1,2-Trichloro-1,2,2-trifluoroethane",
    "1,1,2-Trichloro-1,2,2-trifluoroethane (CFC-113)",
    "1,1,2-Trichloro-1,2,2-trifluoroethane, for HPLC, >=99.7% (GC)",
    "1,1,2-Trichloro-1,2,2-trifluoroethane, technical grade",
    "1,1,2-Trichlorotrifluoroethane",
    "1,1,2-Trichlorotrifluoroethane 10 microg/mL in Methanol",
    "1,1,2-Trichlorotrifluoroethane 100 microg/mL in Methanol",
    "1,1,2-Trichlorotrifluoroethane, HPLC grade, >=99.9%",
    "1,1,2-Trichlorotrifluoroethane, ReagentPlus(R), 99%",
    "1,1,2-Trichlorotrifluoroethane, Spectral Grade",
    "1,1,2-Trichlorotrifluoroethane, anhydrous, 99.8%",
    "1,1,2-Trichlorotrifuoroethane",
    "1,1,2-Trifluoro-1,2,2-trichloroethane",
    "1,1,2-Trifluorotrichloroethane",
    "1,1,2-tri-fluorotrichloroethane",
    "1,1,2-trichloro -1,2,2-trifluoroethane",
    "1,1,2-trichloro-1,2,2-trifluoro-ethane",
    "1,1,2-trichloro-1,2,2-trifluoroetane",
    "1,1,2-trichloro-1,2,2-trifluoroethane",
    "1,1,2-trichloro-1,2,2-trifluoroethane 2000 microg/mL in Methanol",
    "1,1,2-trichlorotrifiuoroethane",
    "1,1,2-trifluoro-trichloroethane",
    "1,2,2-Trichlorotrifluoroethane",
    "1,2,2-Trifluorotrichloroethane",
    "1,2,2-trichloro-1,1,2-trifluoroethane",
    "1,2,2-trifluoroperchloroethane",
    "76-13-1",
    "AI3-62874",
    "AJDIZQLSFPQPEY-UHFFFAOYSA-",
    "AKOS000120164",
    "Arcton 63",
    "Arklone",
    "Arklone P",
    "Asahifron 113",
    "BRN 1740335",
    "CAS-76-13-1",
    "CFC 113",
    "CFC-113",
    "CFCl2CF2Cl",
    "CHEBI:193131",
    "CHEMBL478511",
    "Chlorofluorocarbon 113",
    "DB-056028",
    "DESFLURANE IMPURITY G [EP IMPURITY]",
    "DTXCID601377",
    "DTXSID6021377",
    "Daiflon S 3",
    "Delifrene LS",
    "Distillex DS5",
    "EINECS 200-936-1",
    "Ethane, 1,1,2-trichloro-1,2,2-trifluoro-",
    "F 113",
    "F8889-9400",
    "FC 113",
    "FC 133",
    "FREON 113",
    "Flugene 113",
    "Fluorocarbon 113",
    "Forane 113",
    "Freon 113 TR-T",
    "Freon 113TR-T",
    "Freon F113",
    "Freon R 113",
    "Freon TF",
    "Freon TF (113)",
    "Frigen 113",
    "Frigen 113 TR",
    "Frigen 113 TR-T",
    "Frigen 113A",
    "Frigen 113TR",
    "Frigen 113TR-N",
    "Frigen 113tr-T",
    "Genesolv D",
    "Genetron 113",
    "HSDB 145",
    "Halocarbon 113",
    "Halon 113",
    "InChI=1/C2Cl3F3/c3-1(4,6)2(5,7)8",
    "Isceon 113",
    "Kaiser chemicals 11",
    "Kaltron 113MDR",
    "Khladon 113",
    "LEDON 113",
    "MFCD00000782",
    "NCGC00248592-01",
    "NCGC00257955-01",
    "NS00006310",
    "Propellant 113",
    "Q161276",
    "R 113",
    "R 113 (Halocarbon)",
    "R 113(Halocarbon)",
    "R-113",
    "Racon 113",
    "Refrigerant 113",
    "Refrigerant R 113",
    "SCHEMBL62713",
    "Tox21_200401",
    "Trichloro 1,2,2-trifluoroethane",
    "Trichlorotrifluoroethane, European Pharmacopoeia (EP) Reference Standard",
    "UNII-0739N04X3A",
    "Ucon fluorocarbon 113",
    "freon-113"
  ],
  "CAS": [
    "76-13-1"
  ],
  "M": 187.37,
  "formula": "C2Cl3F3",
  "SMILES": "C(C(F)(Cl)Cl)(F)(F)Cl",
  "InChi": "InChI=1S/C2Cl3F3/c3-1(4,6)2(5,7)8",
  "InChiKey": "AJDIZQLSFPQPEY-UHFFFAOYSA-N",
  "logP": 3.2,
  "date": "2025-03-19"
}