{
  "CID": 66597,
  "name": "(4-tert-butylphenyl) 2-hydroxybenzoate",
  "synonyms": [
    "(4-tert-butylphenyl) 2-hydroxybenzoate",
    "2-Hydroxybenzoic acid 4-(1,1-dimethylethyl)phenyl ester",
    "201-728-3",
    "3-10-00-00133 (Beilstein Handbook Reference)",
    "4-(t-Butylphenyl) salicyclate",
    "4-(tert-Butyl)phenyl 2-hydroxybenzoate",
    "4-TBPS compound",
    "4-TERT-BUTYLPHENYL SALICYLATE [MI]",
    "4-Tert-butylphenyl salicylic acid",
    "4-tert-Butylphenyl salicylate",
    "4-tert-butylphenyl 2-hydroxybenzoate",
    "87-18-3",
    "AKOS015838937",
    "BRN 2130191",
    "BS-23281",
    "Benzoic acid, 2-hydroxy-, 4-(1,1-dimethylethyl)phenyl ester",
    "Benzoic acid, 4-(1,1-dimethylethyl)phenyl ester",
    "CAS-87-18-3",
    "CHEBI:177408",
    "CHEMBL3186746",
    "CS-0205974",
    "DB-056978",
    "DBOSBRHMHBENLP-UHFFFAOYSA-",
    "DTXCID7017745",
    "DTXSID9037745",
    "E78891",
    "EINECS 201-728-3",
    "InChI=1/C17H18O3/c1-17(2,3)12-8-10-13(11-9-12)20-16(19)14-6-4-5-7-15(14)18/h4-11,18H,1-3H3",
    "MFCD00045759",
    "NCGC00257374-01",
    "NS00022851",
    "NSC 33404",
    "NSC-33404",
    "NSC33404",
    "Q27291379",
    "SCHEMBL77201",
    "Salicyclic acid p-tert-butylphenyl ester",
    "Salicylic Acid 4-tert-Butylphenyl Ester",
    "Salicylic acid p-tert-butylphenyl ester",
    "Salicylic acid, p-tert-butylphenyl ester",
    "Seesorb 202",
    "Sumisorb 90",
    "Tox21_303577",
    "UNII-V0H9R55TGV",
    "UV Absorber NL 3",
    "UV Absorber NL/3",
    "V0H9R55TGV",
    "Viosorb 90",
    "p-t-butylphenyl salicylate",
    "p-terc.Butylfenylester kyseliny salicylove",
    "p-terc.Butylfenylester kyseliny salicylove [Czech]",
    "p-tert-Butylphenyl salicylate",
    "p-tert-Butylphenylsalicylate",
    "salicylic acid-4-tert.-butylphenyl ester"
  ],
  "CAS": [
    "87-18-3"
  ],
  "M": 270.32,
  "formula": "C17H18O3",
  "SMILES": "CC(C)(C)C1=CC=C(C=C1)OC(=O)C2=CC=CC=C2O",
  "InChi": "InChI=1S/C17H18O3/c1-17(2,3)12-8-10-13(11-9-12)20-16(19)14-6-4-5-7-15(14)18/h4-11,18H,1-3H3",
  "InChiKey": "DBOSBRHMHBENLP-UHFFFAOYSA-N",
  "logP": 5.5,
  "date": "2025-03-19"
}