{
  "CID": 6505,
  "name": "tributyl 2-acetyloxypropane-1,2,3-tricarboxylate",
  "synonyms": [
    "0ZBX0N59RZ",
    "1,2,3-Propanetricarboxylic acid, 2-(acetyloxy)-, 1,2,3-tributyl ester",
    "1,2,3-Propanetricarboxylic acid, 2-(acetyloxy)-, tributyl ester",
    "1,2,3-Propanetricarboxylic acid, 2-acetoxy-, tributyl ester",
    "1,2,3-tributyl 2-(acetyloxy)propane-1,2,3-tricarboxylate",
    "1,2,3Propanetricarboxylic acid, 2(acetyloxy), tributyl ester",
    "1,3-Propanetricarboxylic acid, 2-(acetyloxy)-, tributyl ester",
    "1ST001927",
    "1ST001927-1000",
    "2(Acetyloxy)1,2,3propanetricarboxylic acid, tributyl ester",
    "2-(Acetyloxy)-1,2,3-propane tricarboxylic acid, tributyl ester",
    "2-(Acetyloxy)-1,2,3-propanetricarboxylic acid, tributyl ester",
    "2-Acetoxy-1,2, 3-propanetricarboxylic acid tributyl ester",
    "2-Acetoxy-1,2,3-propanetricarboxylic acid tributyl ester",
    "2-Acetoxy-1,3-propanetricarboxylic acid tributyl ester",
    "2-Acetyltributylcitrate",
    "2Acetoxy1,2,3propanetricarboxylic acid tributyl ester",
    "2Acetyltributylcitrate",
    "77-90-7",
    "A0822",
    "A839285",
    "ACETYL TRIBUTYL CITRATE",
    "ACETYL TRIBUTYL CITRATE [INCI]",
    "ACETYLTRIBUTYL CITRATE (II)",
    "ACETYLTRIBUTYL CITRATE (USP-RS)",
    "ACETYLTRIBUTYL CITRATE [HSDB]",
    "ACETYLTRIBUTYL CITRATE [II]",
    "ACETYLTRIBUTYL CITRATE [USP-RS]",
    "AI3-01999",
    "AKOS015895884",
    "ATBC",
    "ATBC plasticizer",
    "Acetyl Tributyl Citrate (ATBC)",
    "Acetyl butyl citrate",
    "Acetyl tri-n-butyl citrate",
    "Acetyl tributyl citrate Solution in Hexane, 1000?g/mL",
    "Acetyl tributyl citrate Solution in Hexane, 1000mug/mL",
    "Acetyl tributyl citric acid",
    "Acetylcitric acid, tributyl ester",
    "Acetyltributyl citrate",
    "Acetyltributyl citrate [NF]",
    "Acetyltributyl citrate, United States Pharmacopeia (USP) Reference Standard",
    "BRN 2303316",
    "BS-18149",
    "Blo-trol",
    "Blotrol",
    "C20H34O8",
    "CAS-77-90-7",
    "CCRIS 3409",
    "CHEBI:168067",
    "CHEMBL1904556",
    "CITRIC ACID, O-ACETYLTRIBUTYL ESTER",
    "CS-W011697",
    "Caswell No. 005AB",
    "Citric acid, acetyl tributyl ester",
    "Citric acid, tributyl ester, acetate",
    "Citric acid, tributyl ester, acetate (8CI)",
    "Citroflex A",
    "Citroflex A 4",
    "D70155",
    "DA-78604",
    "DTXCID006446",
    "DTXSID2026446",
    "EC 201-067-0",
    "EINECS 201-067-0",
    "Estaflex",
    "Estaflex ATC",
    "FEMA 3080",
    "FEMA No. 3080",
    "FT61223",
    "HSDB 656",
    "HY-W010981",
    "MFCD00043554",
    "MSK001927",
    "MSK001927-1000",
    "NCGC00164157-01",
    "NCGC00164157-02",
    "NCGC00257221-01",
    "NCGC00259328-01",
    "NCI60_003698",
    "NS00010307",
    "NSC 3894",
    "NSC-3894",
    "NSC3894",
    "Pfizer citroflex A-4",
    "Q4673294",
    "SCHEMBL23183",
    "SR-01000883988",
    "SR-01000883988-1",
    "TRIBUTYL ACETYLCITRATE (EP MONOGRAPH)",
    "TRIBUTYL ACETYLCITRATE (MART.)",
    "TRIBUTYL ACETYLCITRATE [EP MONOGRAPH]",
    "TRIBUTYL ACETYLCITRATE [FHFI]",
    "TRIBUTYL ACETYLCITRATE [MART.]",
    "Tox21_112777",
    "Tox21_201779",
    "Tox21_303128",
    "Tributyl 2(acetyloxy)1,2,3propanetricarboxylate",
    "Tributyl 2-(acetyloxy)-1,2, 3-propanetricarboxylic acid",
    "Tributyl 2-(acetyloxy)-1,2,3-propanetricarboxylate",
    "Tributyl 2-(acetyloxy)-1,2,3-propanetricarboxylic acid",
    "Tributyl 2-(acetyloxy)-1,3-propanetricarboxylic acid",
    "Tributyl 2-acetoxy-1,2, 3-propanetricarboxylate",
    "Tributyl 2-acetoxy-1,2,3-propanetricarboxylate",
    "Tributyl 2-acetoxy-1,3-propanetricarboxylate",
    "Tributyl 2-acetylcitrate",
    "Tributyl 2-acetylcitrate, >=98%, FG",
    "Tributyl 2-acetylcitrate, Pharmaceutical Secondary Standard; Certified Reference Material",
    "Tributyl 2acetoxy1,2,3propanetricarboxylate",
    "Tributyl O-acetylcitrate",
    "Tributyl O-acetylcitrate, 98%",
    "Tributyl Oacetylcitrate",
    "Tributyl acetyl citrate",
    "Tributyl acetylcitrate",
    "Tributyl acetylcitrate, European Pharmacopoeia (EP) Reference Standard",
    "Tributyl acetylicitrate",
    "Tributyl citrate acetate",
    "UNII-0ZBX0N59RZ",
    "Uniplex 84",
    "acetylcitric acid tributyl ester",
    "acetyltributylcitrate",
    "o-Acetylcitric acid tributyl ester",
    "tributyl 2-acetoxypropane-1,2,3-tricarboxylate",
    "tributyl 2-acetyloxypropane-1,2,3-tricarboxylate",
    "tributyl-o-acetyl citrate"
  ],
  "CAS": [
    "77-90-7"
  ],
  "M": 402.5,
  "formula": "C20H34O8",
  "SMILES": "CCCCOC(=O)CC(CC(=O)OCCCC)(C(=O)OCCCC)OC(=O)C",
  "InChi": "InChI=1S/C20H34O8/c1-5-8-11-25-17(22)14-20(28-16(4)21,19(24)27-13-10-7-3)15-18(23)26-12-9-6-2/h5-15H2,1-4H3",
  "InChiKey": "QZCLKYGREBVARF-UHFFFAOYSA-N",
  "logP": 3.3,
  "date": "2025-03-19"
}