{
  "CID": 638079,
  "name": "cyclooctene",
  "synonyms": [
    "(1Z)-cyclooctene",
    "(7Z)-cyclooctene",
    "(Z)-Cyclooctene",
    "1-Cyclooctene #",
    "25267-51-0",
    "931-87-3",
    "931-88-4",
    "931-89-5",
    "AE340T3540",
    "AI3-26693",
    "AKOS000121281",
    "BS-23512",
    "C0506",
    "CHEBI:225365",
    "CHEBI:229204",
    "CHEMBL30773",
    "CYCLOOCTENE",
    "Cyclooctene 100 microg/mL in Acetonitrile",
    "Cyclooctene, (Z)-",
    "Cyclooctene, analytical standard",
    "DB-246774",
    "DTXSID20883615",
    "EC 213-243-4",
    "EINECS 213-243-4",
    "EINECS 213-245-5",
    "EN300-21667",
    "EN300-304057",
    "MFCD00001753",
    "NSC 72425",
    "NSC-72425",
    "NSC72425",
    "Q415390",
    "UNII-AE340T3540",
    "cis-Cyclooctene",
    "cis-Cyclooctene, 95%, stab. with IRGANOX 1076",
    "cis-Cyclooctene, contains 100-200 ppm Irganox 1076 FD as antioxidant, 95%",
    "cyclooctene",
    "cyclooctene, (1Z)-"
  ],
  "CAS": [
    "25267-51-0",
    "931-87-3",
    "931-88-4",
    "931-89-5"
  ],
  "M": 110.2,
  "formula": "C8H14",
  "SMILES": "C1CCCC=CCC1",
  "InChi": "InChI=1S/C8H14/c1-2-4-6-8-7-5-3-1/h1-2H,3-8H2/b2-1-",
  "InChiKey": "URYYVOIYTNXXBN-UPHRSURJSA-N",
  "logP": 3.5,
  "date": "2025-03-19"
}