{
  "CID": 637090,
  "name": "(E)-but-2-enoic acid",
  "synonyms": [
    "(2E)-2-Butenoic acid",
    "(2E)-2-Butenoic acid; (E)-Crotonic acid; trans-2-Butenoic acid; trans-Crotonic acid",
    "(2E)-2-butenoate",
    "(2E)-but-2-enoic acid",
    "(E)-2-BUTENOIC ACID [FHFI]",
    "(E)-2-Butenoic acid",
    "(E)-2-Butenoic acid; (E)-Crotonic acid; trans-2-Butenoic acid; trans-Crotonic acid; NSC 8751",
    "(E)-Crotonic acid",
    "(E)-but-2-enoate",
    "(E)-but-2-enoic acid",
    ".BETA.-METHACRYLIC ACID",
    ".alpha.-Crotonic acid",
    "107-93-7",
    "2-Butenoate",
    "2-Butenoic acid",
    "2-Butenoic acid, (E)-",
    "2-Butenoicacid",
    "2-butenic acid",
    "2-butenoic acid, (2E)-",
    "2E-butenoic acid",
    "3-Methylacrylic acid",
    "3-methyl-Acrylic acid",
    "3724-65-0",
    "4-02-00-01498 (Beilstein Handbook Reference)",
    "503-64-0",
    "A902650",
    "AI3-06287",
    "AKOS000119656",
    "AT32243",
    "Acrylic acid, 3-methyl-",
    "BBL027395",
    "BDBM50427207",
    "BRN 1098434",
    "BRN 1719943",
    "BUTENOIC ACID",
    "Butenoate",
    "C01771",
    "CAS-3724-65-0",
    "CH3CH=CHCOOH",
    "CHEBI:17217",
    "CHEBI:41131",
    "CHEMBL1213528",
    "CROTONIC ACID",
    "CROTONIC ACID [HSDB]",
    "CROTONIC ACID [MI]",
    "CROTONIC ACID, TRANS-",
    "CS-0017976",
    "Crotonic acid, (E)-",
    "Crotonic acid, 98%",
    "Crotonic acid, liquid",
    "Crotonic acid, liquid [UN2823]  [Corrosive]",
    "Crotonic acid, solid",
    "Crotonic acid, solid [UN2823] [Corrosive]",
    "Crotonicacid",
    "Crotonsaeure",
    "DB-029600",
    "DB-029602",
    "DB02074",
    "DTXCID507544",
    "DTXSID30880973",
    "DTXSID7027544",
    "E-but-2-enoic acid",
    "EC 203-533-9",
    "EINECS 203-533-9",
    "EINECS 223-077-4",
    "EN300-19907",
    "EN300-306935",
    "F2191-0211",
    "FC14803",
    "FC34395",
    "FEMA NO. 3908",
    "HSDB 2814",
    "HY-Y1644",
    "Kyselina krotonova",
    "Kyselina krotonova [Czech]",
    "LMFA01030195",
    "MFCD00002701",
    "NCGC00249105-01",
    "NCGC00257147-01",
    "NCGC00259279-01",
    "NS00002825",
    "NSC 206946",
    "NSC 8751",
    "NSC-206946",
    "NSC-8751",
    "NSC8751",
    "Q414207",
    "RB8002",
    "STL146356",
    "Solid crotonic acid",
    "Tox21_201730",
    "Tox21_303208",
    "UN 2823",
    "UN2823",
    "UNII-YW5WZZ4O5Q",
    "YW5WZZ4O5Q",
    "Z104476026",
    "a-butenoate",
    "a-butenoic acid",
    "a-crotonic acid",
    "acide crotonique",
    "alpha-Butenoic acid",
    "alpha-Crotonic acid",
    "b-methacrylic acid",
    "beta-Methacrylic acid",
    "beta-Methylacrylic acid",
    "but-2-enoic acid",
    "trans-2-Butenoic acid",
    "trans-Crotonic acid"
  ],
  "CAS": [
    "107-93-7",
    "3724-65-0",
    "503-64-0"
  ],
  "M": 86.09,
  "formula": "C4H6O2",
  "SMILES": "CC=CC(=O)O",
  "InChi": "InChI=1S/C4H6O2/c1-2-3-4(5)6/h2-3H,1H3,(H,5,6)/b3-2+",
  "InChiKey": "LDHQCZJRKDOVOX-NSCUHMNNSA-N",
  "logP": 0.7,
  "date": "2025-03-19"
}