{
  "CID": 69347,
  "name": "2-hexadecanoyloxyethyl hexadecanoate",
  "synonyms": [
    "1,2-Di-O-Hexadecanoylethanediol",
    "1,2-ETHYLENE DIPALMITATE",
    "1,2-dihexadecanoyl ethylene glycol",
    "2-(HEXADECANOYLOXY)ETHYL HEXADECANOATE",
    "2-(Palmitoyloxy)ethyl palmitate #",
    "2-hexadecanoyloxyethyl hexadecanoate",
    "210-826-5",
    "32628-06-1",
    "624-03-3",
    "8XIR673VTI",
    "A11581",
    "AI3-03504",
    "AKOS030228582",
    "AS-58372",
    "CS-0160268",
    "DTXCID10133939",
    "DTXSID10211448",
    "EC 210-826-5",
    "EINECS 210-826-5",
    "ETHYLENE GLYCOL, DIPALMITATE",
    "Ethane-1,2-diyl palmitate",
    "Ethylene dipalmitate",
    "Ethylene glycol dihexadecanoate",
    "Ethylene glycol dipalmitate",
    "Ethylene palmitate",
    "FD172106",
    "HEXADECANOIC ACID, 1,1'-(1,2-ETHANEDIYL) ESTER",
    "Hexadecanoic acid, 1,2-ethanediyl ester",
    "MFCD00674219",
    "NS00002894",
    "NSC 6819",
    "NSC-6819",
    "NSC6819",
    "PD088521",
    "Palmitic acid, ethylene ester",
    "Q27271160",
    "SCHEMBL102577",
    "UNII-8XIR673VTI",
    "ethane-1,2-diyl dipalmitate",
    "ethane-1,2-diyldipalmitate"
  ],
  "CAS": [
    "32628-06-1",
    "624-03-3"
  ],
  "M": 538.9,
  "formula": "C34H66O4",
  "SMILES": "CCCCCCCCCCCCCCCC(=O)OCCOC(=O)CCCCCCCCCCCCCCC",
  "InChi": "InChI=1S/C34H66O4/c1-3-5-7-9-11-13-15-17-19-21-23-25-27-29-33(35)37-31-32-38-34(36)30-28-26-24-22-20-18-16-14-12-10-8-6-4-2/h3-32H2,1-2H3",
  "InChiKey": "IKVCSHRLYCDSFD-UHFFFAOYSA-N",
  "logP": 14.7,
  "date": "2025-03-19"
}