{
  "CID": 67014,
  "name": "4-chloro-2-benzofuran-1,3-dione",
  "synonyms": [
    "1,3-Isobenzofurandione, 4-chloro-",
    "1,3-Isobenzofurandione, chloro-",
    "117-21-5",
    "204-179-8",
    "3-Chlorophthalic acid anhydride 100 microg/mL in Acetonitrile",
    "3-Chlorophthalic anhydride",
    "3-Chlorophthalic anhydride, tech grade",
    "3-chloro-phthalic anhydride",
    "3-chlorophthalic acid anhydride",
    "4-Chloro-isobenzofuran-1,3-dione",
    "4-chloranyl-2-benzofuran-1,3-dione",
    "4-chloro-1,3-dihydro-2-benzofuran-1,3-dione",
    "4-chloro-2-benzofuran-1,3-dione",
    "4-chloroisobenzofuran-1,3-dione",
    "A840202",
    "AKOS002687652",
    "C3489",
    "CS-0108687",
    "DB-041355",
    "DTXCID4074144",
    "DTXSID10151653",
    "EC 204-179-8",
    "EINECS 204-179-8",
    "EN300-120942",
    "FS-1337",
    "MFCD00023107",
    "NS00009364",
    "NSC 122937",
    "NSC-122937",
    "NSC122937",
    "Phthalic anhydride, 3-chloro-",
    "Q4634121",
    "SCHEMBL261766",
    "SY001001",
    "UNII-VO7NXT0137",
    "VO7NXT0137",
    "chlorophthalic anhydride"
  ],
  "CAS": [
    "117-21-5"
  ],
  "M": 182.56,
  "formula": "C8H3ClO3",
  "SMILES": "C1=CC2=C(C(=C1)Cl)C(=O)OC2=O",
  "InChi": "InChI=1S/C8H3ClO3/c9-5-3-1-2-4-6(5)8(11)12-7(4)10/h1-3H",
  "InChiKey": "UERPUZBSSSAZJE-UHFFFAOYSA-N",
  "logP": 1.9,
  "date": "2025-03-19"
}