{
  "CID": 77897,
  "name": "(2,4-ditert-butylphenyl) 3,5-ditert-butyl-4-hydroxybenzoate",
  "synonyms": [
    "(2,4-ditert-butylphenyl) 3,5-ditert-butyl-4-hydroxybenzoate",
    "2,4-DI-TERT-BUTYLPHENYL 4'-HYDROXY-3',5'-DI-TERT-BUTYLBENZOATE",
    "2,4-Di-tert-butylphenyl 3,5-di-tert-butyl-4-hydroxybenzoate",
    "2,4-Di-tert-butylphenyl 3a(2),5a(2)-di-tert-butyl-4a(2)-hydroxybenzoate",
    "2,4-Di-tert-butylphenyl3,5-di-tert-buty1-4-hydroxybenzoate",
    "2,4-di-tert-butylphenyl 3',5'-di-tert-butyl-4'-hydroxybenzoate",
    "3,5-DI-TERT-BUTYL-4-HYDROXYBENZOIC ACID, 2,4,-DI-TERT-BUTYLPHENYL ESTER",
    "3,5-Di-tert-butyl-4-hydroxybenzoic acid, (2,4-di-tert-butylphenyl) ester",
    "3,5-Ditert-butyl-4-hydroxy-(2,4-ditert-butylphenyl)benzoate",
    "4221-80-1",
    "AKOS015895752",
    "BENZOIC ACID, 3,5-DI-TERT-BUTYL-4-HYDROXY-, 2,4-DI-TERT-BUTYLPHENYL ESTER",
    "Benzoic acid, 3,5-bis(1,1-dimethylethyl)-4-hydroxy-, 2,4-bis(1,1-dimethylethyl)phenyl ester",
    "Benzoic acid,3,5-bis(1,1-dimethylethyl)-4-hydroxy-, 2,4-bis(1,1-dimethylethyl)phenyl ester",
    "DBHDBPB",
    "DTXCID3040063",
    "DTXSID5063364",
    "EC 224-166-0",
    "EINECS 224-166-0",
    "G78373",
    "KJYSXRBJOSZLEL-UHFFFAOYSA-N",
    "M2AC510TZ8",
    "NS00001946",
    "Q27283386",
    "SCHEMBL76989",
    "TETRABUTYL PHENYL HYDROXYBENZOATE [INCI]",
    "Tetrabutyl Phenyl Hydroxybenzoate",
    "UNII-M2AC510TZ8",
    "UV Absorber UV120",
    "UV-CHEK AM-340",
    "starbld0016914"
  ],
  "CAS": [
    "4221-80-1"
  ],
  "M": 438.6,
  "formula": "C29H42O3",
  "SMILES": "CC(C)(C)C1=CC(=C(C=C1)OC(=O)C2=CC(=C(C(=C2)C(C)(C)C)O)C(C)(C)C)C(C)(C)C",
  "InChi": "InChI=1S/C29H42O3/c1-26(2,3)19-13-14-23(20(17-19)27(4,5)6)32-25(31)18-15-21(28(7,8)9)24(30)22(16-18)29(10,11)12/h13-17,30H,1-12H3",
  "InChiKey": "KJYSXRBJOSZLEL-UHFFFAOYSA-N",
  "logP": 9.7,
  "date": "2025-03-19"
}