{
  "CID": 73981,
  "name": "magnesium;dihydroxide",
  "synonyms": [
    "1309-42-8",
    "1909-42-8",
    "215-170-3",
    "AKOS015904092",
    "Antacid-Laxative",
    "C07876",
    "CHEBI:35149",
    "CHEBI:6637",
    "CHEMBL1200718",
    "CVS Health Childrens",
    "CVS Health ChildrensSaline Laxative",
    "Childrens Oral Saline Laxative",
    "DB09104",
    "DTXCID1029621",
    "DTXSID4049662",
    "Dulcolax Chewy Bites Assorted Fruits",
    "Dulcolax Chewy Fruit Bites Cherry Berry",
    "Dulcolax Soft Chews Black Cherry",
    "Dulcolax Soft Chews Mixed Berry",
    "Dulcolax Soft Chews Watermelon",
    "DulcolaxLiquid",
    "E-528",
    "E528",
    "Hidroxido de magnesio",
    "Hydrate, Magnesium",
    "Hydroxide, Magnesium",
    "INS NO.528",
    "INS-528",
    "MAGNALAX",
    "MAGNESIA,",
    "MAGNESII HYDROXIDUM [WHO-IP LATIN]",
    "MAGNESIUM HYDROXIDE (EP IMPURITY)",
    "MAGNESIUM HYDROXIDE (EP MONOGRAPH)",
    "MAGNESIUM HYDROXIDE (II)",
    "MAGNESIUM HYDROXIDE (MART.)",
    "MAGNESIUM HYDROXIDE (USP MONOGRAPH)",
    "MAGNESIUM HYDROXIDE (USP-RS)",
    "MAGNESIUM HYDROXIDE COMPONENT OF PEPCID COMPLETE",
    "MAGNESIUM HYDROXIDE [EP IMPURITY]",
    "MAGNESIUM HYDROXIDE [EP MONOGRAPH]",
    "MAGNESIUM HYDROXIDE [FCC]",
    "MAGNESIUM HYDROXIDE [HSDB]",
    "MAGNESIUM HYDROXIDE [II]",
    "MAGNESIUM HYDROXIDE [MART.]",
    "MAGNESIUM HYDROXIDE [MI]",
    "MAGNESIUM HYDROXIDE [ORANGE BOOK]",
    "MAGNESIUM HYDROXIDE [USP MONOGRAPH]",
    "MAGNESIUM HYDROXIDE [USP-RS]",
    "MAGNESIUM HYDROXIDE [VANDF]",
    "MAGNESIUM HYDROXIDE [WHO-DD]",
    "MVT Powder",
    "Magmex",
    "Magnesia Magma",
    "Magnesii hydroxidum",
    "Magnesio hidroxido",
    "Magnesium (as hydroxide)",
    "Magnesium hydrate",
    "Magnesium hydroxide [JAN]",
    "Magnesium(II) hydroxide",
    "Magnesiumhydroxid",
    "Magnesiumhydroxide",
    "Mg(OH)2",
    "Milk of magnesia",
    "NBZ3QY004S",
    "NS00074456",
    "Oxaine M",
    "PEPCID COMPLETE COMPONENT MAGNESIUM HYDROXIDE",
    "PHENOL,2-[4,6-BIS(2,4-DIMETHYLPHENYL)-1,3,5-TRIAZIN-2-YL]-5-(2-BUTEN-1-YLOXY)-",
    "Phillips magnesia tablets",
    "Q407548",
    "Walgreens Blueberry Raspberry Gentle Laxative",
    "Walgreens ChildrensSaline Laxative",
    "magnesium hydroxides",
    "magnesium(2+) hydroxide",
    "magnesium;dihydroxide"
  ],
  "CAS": [
    "1309-42-8",
    "1909-42-8"
  ],
  "M": 58.32,
  "formula": "H2MgO2",
  "SMILES": "[OH-].[OH-].[Mg+2]",
  "InChi": "InChI=1S/Mg.2H2O/h;2*1H2/q+2;;/p-2",
  "InChiKey": "VTHJTEIRLNZDEV-UHFFFAOYSA-L",
  "logP": null,
  "date": "2025-03-19"
}