{
  "CID": 78138,
  "name": "benzene-1,3,5-tricarbonyl chloride",
  "synonyms": [
    "1,3,5 benzene tricarbonyl chloride",
    "1,3,5-Benzene-tricarbonyl trichloride",
    "1,3,5-Benzenetricarbonyl chloride",
    "1,3,5-Benzenetricarbonyl trichloride",
    "1,3,5-Benzenetricarbonyl trichloride, 98%",
    "1,3,5-Benzenetricarboxylic acid chloride",
    "1,3,5-Benzenetricarboxylic chloride",
    "1,3,5-TRIMESOYL CHLORIDE",
    "1,3,5-TRIS(CHLOROCARBONYL)BENZENE",
    "1,3,5-TRIS(CHLOROFORMYL)BENZENE",
    "1,3,5-Tri(chloroformyl)benzene",
    "1,3,5-benzenetricarbonyltrichloride",
    "1,3,5-benzenetricarboxylic acid trichloride",
    "1,5-BENZENETRICARBONYL TRICHLORIDE",
    "1,5-Benzenetricarbonyl chloride",
    "1,5-Benzenetricarboxylic acid chloride",
    "1,5-Benzenetricarboxylic chloride",
    "4422-95-1",
    "5866PEO79W",
    "AKOS015890459",
    "BP-31192",
    "Benzene-1,3,5-tricarbonyl chloride",
    "Benzenetricarbonyl chloride",
    "C9H3Cl3O3",
    "CAS-4422-95-1",
    "CHEMBL3182363",
    "D94643",
    "DB-051196",
    "DTXCID5024429",
    "DTXSID7044429",
    "EINECS 224-594-8",
    "FT165516",
    "LS-13570",
    "MFCD00000679",
    "NCGC00255811-01",
    "NS00049299",
    "NSC 82328",
    "NSC-82328",
    "NSC82328",
    "Q27261566",
    "SCHEMBL38576",
    "T1262",
    "Tox21_302180",
    "Trimesic acid trichloride",
    "Trimesoyl chloride",
    "UNII-5866PEO79W",
    "benzene-1,3,5-tricarbonyl chloride",
    "benzene-1,3,5-tricarbonyl trichloride",
    "trimesic acid chloride",
    "trimesoyl trichloride",
    "trimesoylchloride"
  ],
  "CAS": [
    "4422-95-1"
  ],
  "M": 265.5,
  "formula": "C9H3Cl3O3",
  "SMILES": "C1=C(C=C(C=C1C(=O)Cl)C(=O)Cl)C(=O)Cl",
  "InChi": "InChI=1S/C9H3Cl3O3/c10-7(13)4-1-5(8(11)14)3-6(2-4)9(12)15/h1-3H",
  "InChiKey": "UWCPYKQBIPYOLX-UHFFFAOYSA-N",
  "logP": 3.5,
  "date": "2025-03-19"
}