{
  "CID": 76382,
  "name": "2,2,4,4-tetramethylcyclobutane-1,3-diol",
  "synonyms": [
    "(1R,3r)-2,2,4,4-tetramethylcyclobutane-1,3-diol",
    "1, 2,2,4,4-tetramethyl-, cis-",
    "1,1,3,3-Tetramethylcyclobutanediol",
    "1,3,3-Tetramethylcyclobutanediol",
    "1,3-Cyclobutanediol, 2,2,4,4-tetramethyl-",
    "1,3-Cyclobutanediol, 2,2,4,4-tetramethyl-, cis-",
    "1,3-Cyclobutanediol, 2,2,4,4-tetramethyl-, trans-",
    "2,2,4,4-Tetramethyl-1,3-cyclobutanediol",
    "2,2,4,4-Tetramethyl-1,3-cyclobutanediol, cis-",
    "2,2,4,4-Tetramethyl-1,3-cyclobutanediol, trans-",
    "2,2,4,4-Tetramethyl-1,3-cyclobutanediol,c&t",
    "2,2,4,4-Tetramethylcyclobutane-1,3-diol, cis",
    "2,2,4,4-Tetramethylcyclobutane-1,3-diol, cis-",
    "2,2,4,4-Tetramethylcyclobutane-1,3-diol, trans",
    "2,2,4,4-tetramethycyclobutane-1,3-diol",
    "2,2,4,4-tetramethylcyclobutane-1,3-diol",
    "2,4,4-Tetramethyl-1,3-cyclobutanediol",
    "2,4-dihydroxy-1,1,3,3-tetramethylcyclobutane",
    "2.2.4.4-Tetramethyl-1-3-cyclo-butanediol",
    "221-140-0",
    "2694-23-7",
    "3010-96-6",
    "3039-96-1",
    "812-914-4",
    "9T56625HW3",
    "AI3-26279",
    "AKOS015842160",
    "AS-10568",
    "AT13091",
    "AT23587",
    "CAS-3010-96-6",
    "CHEMBL3186932",
    "CS-0153881",
    "DAA01096",
    "DTXCID7024908",
    "DTXSID301263004",
    "DTXSID9044908",
    "EC 221-140-0",
    "EINECS 221-140-0",
    "EN300-343680",
    "EN300-718454",
    "FQXGHZNSUOHCLO-OLQVQODUSA-N",
    "FQXGHZNSUOHCLO-UHFFFAOYSA-",
    "MFCD00001329",
    "Methyl (4-hydroxy-5-methoxy-2-[2-(methylamino)ethyl]phenyl)acetate",
    "NCGC00256202-01",
    "NCIOpen2_001301",
    "NS00006132",
    "NSC 46473",
    "NSC 92373",
    "NSC-46473",
    "NSC-92373",
    "NSC46473",
    "NSC92373",
    "Q27291490",
    "Q3214022",
    "SCHEMBL268408",
    "SCHEMBL270140",
    "SCHEMBL45446",
    "SCHEMBL5598585",
    "SCHEMBL9880641",
    "T0145",
    "Tetramethyl-1,3-cyclobutanediol",
    "Tox21_301614",
    "UNII-9T56625HW3",
    "UNII-V3G697089H",
    "UNII-V7WK40I307",
    "V3G697089H",
    "V7WK40I307",
    "cis-2,2,4,4-Tetramethyl-1,3-cyclobutanediol",
    "cis-2,2,4,4-tetramethylcyclobutane-1,3-diol",
    "cis-2,4,4-Tetramethyl-1,3-cyclobutanediol",
    "starbld0034661",
    "trans-2,2,4,4-Tetramethyl-1,3-cyclobutanediol",
    "trans-2,2,4,4-tetramethylcyclobutane-1,3-diol"
  ],
  "CAS": [
    "2694-23-7",
    "3010-96-6",
    "3039-96-1"
  ],
  "M": 144.21,
  "formula": "C8H16O2",
  "SMILES": "CC1(C(C(C1O)(C)C)O)C",
  "InChi": "InChI=1S/C8H16O2/c1-7(2)5(9)8(3,4)6(7)10/h5-6,9-10H,1-4H3",
  "InChiKey": "FQXGHZNSUOHCLO-UHFFFAOYSA-N",
  "logP": 1.1,
  "date": "2025-03-19"
}