{
  "CID": 77681,
  "name": "2-cyclohexyl-6-[(3-cyclohexyl-2-hydroxy-5-methylphenyl)methyl]-4-methylphenol",
  "synonyms": [
    "2 pound not2 inverted exclamation mark -methylenebis[6-cyclohexyl-p-cresol]",
    "2,2'-METHYLENEBIS(4-METHYL-6-CYCLOHEXYLPHENOL)",
    "2,2'-Methanediylbis(6-cyclohexyl-4-methylphenol)",
    "2,2'-Methylenebis(6-cyclohexyl-4-methyl)phenol",
    "2,2'-Methylenebis(6-cyclohexyl-4-methylphenol)",
    "2,2'-Methylenebis(6-cyclohexyl-p-cresol)",
    "2,2'-methylenbis-(4-methyl-6-cyclohexylphenol)",
    "2,2'-methylenebis (4-methyl-6-cyclohexylphenol)",
    "2,2'-methylenebis[6-cyclohexyl-p-cresol]",
    "2-cyclohexyl-6-[(3-cyclohexyl-2-hydroxy-5-methylphenyl)methyl]-4-methylphenol",
    "223-773-8",
    "4066-02-8",
    "6,6'-Methylenebis(2-cyclohexyl-4-methylphenol)",
    "6825HV3123",
    "AKOS015915460",
    "AS-66973",
    "Antioxidant ZKF",
    "BIS(3-CYCLOHEXYL-5-METHYL-2-HYDROXYPHENYL)METHANE",
    "Bis(2-hydroxy-3-cyclohexyl-5-methylphenyl)methane",
    "Bis(5-cyclohexyl-6-hydroxy-m-tolyl)methane",
    "D91548",
    "DTXSID6052081",
    "EINECS 223-773-8",
    "M1896",
    "MFCD10000968",
    "NS00020645",
    "Phenol, 2,2'-methylenebis(5-cyclohexyl-4-methyl-",
    "Phenol, 2,2'-methylenebis(6-cyclohexyl-4-methyl-",
    "Phenol, 2,2'-methylenebis[6-cyclohexyl-4-methyl-",
    "Q27264202",
    "SCHEMBL34995",
    "UNII-6825HV3123",
    "Vulkanox ZKF",
    "ZKF",
    "p-Cresol, 2,2'-methylenebis(6-cyclohexyl-",
    "p-Cresol, 2,2'-methylenebis(6-cyclohexyl-(6CI,7CI,8CI)"
  ],
  "CAS": [
    "4066-02-8"
  ],
  "M": 392.6,
  "formula": "C27H36O2",
  "SMILES": "CC1=CC(=C(C(=C1)C2CCCCC2)O)CC3=C(C(=CC(=C3)C)C4CCCCC4)O",
  "InChi": "InChI=1S/C27H36O2/c1-18-13-22(26(28)24(15-18)20-9-5-3-6-10-20)17-23-14-19(2)16-25(27(23)29)21-11-7-4-8-12-21/h13-16,20-21,28-29H,3-12,17H2,1-2H3",
  "InChiKey": "AKNMPWVTPUHKCG-UHFFFAOYSA-N",
  "logP": 8.9,
  "date": "2025-03-19"
}