{
  "CID": 76586,
  "name": "2,6-ditert-butyl-4-(dioctadecoxyphosphorylmethyl)phenol",
  "synonyms": [
    "2,6-ditert-butyl-4-(dioctadecoxyphosphorylmethyl)phenol",
    "3,5-di-tert. butyl-4-hydroxybenzyl-phosphonic acid di-n-octadecyl ester",
    "3135-18-0",
    "DB-243441",
    "DTXCID5038339",
    "DTXSID4062858",
    "Dioctadecyl ((3,5-bis(1,1-dimethylethyl)-4-hydroxyphenyl)methyl)phosphonate",
    "Dioctadecyl [[3,5-bis(1,1-dimethylethyl)-4-hydroxyphenyl]methyl]phosphonate",
    "EINECS 221-532-1",
    "NS00020793",
    "Phosphonic acid, ((3,5-bis(1,1-dimethylethyl)-4-hydroxyphenyl)methyl)-, dioctadecyl ester",
    "Phosphonic acid, P-((3,5-bis(1,1-dimethylethyl)-4-hydroxyphenyl)methyl)-, dioctadecyl ester",
    "Phosphonic acid, P-[[3,5-bis(1,1-dimethylethyl)-4-hydroxyphenyl]methyl]-, dioctadecyl ester",
    "Phosphonic acid, [[3,5-bis(1,1-dimethylethyl)-4-hydroxyphenyl]methyl]-, dioctadecyl ester",
    "SCHEMBL39022"
  ],
  "CAS": [
    "3135-18-0"
  ],
  "M": 805.3,
  "formula": "C51H97O4P",
  "SMILES": "CCCCCCCCCCCCCCCCCCOP(=O)(CC1=CC(=C(C(=C1)C(C)(C)C)O)C(C)(C)C)OCCCCCCCCCCCCCCCCCC",
  "InChi": "InChI=1S/C51H97O4P/c1-9-11-13-15-17-19-21-23-25-27-29-31-33-35-37-39-41-54-56(53,45-46-43-47(50(3,4)5)49(52)48(44-46)51(6,7)8)55-42-40-38-36-34-32-30-28-26-24-22-20-18-16-14-12-10-2/h43-44,52H,9-42,45H2,1-8H3",
  "InChiKey": "SAJFQHPVIYPPEY-UHFFFAOYSA-N",
  "logP": 21.6,
  "date": "2025-03-19"
}