{
  "CID": 7904,
  "name": "ethenyl acetate",
  "synonyms": [
    "1-Acetoxyethylene",
    "108-05-4",
    "203-545-4",
    "93196-02-2",
    "A0045",
    "A801803",
    "AI3-18437",
    "AKOS009120081",
    "Acetate de vinyle",
    "Acetate de vinyle [French]",
    "Acetic Acid Vinyl Ester Monomer",
    "Acetic acid ethenyl ester",
    "Acetic acid vinyl ester",
    "Acetic acid, ethenyl ester",
    "Acetic acid, ethylene ether",
    "Acetic acid, vinyl ester",
    "Acetoxyethene",
    "Acetoxyethylene",
    "BBL036266",
    "C19309",
    "CAS-108-05-4",
    "CCRIS 1306",
    "CH3CO2CH=CH2",
    "CHEBI:46916",
    "CHEMBL1470323",
    "COPOVIDONE IMPURITY C [EP IMPURITY]",
    "DTXCID201431",
    "DTXSID3021431",
    "EC 203-545-4",
    "EINECS 203-545-4",
    "EN300-27348",
    "Essigsaeurevinylester",
    "Ethanoic acid, ethenyl ester",
    "Ethenyl acetate",
    "Ethenyl acetate, 9CI",
    "Ethenyl ethanoate",
    "Everflex 81L",
    "F8880-1173",
    "HSDB 190",
    "InChI=1/C4H6O2/c1-3-6-4(2)5/h3H,1H2,2H",
    "L9MK238N77",
    "MFCD00008713",
    "NCGC00091098-01",
    "NCGC00091098-02",
    "NCGC00258371-01",
    "NS00008176",
    "NSC 8404",
    "NSC-8404",
    "NSC8404",
    "Octan winylu",
    "Octan winylu [Polish]",
    "PHA76598",
    "PONAL",
    "Plyamul 40305-00",
    "Q377339",
    "RP 251",
    "RP 251 (ESTER)",
    "STL264216",
    "Tox21_200817",
    "UN 1301 (Salt/Mix)",
    "UN1301",
    "UNII-L9MK238N77",
    "Unocal 76 Res 6206",
    "Unocal 76 Res S-55",
    "VAC",
    "VAM",
    "VINYL ACETATE",
    "VINYL ACETATE (IARC)",
    "VINYL ACETATE HQ",
    "VINYL ACETATE [HSDB]",
    "VINYL ACETATE [IARC]",
    "VINYL ACETATE [MI]",
    "VINYL ACETATE, STABILIZED",
    "Vinile",
    "Vinile (acetato di)",
    "Vinile (acetato di) [Italian]",
    "Vinile(acetato di)",
    "Vinnapas A 50",
    "Vinyl A monomer",
    "Vinyl Acetate 2000 microg/mL in Methanol",
    "Vinyl Acetate Monomer (stabilized with HQ)",
    "Vinyl Acetate contains 3-20 ppm hydroquinone as inhibitor",
    "Vinyl Acetate(Stabilized with 8-12 ppm Hydroquinone)",
    "Vinyl acetate H.Q.",
    "Vinyl acetate monomer",
    "Vinyl acetate, CP",
    "Vinyl acetate, European Pharmacopoeia (EP) Reference Standard",
    "Vinyl acetate, analytical standard",
    "Vinyl acetate, contains 3-20 ppm hydroquinone as inhibitor, >=99%",
    "Vinyl acetate, inhibited",
    "Vinyl acetate, inhibited [UN1301]  [Flammable liquid]",
    "Vinyl ester of acetic acid",
    "Vinyl ethanoate",
    "Vinylacetaat",
    "Vinylacetaat [Dutch]",
    "Vinylacetat",
    "Vinylacetat [German]",
    "Vinylacetat(german)",
    "Vinylacetate",
    "Vinylazetat",
    "Vinyle",
    "Vinyle (acetate de)",
    "Vinyle (acetate de) [French]",
    "Vinyle(acetate de)",
    "Vinylester kyseliny octove",
    "Vinylester kyseliny octove [Czech]",
    "VyAc",
    "VyAr",
    "WLN: 1VO1U1",
    "Zeset T",
    "ethenyl acetate"
  ],
  "CAS": [
    "108-05-4",
    "93196-02-2"
  ],
  "M": 86.09,
  "formula": "C4H6O2",
  "SMILES": "CC(=O)OC=C",
  "InChi": "InChI=1S/C4H6O2/c1-3-6-4(2)5/h3H,1H2,2H3",
  "InChiKey": "XTXRWKRVRITETP-UHFFFAOYSA-N",
  "logP": 0.7,
  "date": "2025-03-19"
}