{
  "CID": 7407,
  "name": "prop-1-en-2-ylbenzene",
  "synonyms": [
    "(1-Methylethenyl)-benzene contains 15 ppm p-tert-butylcatechol as inhibitor",
    "(1-Methylethenyl)benzene",
    "(Prop-1-en-2-yl)benzene",
    ".ALPHA.-METHYLVINYLBENZENE",
    ".alpha.-Methyl-styrol",
    ".alpha.-Methylstyreen",
    ".alpha.-Methylstyrene",
    ".alpha.-Methylstyrol",
    ".alpha.-Metil-stirolo",
    ".beta.-Phenylpropene",
    ".beta.-Phenylpropylene",
    "1-METHYLVINYL BENZENE",
    "1-Methyl-1-phenylethene",
    "1-Methyl-1-phenylethylene",
    "1-Methylethenyl Benzine",
    "1-MethylethenylBenzine",
    "1-Methylethylenebenzene",
    "1-Phenyl-1-methylethylene",
    "1-Propene, 2-phenyl-",
    "1Methyl1phenylethene",
    "1Methyl1phenylethylene",
    "1MethylethenylBenzine",
    "1Methylethylenebenzene",
    "1Phenyl1methylethylene",
    "1Propene, 2phenyl",
    "2-Phenyl-1-propene",
    "2-Phenyl-1-propene - stabilized with TBC",
    "2-Phenyl-2-propene",
    "2-Phenylpropene",
    "2-Phenylpropylene",
    "2-phenyl propylene",
    "2-phenyl-1-propylene",
    "2-phenyl-propene",
    "2-phenylprop-1-ene",
    "202-705-0",
    "2Phenyl1propene",
    "2Phenylpropene",
    "2phenylpropylene",
    "98-83-9",
    "?-METHYLSTYROL",
    "AI3-18133",
    "AKOS009031371",
    "ALPHA-METHYL STYRENE",
    "ALPHA-METHYL-STYROL (GERMAN)",
    "ALPHA-METHYLSTYREEN (DUTCH)",
    "ALPHA-METHYLSTYRENE [HSDB]",
    "ALPHA-METIL-STIROLO (ITALIAN)",
    "BIDD:ER0701",
    "BS-22949",
    "Benzene, (1-methylethenyl)-",
    "Benzene, (1methylethenyl)",
    "Benzene, isopropenyl-",
    "CAS-98-83-9",
    "CCRIS 6067",
    "CHEBI:35060",
    "CHEMBL1344773",
    "CS-W004075",
    "D46R9753IK",
    "DTXCID905661",
    "DTXSID9025661",
    "EC 202-705-0",
    "EINECS 202-705-0",
    "EN300-19672",
    "F0001-2321",
    "FP76183",
    "HMS3039N11",
    "HSDB 196",
    "ISOPROPENIL-BENZOLO (ITALIAN)",
    "ISOPROPENYL-BENZEEN (DUTCH)",
    "ISOPROPENYL-BENZOL (GERMAN)",
    "Isopropenil-benzolo",
    "Isopropenil-benzolo [Italian]",
    "Isopropenilbenzolo",
    "Isopropenyl-benzeen",
    "Isopropenyl-benzeen [Dutch]",
    "Isopropenyl-benzol",
    "Isopropenyl-benzol [German]",
    "Isopropenylbenzeen",
    "Isopropenylbenzene",
    "Isopropenylbenzene [UN2303]  [Flammable liquid]",
    "M0429",
    "MFCD00008859",
    "MLS001055493",
    "NCGC00090741-01",
    "NCGC00090741-02",
    "NCGC00257713-01",
    "NS00009680",
    "NSC 9400",
    "NSC-9400",
    "NSC9400",
    "Ortho brush killer a",
    "Q414195",
    "SMR000686066",
    "Styrene, .alpha.-methyl-",
    "Styrene, alpha-methyl-",
    "Tox21_200159",
    "UN 2303",
    "UN2303",
    "UNII-D46R9753IK",
    "WLN: 1YR & U1",
    "a-Methylstyrene",
    "a-methyl styrene",
    "alpha -Methylstyrene monomer",
    "alpha Methylstyrene",
    "alpha-Menthylstyrene",
    "alpha-Methyl styrene (ACGIH:OSHA)",
    "alpha-Methyl styrene, fume",
    "alpha-Methyl-styrol",
    "alpha-Methyl-styrol [German]",
    "alpha-Methylstyreen",
    "alpha-Methylstyreen [Dutch]",
    "alpha-Methylstyrene",
    "alpha-Methylstyrene (stabilized with TBC)",
    "alpha-Methylstyrene monomer, analytical standard",
    "alpha-Methylstyrene, 99%, contains 15 ppm 4-tert-Butylcatechol as stabilizer",
    "alpha-Methylstyrene, 99%, contains 15 ppm p-tert-butylcatechol as inhibitor",
    "alpha-Methylstyrene, stabilized",
    "alpha-Methylstyrol",
    "alpha-Metil-stirolo",
    "alpha-Metil-stirolo [Italian]",
    "alpha-methyl-styrene",
    "alpha-methylvinylbenzene",
    "alphaMethylstyreen",
    "alphaMetilstirolo",
    "alphamethyl styrene",
    "alphamethylstyrene",
    "alphamethylstyrol",
    "as-Methylphenylethylene",
    "asMethylphenylethylene",
    "beta-Phenylpropene",
    "beta-Phenylpropylene",
    "betaPhenylpropene",
    "betaPhenylpropylene",
    "ghl.PD_Mitscher_leg0.286",
    "isopropenyl benzene",
    "isopropenyl-benzene",
    "isopropenylbenzol",
    "phenylpropylene",
    "prop-1-en-2-ylbenzene"
  ],
  "CAS": [
    "98-83-9"
  ],
  "M": 118.18,
  "formula": "C9H10",
  "SMILES": "CC(=C)C1=CC=CC=C1",
  "InChi": "InChI=1S/C9H10/c1-8(2)9-6-4-3-5-7-9/h3-7H,1H2,2H3",
  "InChiKey": "XYLMUPLGERFSHI-UHFFFAOYSA-N",
  "logP": 3.5,
  "date": "2025-03-19"
}