{
  "CID": 76004,
  "name": "ethenyl(trimethoxy)silane",
  "synonyms": [
    "(CH3O)3SiCH=CH2",
    "(Trimethoxysilyl)ethene",
    "(Trimethoxysilyl)ethylene",
    "(Trimethoxysilyl)ethylene, Ethenyltrimethoxysilane",
    "0ZIU135UES",
    "220-449-8",
    "2768-02-7",
    "688-602-5",
    "A 171",
    "A 171 (Silane derivative)",
    "AKOS008901344",
    "AS-17409",
    "BRN 1099136",
    "CAS-2768-02-7",
    "CH2=CHSi(OCH3)3",
    "CV-4917",
    "DTXCID509240",
    "DTXSID2029240",
    "DYNASYLAN SILFIN",
    "Dynasylan VTMO",
    "E75732",
    "EC 220-449-8",
    "EINECS 220-449-8",
    "EN300-7405193",
    "Ethenyltrimethoxysilane",
    "InChI=1/C5H12O3Si/c1-5-9(6-2,7-3)8-4/h5H,1H2,2-4H3",
    "KBM 1003",
    "MFCD00008605",
    "NCGC00260124-01",
    "NKSJNEHGWDZZQF-UHFFFAOYSA-",
    "NS00049806",
    "Q27251076",
    "SCHEMBL22614",
    "SZ 6300",
    "Silane, ethenyltrimethoxy",
    "Silane, ethenyltrimethoxy-",
    "Silane, trimethoxyvinyl",
    "Silane, trimethoxyvinyl-",
    "Tox21_202575",
    "Trimethoxy(vinyl)silane",
    "Trimethoxyvinylsilane",
    "Trimethoxyvinylsilane 100 microg/mL in Acetonitrile",
    "UNII-0ZIU135UES",
    "Union Carbide A-171",
    "V 4917",
    "V0042",
    "VTMO",
    "VTS-M",
    "Vinyl trimethoxy silane",
    "Vinyltrimethoxysilane",
    "Vinyltrimethoxysilane, 97%",
    "Vinyltrimethoxysilane, 98%",
    "Y 4302",
    "ethenyl(trimethoxy)silane",
    "ethenyl-trimethoxysilane",
    "s22025",
    "vinyl trimethoxysilane",
    "vinyl-trimethoxy-silane",
    "vinyltrimethoxy-silane"
  ],
  "CAS": [
    "2768-02-7"
  ],
  "M": 148.23,
  "formula": "C5H12O3Si",
  "SMILES": "CO[Si](C=C)(OC)OC",
  "InChi": "InChI=1S/C5H12O3Si/c1-5-9(6-2,7-3)8-4/h5H,1H2,2-4H3",
  "InChiKey": "NKSJNEHGWDZZQF-UHFFFAOYSA-N",
  "logP": null,
  "date": "2025-03-19"
}