{
  "CID": 7617,
  "name": "N,N-bis(prop-2-enyl)prop-2-en-1-amine",
  "synonyms": [
    "(CH2=CHCH2)3N",
    "102-70-5",
    "2-Propen-1-amine, N,N-di-2-propen-1-yl-",
    "2-Propen-1-amine, N,N-di-2-propenyl-",
    "2-Propen-1-amine,N-di-2-propenyl-",
    "203-048-2",
    "2Propen1amine, N,Ndi2propenyl",
    "4-04-00-01061 (Beilstein Handbook Reference)",
    "A800604",
    "AI3-52705",
    "AKOS015840489",
    "B6N19XC04R",
    "BRN 1740881",
    "CAS-102-70-5",
    "CCRIS 4876",
    "CHEBI:192451",
    "CHEMBL3188834",
    "DTXCID506174",
    "DTXSID5026174",
    "EINECS 203-048-2",
    "EN300-7644092",
    "HSDB 2904",
    "LS-13670",
    "MFCD00026093",
    "N,N-Di-2-propenyl-2-propen-1-amine",
    "N,N-Diallyl-2-propen-1-amine #",
    "N,N-bis(prop-2-enyl)-2-propen-1-amine",
    "N,N-bis(prop-2-enyl)prop-2-en-1-amine",
    "N,N-diallylprop-2-en-1-amine",
    "N,NDi2propenyl2propen1amine",
    "NCGC00248135-01",
    "NCGC00254578-01",
    "NS00021453",
    "NSC 32635",
    "NSC-32635",
    "NSC32635",
    "Q23779745",
    "SCHEMBL20656",
    "T0332",
    "TRIALLYLAMINE",
    "TRIALLYLAMINE [HSDB]",
    "Tox21_300670",
    "Triallyl Amine",
    "Triallylamine [UN2610]  [Flammable liquid]",
    "Triallylamine, 99%",
    "Tris(2-propenyl)amine",
    "Tris(2propenyl)amine",
    "UN 2610",
    "UN2610",
    "UNII-B6N19XC04R",
    "WLN: 1U2N2U1 & 2U1",
    "prop-2-ene, 1-diallylamino-",
    "tri-2-propenylamine",
    "triallyl-amine",
    "tris(prop-2-en-1-yl)amine"
  ],
  "CAS": [
    "102-70-5"
  ],
  "M": 137.22,
  "formula": "C9H15N",
  "SMILES": "C=CCN(CC=C)CC=C",
  "InChi": "InChI=1S/C9H15N/c1-4-7-10(8-5-2)9-6-3/h4-6H,1-3,7-9H2",
  "InChiKey": "VPYJNCGUESNPMV-UHFFFAOYSA-N",
  "logP": 2.6,
  "date": "2025-03-19"
}