{
  "CID": 75627,
  "name": "1-(octadecyldisulfanyl)octadecane",
  "synonyms": [
    "1,2-Dioctadecyldisulfane",
    "1-(Octadecyldisulfanyl)octadecane",
    "1-(Octadecyldisulfanyl)octadecane #",
    "1-(octadecyldisulfanyl)octadecane",
    "2500-88-1",
    "AKOS024387394",
    "AS-57823",
    "BIS(1-OCTADECYL) DISULFIDE",
    "DB-046601",
    "DISTEARYL DISULFIDE",
    "DTXCID6037192",
    "DTXSID5062475",
    "Di-n-octadecyl disulfide",
    "Dioctadecyl disulfide",
    "Dioctadecyl disulphide",
    "Dioctadecyldisulfid",
    "Disulfide, dioctadecyl",
    "EC 219-702-5",
    "EINECS 219-702-5",
    "HOSTANOX SE 10",
    "JRW8U98AUT",
    "MFCD00026687",
    "NS00006926",
    "NSC 12046",
    "NSC-12046",
    "NSC12046",
    "Octadecyl disulfide",
    "PLASTIC ADDITIVE 8",
    "PLASTIC ADDITIVE 8 [USP-RS]",
    "Plastic additive 15",
    "Plastic additive 15, European Pharmacopoeia (EP) Reference Standard",
    "Plastic additive 8, United States Pharmacopeia (USP) Reference Standard",
    "SCHEMBL39592",
    "TMSE 10",
    "UNII-JRW8U98AUT",
    "di-octadecyl-disulphide",
    "n-Octadecyl disulfide"
  ],
  "CAS": [
    "2500-88-1"
  ],
  "M": 571.1,
  "formula": "C36H74S2",
  "SMILES": "CCCCCCCCCCCCCCCCCCSSCCCCCCCCCCCCCCCCCC",
  "InChi": "InChI=1S/C36H74S2/c1-3-5-7-9-11-13-15-17-19-21-23-25-27-29-31-33-35-37-38-36-34-32-30-28-26-24-22-20-18-16-14-12-10-8-6-4-2/h3-36H2,1-2H3",
  "InChiKey": "MQQKTNDBASEZSD-UHFFFAOYSA-N",
  "logP": 18.6,
  "date": "2025-03-19"
}