{
  "CID": 7750,
  "name": "ethenyl propanoate",
  "synonyms": [
    "105-38-4",
    "203-293-5",
    "2437OJ3190",
    "4-02-00-00711 (Beilstein Handbook Reference)",
    "AI3-24889",
    "AKOS015900918",
    "BRN 1741731",
    "DB-040615",
    "DTXCID0030089",
    "DTXSID9051537",
    "EINECS 203-293-5",
    "LS-13049",
    "MFCD00027004",
    "NS00020919",
    "NSC 5275",
    "NSC-5275",
    "NSC5275",
    "P0613",
    "Propanoic acid, ethenyl ester",
    "Propionic Acid Vinyl Ester",
    "Propionic acid, vinyl ester",
    "Q2527233",
    "SCHEMBL15133",
    "UNII-2437OJ3190",
    "VINYL PROPIONATE",
    "Vinyl Propionate (stabilized with MEHQ)",
    "Vinyl propanoate",
    "Vinyl propionate, contains <100 ppm monomethyl ether hydroquinone as inhibitor, 98%",
    "Vinylester kyseliny propionove",
    "Vinylester kyseliny propionove [Czech]",
    "Vinylpropionate",
    "WLN: 2VO1U1",
    "ethenyl propanoate"
  ],
  "CAS": [
    "105-38-4"
  ],
  "M": 100.12,
  "formula": "C5H8O2",
  "SMILES": "CCC(=O)OC=C",
  "InChi": "InChI=1S/C5H8O2/c1-3-5(6)7-4-2/h4H,2-3H2,1H3",
  "InChiKey": "UIWXSTHGICQLQT-UHFFFAOYSA-N",
  "logP": 1.1,
  "date": "2025-03-19"
}