{
  "CID": 7895,
  "name": "pentan-2-one",
  "synonyms": [
    "107-87-9",
    "2-PENTANONE [FCC]",
    "2-PENTANONE [FHFI]",
    "2-Pentanone",
    "2-Pentanone (OSHA)",
    "2-Pentanone (natural)",
    "2-Pentanone, >=98%, FCC, FG",
    "2-Pentanone, >=99.0%, natural, FG",
    "2-Pentanone, ReagentPlus(R), >=99%, purified by redistillation",
    "2-Pentanone, analytical standard",
    "2-Pentanone, for HPLC, 99.5%",
    "2-Pentanone, reagent grade, >=90%",
    "2-Pentanone, ultrapure grade, >=99.5%",
    "2-pentanal",
    "2Pentanone (natural)",
    "3bh3",
    "4-01-00-03271 (Beilstein Handbook Reference)",
    "4-methyl-2-butanone",
    "A801775",
    "AI3-32118",
    "AKOS000121554",
    "BRN 0506058",
    "C01949",
    "CAS-107-87-9",
    "CHEBI:16472",
    "CHEMBL45345",
    "DTXCID301888",
    "DTXSID0021888",
    "EC 203-528-1",
    "EINECS 203-528-1",
    "EN300-21239",
    "ETHYLACETON",
    "Ethyl acetone",
    "Ethylacetone",
    "F0001-0145",
    "FEMA 2842",
    "FEMA No. 2842",
    "FEMA Number 2842",
    "FP139318",
    "HSDB 158",
    "I97392I10V",
    "ISOAMINO PENTANE",
    "ISOBUTYL CARBYLAMINE",
    "LMFA12000003",
    "METHYL PROPYL KETONE",
    "METHYL PROPYL KETONE [HSDB]",
    "METHYL PROPYL KETONE [MI]",
    "MFCD00009400",
    "Methyl n-propyl ketone",
    "Methyl npropyl ketone",
    "Methyl propyl ketone (ACGIH:OSHA)",
    "Methyl propyl ketone [UN1249]  [Flammable liquid]",
    "Methyl propyl ketone [UN1249] [Flammable liquid]",
    "Methyl-n-propyl ketone",
    "Methyl-propyl-cetone",
    "Methyl-propyl-cetone [French]",
    "Methylpropyl ketone",
    "Metylopropyloketon",
    "Metylopropyloketon [Polish]",
    "NCGC00249095-01",
    "NCGC00256617-01",
    "NCGC00259219-01",
    "NS00009081",
    "NSC 5350",
    "NSC-5350",
    "NSC5350",
    "P0060",
    "PENTAN-2-ONE",
    "Pentanone",
    "Propyl methyl ketone",
    "Q209460",
    "Tox21_201670",
    "Tox21_303016",
    "UN 1249",
    "UN1249",
    "UNII-I97392I10V",
    "WLN: 3V1",
    "methylpropylcetone",
    "n-C3H7COCH3",
    "n-propyl methyl ketone",
    "pentan-2-one",
    "pentanone-2"
  ],
  "CAS": [
    "107-87-9"
  ],
  "M": 86.13,
  "formula": "C5H10O",
  "SMILES": "CCCC(=O)C",
  "InChi": "InChI=1S/C5H10O/c1-3-4-5(2)6/h3-4H2,1-2H3",
  "InChiKey": "XNLICIUVMPYHGG-UHFFFAOYSA-N",
  "logP": 0.9,
  "date": "2025-03-19"
}