{
  "CID": 7355,
  "name": "2-(2-methylprop-2-enoyloxy)ethyl 2-methylprop-2-enoate",
  "synonyms": [
    "1,2-Bis(methacryloyloxy)ethane",
    "1,2-Bis(methacryloyoxy) ethane",
    "1,2-Ethanediol dimethacrylate",
    "1,2-Ethanediol dimethacrylate Ethylene dimethacrylate",
    "1,2-Ethanediyl 2-methyl-2-propenoate",
    "1,2-bis-(methacryloyloxy)-ethane",
    "12738-39-5",
    "2-(2-methylprop-2-enoyloxy)ethyl 2-methylprop-2-enoate",
    "2-(Methacryloyloxy)ethyl 2-methylacrylate",
    "2-(Methacryloyloxy)ethyl 2-methylacrylate #",
    "2-(dimethylamino)ethyl (2,5-dioxo-4,4-diphenyl-imidazolidin-1-yl)methyl carbonate; methanesulfonic acid",
    "2-Propenoic acid, 2-methyl-, 1,1'-(1,2-ethanediyl) ester",
    "2-Propenoic acid, 2-methyl-, 1,2-ethanediyl ester",
    "2-[(2-methylprop-2-enoyl)oxy]ethyl 2-methylprop-2-enoate",
    "2-methyl-2-propenoic acid 1,2-ethanediyl ester",
    "202-617-2",
    "7BK5G69305",
    "97-90-5",
    "AKOS015837657",
    "AS-78075",
    "Ageflex EGDM",
    "Ageflex EGDMA",
    "BRN 1776663",
    "CAS-97-90-5",
    "CCRIS 179",
    "CHEBI:53378",
    "CHEBI:53436",
    "CHEMBL1709582",
    "CS-W015656",
    "D70270",
    "DA-73225",
    "DTXCID106615",
    "DTXSID1026615",
    "Diglycol dimethacrylate",
    "E0102",
    "EC 202-617-2",
    "EGDMA",
    "EINECS 202-617-2",
    "ETHYLENE METHACRYLATE",
    "ETHYLENE METHACRYLATE [HSDB]",
    "Epitope ID:131323",
    "Ethanediol dimethacrylate",
    "Ethyldiol metacrylate",
    "Ethyldiol methacrylate",
    "Ethylene Glycol Dimethacrylate (stabilized with HQ)",
    "Ethylene Glycol Dimethacrylate, (stabilized with HQ)",
    "Ethylene dimethacrylate",
    "Ethylene glycol bis(methacrylate)",
    "Ethylene glycol dimethacrylate",
    "Ethylene glycol dimethacrylate, 98%, contains 90-110 ppm monomethyl ether hydroquinone as inhibitor",
    "Ethylene glycol dimethacrylate,99%(egdma)",
    "Ethylenedimethyacrylate",
    "Ethyleneglycoldimethacrylate (98%, contains 90-110 ppm monomethyletherhydroquinone as inhibitor)",
    "F71209",
    "Glycol dimethacrylate",
    "HSDB 5313",
    "HY-W014940",
    "MFCD00008590",
    "MFM-416",
    "Methacrylic acid ethylene ester",
    "Methacrylic acid, ethylene ester",
    "NCGC00163970-01",
    "NCGC00163970-02",
    "NCGC00163970-03",
    "NCGC00257144-01",
    "NCGC00259463-01",
    "NK Ester 1G",
    "NS00002804",
    "NSC 24166",
    "NSC-24166",
    "NSC24166",
    "PEG-DMA",
    "PORAPAK T  (80-100 MESH ASTM) FOR GC",
    "Perkalink 401",
    "Polyethylene Glycol Dimethacrylate n&asymp;4 (stabilized with MEHQ)",
    "Q2231462",
    "SCHEMBL15636",
    "SR 206",
    "Sartomer SR 206",
    "TGM 1",
    "Tox21_201914",
    "Tox21_303153",
    "UNII-7BK5G69305",
    "ethane-1,2-diyl bis(2-methylacrylate)",
    "ethyleneglycol dimethacrylate"
  ],
  "CAS": [
    "12738-39-5",
    "97-90-5"
  ],
  "M": 198.22,
  "formula": "C10H14O4",
  "SMILES": "CC(=C)C(=O)OCCOC(=O)C(=C)C",
  "InChi": "InChI=1S/C10H14O4/c1-7(2)9(11)13-5-6-14-10(12)8(3)4/h1,3,5-6H2,2,4H3",
  "InChiKey": "STVZJERGLQHEKB-UHFFFAOYSA-N",
  "logP": 1.9,
  "date": "2025-03-19"
}