{
  "CID": 70421,
  "name": "2,6-ditert-butyl-4-(diethoxyphosphorylmethyl)phenol",
  "synonyms": [
    "(3,5-ditert-butyl-4-hydroxy-phenyl)methyl diethyl phosphate",
    "2,6-ditert-butyl-4-(diethoxyphosphorylmethyl)phenol",
    "3,5-Di-tert-butyl-4-hydroxybenzylphosphonic Acid Diethyl Ester",
    "3,5-di-tert. butyl-4-hydroxybenzyl-phosphonic acid diethyl ester",
    "976-56-7",
    "AKOS004912739",
    "ANTIOXIDANT 1222",
    "AS-70580",
    "BIS(1,1-DIMETHYLETHYL)-4-HYDROXYPHENYL)METHYL)PHOSPHONIC ACID DIETHYL ESTER, ((3,5-",
    "D2967",
    "DB-057681",
    "DTXCID4049036",
    "DTXSID7061356",
    "Diethyl ((3,5-bis(1,1-dimethylethyl)-4-hydroxyphenyl)methyl)phosphonate",
    "Diethyl 3,5-di-tert-butyl-4-hydroxybenzyl phosphate",
    "Diethyl 3,5-di-tert-butyl-4-hydroxybenzylphosphonate",
    "Diethyl 35-Di-tert-butyl-4-hydroxybenzylphosphonate",
    "Diethyl3,5-di-tert-butyl-4-hydroxybenzylphosphonate",
    "EINECS 213-551-9",
    "EU-0001821",
    "H10954",
    "Heat Stabilizer 3114; Irgamod 295; NSC 635180",
    "Irganox 1222",
    "MFCD00227871",
    "NS00015579",
    "NSC-635180",
    "NSC635180",
    "Phosphonic acid, ((3,5-bis(1,1-dimethylethyl)-4-hydroxyphenyl)methyl)-, diethyl ester",
    "Phosphonic acid, 3,5-bis(1,1-dimethylethyl)-4-hydroxyphenylmethyl-, diethyl ester",
    "Phosphonic acid, P-((3,5-bis(1,1-dimethylethyl)-4-hydroxyphenyl)methyl)-, diethyl ester",
    "Phosphonic acid, P-[[3,5-bis(1,1-dimethylethyl)-4-hydroxyphenyl]methyl]-, diethyl ester",
    "Phosphonic acid, [[3,5-bis(1,1-dimethylethyl)-4-hydroxyphenyl]methyl]-, diethyl ester",
    "Q27291597",
    "SCHEMBL39364",
    "SR-01000402272",
    "SR-01000402272-1",
    "STK365464",
    "UNII-V6MOU97T5J",
    "V6MOU97T5J",
    "diethyl (3,5-di-tert-butyl-4-hydroxybenzyl)phosphonate",
    "diethyl (3,5-di-tert-butyl-4-hydroxyphenyl)methylphosphonate",
    "diethyl 3,5-di-t-butyl-4-hydroxybenzylphosphonate",
    "diethyl 4-hydroxy-3,5-di-tert-butylbenzylphosphonate",
    "diethyl [(3,5-di-tert-butyl-4-hydroxyphenyl)methyl]phosphonate",
    "diethyl [[3,5-bis(1,1-dimethylethyl)-4-hydroxyphenyl]methyl]phosphonate"
  ],
  "CAS": [
    "976-56-7"
  ],
  "M": 356.4,
  "formula": "C19H33O4P",
  "SMILES": "CCOP(=O)(CC1=CC(=C(C(=C1)C(C)(C)C)O)C(C)(C)C)OCC",
  "InChi": "InChI=1S/C19H33O4P/c1-9-22-24(21,23-10-2)13-14-11-15(18(3,4)5)17(20)16(12-14)19(6,7)8/h11-12,20H,9-10,13H2,1-8H3",
  "InChiKey": "GJDRKHHGPHLVNI-UHFFFAOYSA-N",
  "logP": 4.7,
  "date": "2025-03-19"
}