{
  "CID": 7768,
  "name": "azepan-2-one",
  "synonyms": [
    ".epsilon.-Caprolactam",
    ".omega.-Caprolactam",
    "1,6-HEXALACTAM [FHFI]",
    "1,6-Hexalactam",
    "1,6-Hexolactam",
    "1-Aza-2-cycloheptanone",
    "105-60-2",
    "1ST001876",
    "1ST001876-1000",
    "2-Azacycloheptanone",
    "2-Azepanone #",
    "2-Azepinone, hexahydro-, (Z)-",
    "2-Ketohexamethyleneimine",
    "2-Ketohexamethylenimine",
    "2-Oxohexamethyleneimine",
    "2-Oxohexamethylenimine",
    "2-Perhydroazepinone",
    "203-313-2",
    "2H-AZEPIN-2-ONE,HEXAHYDRO",
    "2H-Azepin-2-one, hexahydro-",
    "2H-Azepin-7-one, hexahydro-",
    "2H-azepin-7-one,hexahydro",
    "5-21-06-00444 (Beilstein Handbook Reference)",
    "6-Aminocaproic acid lactam",
    "6-Aminohexanoic acid cyclic lactam",
    "6-Aminohexanoic acid lactam",
    "6-CAPROLACTAN",
    "6-Caprolactam",
    "6-Hexanelactam",
    "6-hexanolactam",
    "6879X594Z8",
    "9012-16-2",
    "919-537-5",
    "A1030",
    "AI3-14515",
    "AKOS000119969",
    "ATM 2(NYLON)",
    "Akulon",
    "Alkamid",
    "Amilan CM 1001",
    "Amilan CM 1001C",
    "Amilan CM 1001G",
    "Amilan CM 1011",
    "Aminocaproic lactam",
    "Aza-2-cycloheptanone",
    "BRN 0106934",
    "C06593",
    "CAPROLACTAM",
    "CAPROLACTAM (IARC)",
    "CAPROLACTAM (USP-RS)",
    "CAPROLACTAM [HSDB]",
    "CAPROLACTAM [IARC]",
    "CAPROLACTAM [MI]",
    "CAPROLACTAM [USP-RS]",
    "CAS-105-60-2",
    "CCRIS 119",
    "CHEBI:28579",
    "CHEMBL276218",
    "CM 1001",
    "CM 1011",
    "CM 1031",
    "CM 1041",
    "CM39000000",
    "CS-W011258",
    "Capran 77C",
    "Capran 80",
    "Caprolactam Solution in Acetone, 1000?g/mL",
    "Caprolactam Solution in Acetone, 1000mug/mL",
    "Caprolactam dust and vapor",
    "Caprolactam monomer",
    "Caprolactam,(S)",
    "Caprolattame",
    "Caprolattame [French]",
    "Caprolon B",
    "Caprolon V",
    "Capron",
    "Capron 8250",
    "Capron 8252",
    "Capron 8253",
    "Capron 8256",
    "Capron 8257",
    "Capron B",
    "Capron PK4",
    "Capron gr 8256",
    "Capron gr 8258",
    "Chemlon",
    "Cyclohexanone iso-oxime",
    "Cyclohexanoneisooxime",
    "D70254",
    "DB-003880",
    "DB-032192",
    "DTXCID00240",
    "DTXSID4020240",
    "Danamid",
    "Dull 704",
    "Durethan bk",
    "Durethan bk 30S",
    "Durethan bkv 30H",
    "Durethan bkv 55H",
    "E-Caprolactam",
    "E-caprolactum",
    "EC 203-313-2",
    "EINECS 203-313-2",
    "EN300-19667",
    "Epsylon kaprolaktam",
    "Epsylon kaprolaktam [Polish]",
    "Ertalon 6sa",
    "Extrom 6N",
    "F0001-0110",
    "FE31683",
    "FEMA NO. 4235",
    "Grilon",
    "HEXAMETHYLENIMINE,2-OXO-",
    "HEXANOIC ACID,6-AMINO,LACTAM   E-CAPROLACTAM",
    "HSDB 187",
    "HY-W010542",
    "Hexahydro-2-azepinone",
    "Hexahydro-2H-azepin-2-one",
    "Hexahydro-2H-azepine-2-one",
    "Hexamethylenimine, 2-oxo-",
    "Hexanoic acid, 6-amino-, cyclic lactam",
    "Hexanoic acid, 6-amino-, lactam",
    "Hexanoic acid, cyclic lactam",
    "Hexanoic acid, lactam",
    "Hexanolactam",
    "Hexanone isoxime",
    "Hexanonisoxim",
    "Hexanonisoxim [German]",
    "InChI=1/C6H11NO/c8-6-4-2-1-3-5-7-6/h1-5H2,(H,7,8",
    "Itamid",
    "Itamid 250",
    "Itamide 25",
    "Itamide 250",
    "Itamide 250G",
    "Itamide 35",
    "Itamide 350",
    "Itamide S",
    "Kaprolaktam",
    "Kaprolit",
    "Kaprolit B",
    "Kaprolon",
    "Kaprolon B",
    "Kapromine",
    "Kapron",
    "Kapron A",
    "Kapron B",
    "Lactam, aminocaproic",
    "MFCD00006936",
    "MFCD19226350",
    "MSK001876",
    "MSK001876-1000",
    "Maranyl F 114",
    "Maranyl F 124",
    "Maranyl F 500",
    "Metamid",
    "Miramid H 2",
    "Miramid wm 55",
    "NCGC00247913-01",
    "NCGC00247913-02",
    "NCGC00253933-01",
    "NCGC00259751-01",
    "NCI-C50646",
    "NIOSH/CM3900000",
    "NS00008125",
    "NSC 117393",
    "NSC-117393",
    "NSC-25536",
    "NSC-4977",
    "NSC117393",
    "NSC25536",
    "NSC4977",
    "Nylon A1035sf",
    "Nylon X 1051",
    "Nylon cm 1031",
    "Orgamid rmnocd",
    "Orgamide",
    "PK 4",
    "Perhydroazepin-2-one",
    "Plaskin 8200",
    "Plaskon 201",
    "Plaskon 8201",
    "Plaskon 8201hs",
    "Plaskon 8202C",
    "Plaskon 8205",
    "Plaskon 8207",
    "Plaskon 8252",
    "Plaskon xp 607",
    "Q409397",
    "Relon P",
    "Renyl mv",
    "SCHEMBL19610",
    "STK378587",
    "STR02412",
    "Sipas 60",
    "Spencer 401",
    "Spencer 601",
    "Steelon",
    "Stilon",
    "Stylon",
    "Tarlon X-A",
    "Tarlon xb",
    "Tarnamid T",
    "Tarnamid T 2",
    "Tarnamid T 27",
    "Torayca N 6",
    "Tox21_202202",
    "Tox21_300163",
    "UBE 1022B",
    "UGA29753",
    "UNII-6879X594Z8",
    "Ultramid B 3",
    "Ultramid B 4",
    "Ultramid B 5",
    "Ultramid bmk",
    "Vidlon",
    "WLN: T7MVTJ",
    "Widlon",
    "ZINC ACEXAMATE IMPURITY D (EP IMPURITY)",
    "ZINC ACEXAMATE IMPURITY D [EP IMPURITY]",
    "Zytel 211",
    "azacycloheptan-2-one",
    "azacycloheptane-2-one",
    "azepan-2-one",
    "bmse000372",
    "c0432",
    "caprolactim",
    "cis-Hexahydro-2-azepinone",
    "e-Kaprolaktam",
    "e-Kaprolaktam [Czech]",
    "epsilon -caprolactam",
    "epsilon caprolactam",
    "epsilon-?Caprolactam",
    "epsilon-Caprolactam",
    "epsilon-Caprolactam, 99%",
    "epsilon-Caprolactam, analytical standard",
    "gamma-caprolactam",
    "hexahydro 2H Azepin 2 one",
    "hexahydroazepin-2-one",
    "hexannic acid",
    "hexano-6-lactam",
    "hexanoic acid-6-amino-,lactam",
    "hexanoic acid-6-amino-lactam",
    "omega-caprolactum"
  ],
  "CAS": [
    "105-60-2",
    "9012-16-2"
  ],
  "M": 113.16,
  "formula": "C6H11NO",
  "SMILES": "C1CCC(=O)NCC1",
  "InChi": "InChI=1S/C6H11NO/c8-6-4-2-1-3-5-7-6/h1-5H2,(H,7,8)",
  "InChiKey": "JBKVHLHDHHXQEQ-UHFFFAOYSA-N",
  "logP": -0.1,
  "date": "2025-03-19"
}