{
  "CID": 7923,
  "name": "furan-2,5-dione",
  "synonyms": [
    "(Z)-butanedioic acid anhydride",
    "108-31-6",
    "184288-31-1",
    "2,5-Dioxo-dihydrofuran",
    "2,5-Furandione",
    "2,5-Furanedione",
    "2,5-dihydrofuran-2,5-dione",
    "2,5-furandion",
    "203-571-6",
    "5-17-11-00055 (Beilstein Handbook Reference)",
    "A801842",
    "AI3-24283",
    "AKOS000121041",
    "AKOS025243943",
    "AT41751",
    "Anhydrid kyseliny maleinove",
    "Anhydrid kyseliny maleinove [Czech]",
    "Anhydride, Maleic",
    "BDBM7812",
    "BM 10",
    "BP-20394",
    "BRN 0106909",
    "C4H2O3",
    "CAS-108-31-6",
    "CCRIS 2941",
    "CHEBI:474859",
    "CHEMBL374159",
    "CRYSTAL MAN",
    "CS-Z0016",
    "DTXCID804166",
    "DTXSID7024166",
    "Dihydro-2,5-dioxofuran",
    "EC 203-571-6",
    "EINECS 203-571-6",
    "EN300-17997",
    "Epitope ID:122673",
    "F0001-0164",
    "FM33312",
    "HSDB 183",
    "InChI=1/C4H2O3/c5-3-1-2-4(6)7-3/h1-2",
    "Lytron 810 (Salt/Mix)",
    "Lytron 820 (Salt/Mix)",
    "M 188",
    "M0005",
    "MALEIC ANHYDRIDE",
    "MALEIC ANHYDRIDE (2,3-13C2)",
    "MALEIC ANHYDRIDE [HSDB]",
    "MALEIC ANHYDRIDE [MI]",
    "MALEICANHYDRIDE",
    "MFCD00005518",
    "Maleic  anhydride-13C4",
    "Maleic Anhydrides",
    "Maleic acid anhydride",
    "Maleic anhydride (briquette)",
    "Maleic anhydride [UN2215]  [Corrosive]",
    "Maleic anhydride treated BSA",
    "Maleic anhydride, 95% (may contain up to 5% maleic acid)",
    "Maleic anhydride, 99%",
    "Maleic anhydride, SAJ first grade, >=98.0%",
    "Maleic anhydride, briquettes",
    "Maleic anhydride, for synthesis, 99.0%",
    "Maleic anhydride, powder, 95%",
    "Maleic anhydride, puriss., >=99.0% (NT)",
    "Maleinanhydrid",
    "Maleinanhydrid [Czech]",
    "NCGC00248595-01",
    "NCGC00257960-01",
    "NOURYMIX MA 901",
    "NS00007158",
    "NSC 137651",
    "NSC-137651",
    "NSC-137652",
    "NSC-137653",
    "NSC-9568",
    "NSC137651",
    "NSC137652",
    "NSC137653",
    "NSC9568",
    "Q412377",
    "RCRA waste no. U147",
    "RCRA waste number U147",
    "STL197476",
    "Tox21_200406",
    "Toxilic anhydride",
    "UN 2215",
    "UN2215",
    "UNII-V5877ZJZ25",
    "V5877ZJZ25",
    "cis-Butenedioic anhydride",
    "fumaric anhydride",
    "furan-2,5-dione",
    "furan-2,5-quinone"
  ],
  "CAS": [
    "108-31-6",
    "184288-31-1"
  ],
  "M": 98.06,
  "formula": "C4H2O3",
  "SMILES": "C1=CC(=O)OC1=O",
  "InChi": "InChI=1S/C4H2O3/c5-3-1-2-4(6)7-3/h1-2H",
  "InChiKey": "FPYJFEHAWHCUMM-UHFFFAOYSA-N",
  "logP": -0.1,
  "date": "2025-03-19"
}