{
  "CID": 77470,
  "name": "2,4-ditert-butyl-6-(5-chlorobenzotriazol-2-yl)phenol",
  "synonyms": [
    "17TJE602RX",
    "2(2'-hydroxy-3',5'-di-tert-butylphenyl)-5-chlorobenzotriazol",
    "2,4-DI-TERT-BUTYL-6-(5-CHLORO-1,2,3-BENZOTRIAZOL-2-YL)PHENOL",
    "2,4-Di- t-butyl-6(5-chloro-2H-benzotriazol-2-yl)phenol",
    "2,4-Di-tert-butyl-6-(5-chloro-2-benzotriazolyl)phenol",
    "2,4-Di-tert-butyl-6-(5-chloro-2H-benzo-[d][1,2,3]triazol-2-yl)phenol",
    "2,4-Di-tert-butyl-6-(5-chloro-2H-benzo[d][1,2,3]triazol-2-yl)phenol",
    "2,4-Di-tert-butyl-6-(5-chloro-2H-benzotriazol-2-yl)phenol",
    "2,4-Di-tert-butyl-6-(5-chloro-2H-benzotriazol-2-yl)phenol, 8CI",
    "2,4-Di-tert-butyl-6-(5-chloro-2H-benzotriazol-2-yl)phenol, 98%",
    "2,4-Di-tert-butyl-6-(5-chloro-2H-benzotriazol-2-yl)phenol, certified reference material, TraceCERT(R)",
    "2,4-Di-tert-butyl-6-(5-chlorobenzotriazol-2-yl) phenol",
    "2,4-Di-tert-butyl-6-(5-chlorobenzotriazol-2-yl)phenol",
    "2,4-di-t-butyl-6-(5-chloro-2h-benzotriazol-2-yl)phenol",
    "2,4-di-tert-butyl-6-(5-chloro-2H-1,2,3-benzotriazol-2-yl)phenol",
    "2,4-di-tert-butyl-6-(5-chloro-2H-benzo-triazol-2-yl)phenol",
    "2,4-ditert-butyl-6-(5-chlorobenzotriazol-2-yl)phenol",
    "2-(2'-HYDROXY-3',5'-DI-TERT-BUTYLPHENYL)-5-CHLOROBENZOTRIAZOLE",
    "2-(2'-hydroxy-3',5'-di-t-butyl phenyl)-5-chlorobenzotriazole",
    "2-(2'-hydroxy-3',5'-di-t-butyl-phenyl)-5-chlorobenzotriazole",
    "2-(2'-hydroxy-3',5'-di-t-butylphenyl)-5-chlorbenzotriazole",
    "2-(2'-hydroxy-3',5'-di-t-butylphenyl)-5-chlorobenzotriazole",
    "2-(2'-hydroxy-3',5'-di-tert-butylphenyl)-5-chlorobenzotriazol",
    "2-(2'-hydroxy-3',5'-di-tertbutylphenyl)-5-chlorobenzotriazole",
    "2-(2-HYDROXY-3,5-DI-TERT-BUTYL)PHENYL-5-CHLOROBENZOTRIAZOLE",
    "2-(2-hydroxy-3,5-di-tert-butylphenyl)-5-chlorobenzotriazole",
    "2-(3',5'-Di-Tert-Butyl-2'-Hydroxyphenyl)-5-Chlorobenzotriazole",
    "2-(3',5'-Di-t-butyl-2'-hydroxyphenyl)-5-chlorobenzotriazole",
    "2-(3',5'-Di-tert-butyl-2'-hydroxyphenyl)-5-chloro-2H-benzotriazole",
    "2-(3,5-Di-tert-butyl-2-hydroxyphenyl)-5-chlorobenzotriazole",
    "2-(3,5-di-t-butyl-2-hydroxyphenyl)-5-chlorobenzotriazole",
    "2-(5-Chloro-2H-benzotriazol-2-yl)-4,6-bis(1,1-dimethylethyl)phenol, 9CI",
    "2-(5-Chloro-2H-benzotriazol-2-yl)-4,6-di-tert-butylphenol",
    "2-(5-chloro-benzotriazol-2-yl)-4,6-di-(tert-butyl)phenol",
    "3864-99-1",
    "5-Chloro-2-(2-hydroxy-3,5-di-tert-butylphenyl)-2 H-benzotriazole",
    "5-Chloro-2-(2-hydroxy-3,5-di-tert-butylphenyl)-2H-benzotriazole",
    "5-Chloro-2-(2-hydroxy-3,5-di-tert-butylphenyl)2H-benzotriazole",
    "5-Chloro-2-(3,5-di-tert-butyl-2-hydroxyphenyl)benzotriazole",
    "5-chloro-(2-hydroxy-3,5-di-tert-butyl-phenyl)-2H-benzotriazole",
    "5-chloro-(2-hydroxy-3,5-di-tert-butylphenyl)-2H-benzotriazole",
    "5-chloro-2-(3,5-di-tert-butyl-2-hydroxyphenyl)-2h-benzotriazole",
    "AC-15278",
    "AKOS005385757",
    "ANTIOXIDANT 327",
    "AS-70325",
    "BIDD:ER0467",
    "C20H24ClN3O",
    "CBDivE_008145",
    "CHEBI:169475",
    "CS-0154920",
    "D1529",
    "D70556",
    "DTXCID2018893",
    "DTXSID4038893",
    "EINECS 223-383-8",
    "LA-34",
    "MFCD00059706",
    "NS00002300",
    "Phenol, 2,4-di-tert-butyl-6-(5-chloro-2H-benzotriazol-2-yl)-",
    "Phenol, 2-(5-chloro-2H-benzotriazol-2-yl)-4,6-bis(1,1-dimethylethyl)-",
    "Q27251940",
    "SCHEMBL29241",
    "STK051072",
    "Tinuvin 327",
    "UNII-17TJE602RX",
    "UV-2",
    "UV-327",
    "Uvazol 237"
  ],
  "CAS": [
    "3864-99-1"
  ],
  "M": 357.9,
  "formula": "C20H24ClN3O",
  "SMILES": "CC(C)(C)C1=CC(=C(C(=C1)N2N=C3C=CC(=CC3=N2)Cl)O)C(C)(C)C",
  "InChi": "InChI=1S/C20H24ClN3O/c1-19(2,3)12-9-14(20(4,5)6)18(25)17(10-12)24-22-15-8-7-13(21)11-16(15)23-24/h7-11,25H,1-6H3",
  "InChiKey": "UWSMKYBKUPAEJQ-UHFFFAOYSA-N",
  "logP": 6.9,
  "date": "2025-03-19"
}