{
  "CID": 7175,
  "name": "propyl 4-hydroxybenzoate",
  "synonyms": [
    "(Propyl Paraben)",
    "1ST2511",
    "202-307-7",
    "36M",
    "4-10-00-00374 (Beilstein Handbook Reference)",
    "4-Hydroxybenzoic acid propyl ester",
    "4-Hydroxybenzoic acid propylester",
    "4-Hydroxybenzoic acid, n-propyl ester",
    "4-Hydroxybenzoic acid, propyl ester",
    "4-Hydroxybenzoic acid-propyl ester",
    "4-Hydroxybenzoic acid-propyl ester 1000 microg/mL in Acetonitrile",
    "4-Hydroxybenzoic acid-propyl ester D7 (propyl D7)",
    "85403-59-4",
    "94-13-3",
    "A844839",
    "AC-34533",
    "AI3-01341",
    "AKOS008948099",
    "Aseptoform P",
    "BBL023754",
    "BDBM70190",
    "BIDD:ER0229",
    "BRD-K60783397-001-09-5",
    "BRN 1103245",
    "Bayer D 206",
    "Benzoic acid, 4-hydroxy-, propyl ester",
    "Benzoic acid, p-hydroxy-, propyl ester",
    "Betacide P",
    "Betacine P",
    "Bonomold OP",
    "CAS-94-13-3",
    "CCG-266432",
    "CHEBI:32063",
    "CHEMBL194014",
    "CS-0018518",
    "Caswell No. 714",
    "Chemacide pk",
    "Chemocide pk",
    "Chemoside PK",
    "D01422",
    "DA-66938",
    "DB-221787",
    "DB14177",
    "DS-3427",
    "DTXCID602527",
    "DTXSID4022527",
    "E216",
    "EC 202-307-7",
    "EINECS 202-307-7",
    "EN300-7419478",
    "EPA Pesticide Chemical Code 061203",
    "FEMA No. 2951",
    "FEMA Number 2951",
    "FP63482",
    "H0219",
    "HMS2268K21",
    "HSDB 203",
    "HY-N2026",
    "HY-N2026R",
    "InChI=1/C10H12O3/c1-2-7-13-10(12)8-3-5-9(11)6-4-8/h3-6,11H,2,7H2,1H",
    "Lexgard P",
    "METHYL PARAHYDROXYBENZOATE IMPURITY C (EP IMPURITY)",
    "METHYL PARAHYDROXYBENZOATE IMPURITY C [EP IMPURITY]",
    "MFCD00002354",
    "MLS002152934",
    "MLS002222346",
    "MLS006011654",
    "MSK2511",
    "N-Propyl p-hydroxybenzoate",
    "N-Propylparaben",
    "NCGC00090965-01",
    "NCGC00090965-02",
    "NCGC00090965-03",
    "NCGC00090965-04",
    "NCGC00090965-05",
    "NCGC00090965-06",
    "NCGC00090965-07",
    "NS00002126",
    "NSC 23515",
    "NSC-23515",
    "NSC-8511",
    "NSC23515",
    "NSC8511",
    "Nipagin P",
    "Nipasol",
    "Nipasol M",
    "Nipasol P",
    "Nipazol",
    "P1955",
    "PEPH",
    "PROPYL (4-HYDROXYBENZOATE)",
    "PROPYL HYDROXYBENZOATE (MART.)",
    "PROPYL HYDROXYBENZOATE [MART.]",
    "PROPYL HYDROXYBENZOATE [WHO-IP]",
    "PROPYL P-HYDROXYBENZOATE [FHFI]",
    "PROPYL PARABEN [VANDF]",
    "PROPYL PARAHYDROXYBENZOATE (EP IMPURITY)",
    "PROPYL PARAHYDROXYBENZOATE (EP MONOGRAPH)",
    "PROPYL PARAHYDROXYBENZOATE [EP IMPURITY]",
    "PROPYL PARAHYDROXYBENZOATE [EP MONOGRAPH]",
    "PROPYL PARAHYDROXYBENZOATE [JAN]",
    "PROPYLIS HYDROXYBENZOAS [WHO-IP LATIN]",
    "PROPYLPARABEN",
    "PROPYLPARABEN (II)",
    "PROPYLPARABEN (USP-RS)",
    "PROPYLPARABEN [FCC]",
    "PROPYLPARABEN [HSDB]",
    "PROPYLPARABEN [II]",
    "PROPYLPARABEN [MI]",
    "PROPYLPARABEN [USP-RS]",
    "PROPYLPARABEN [VANDF]",
    "PROPYLPARABEN [WHO-DD]",
    "Paraben p",
    "Paratexin p",
    "Paseptol",
    "Preserval P",
    "Propagin",
    "Propyl 4-?Hydroxybenzoate",
    "Propyl 4-?Hydroxybenzoate(Propyl Paraben)",
    "Propyl 4-hydroxybenzoate",
    "Propyl 4-hydroxybenzoate, >=99%",
    "Propyl 4-hydroxybenzoate, BioXtra",
    "Propyl 4-hydroxybenzoate, SAJ first grade, >=98.0%",
    "Propyl 4-hydroxybenzoate, Vetec(TM) reagent grade, 98%",
    "Propyl 4-hydroxybenzoate, p.a., 99.0-100.5%",
    "Propyl 4-hydroxybenzoate, tested according to Ph.Eur.",
    "Propyl Butex",
    "Propyl Chemosept",
    "Propyl Parahydroxybenzoate 0.01 mg/ml in Methanol",
    "Propyl Parahydroxybenzoate 1.0 mg/ml in Methanol",
    "Propyl Parasept",
    "Propyl aseptoform",
    "Propyl chemsept",
    "Propyl p-hydroxybenzoate",
    "Propyl paraben",
    "Propyl paraben;4-Hydroxybenzoic acid propyl ester",
    "Propyl parahydroxybenzoate",
    "Propyl parahydroxybenzoate (JP17)",
    "Propyl parahydroxybenzoate (TN)",
    "Propyl parahydroxybenzoate, European Pharmacopoeia (EP) Reference Standard",
    "Propyl parahydroxybenzoate;Propyl 4-hydroxybenzoate",
    "Propyl-4-Hydroxybenzoate,(S)",
    "Propyl-4-hydroxybenzoate",
    "Propyl-paraben",
    "Propylester kyseliny p-hydroxybenzoove",
    "Propylester kyseliny p-hydroxybenzoove [Czech]",
    "Propylis hydroxybenzoas",
    "Propylis parahydroxybenzoas",
    "Propylparaben (NF)",
    "Propylparaben (Standard)",
    "Propylparaben [USAN:NF]",
    "Propylparaben [USAN]",
    "Propylparaben e216",
    "Propylparaben, Pharmaceutical Secondary Standard; Certified Reference Material",
    "Propylparaben, USAN",
    "Propylparaben, United States Pharmacopeia (USP) Reference Standard",
    "Propylparaben, certified reference material, TraceCERT(R)",
    "Propylparasept",
    "Protaben P",
    "Pulvis conservans",
    "Pulvis conservans (VAN)",
    "Q511627",
    "SBI-0653917.0001",
    "SCHEMBL977",
    "SMR000112070",
    "STL294815",
    "Solbrol P",
    "Tegosept P",
    "Tox21_111048",
    "Tox21_400012",
    "UNII-Z8IX2SC1OH",
    "USEPA/OPP Pesticide Code: 061203",
    "UYB80267",
    "WLN: QR DVO3",
    "Z8IX2SC1OH",
    "cid_7175",
    "component of Heb-Cort MC (Salt/Mix)",
    "n-PROPYL-p-HYDROXYBENZOATE",
    "n-Propyl 4-hydroxybenzoate",
    "n-propyl paraben",
    "n-propyl-4-hydroxybenzoate",
    "n-propyl-p-hydroxy-benzoate",
    "p-Hydroxybenzoic acid n-propyl ester",
    "p-Hydroxybenzoic acid propyl ester",
    "p-Hydroxybenzoic acid, propyl ester",
    "p-Hydroxybenzoic propyl ester",
    "p-Hydroxypropyl benzoate",
    "p-Oxybenzoesaeurepropylester",
    "p-Oxybenzoesaurepropylester",
    "p-Oxybenzoesaurepropylester [German]",
    "propyl 4-hydroxybenzoate",
    "propyl 4-oxidanylbenzoate",
    "propyl hydroxybenzoate",
    "propyl p-oxybenzoate",
    "propyl para-hydroxybenzoate",
    "s5405"
  ],
  "CAS": [
    "85403-59-4",
    "94-13-3"
  ],
  "M": 180.2,
  "formula": "C10H12O3",
  "SMILES": "CCCOC(=O)C1=CC=C(C=C1)O",
  "InChi": "InChI=1S/C10H12O3/c1-2-7-13-10(12)8-3-5-9(11)6-4-8/h3-6,11H,2,7H2,1H3",
  "InChiKey": "QELSKZZBTMNZEB-UHFFFAOYSA-N",
  "logP": 3.0,
  "date": "2025-03-19"
}