{
  "CID": 7586,
  "name": "2-[[3-(oxiran-2-ylmethoxy)phenoxy]methyl]oxirane",
  "synonyms": [
    "1,3-BENZENDIOL BIS(2-PROPENYL)ETHER BISEPOXIDE",
    "1,3-BIS(2,3-EPOXYPROPOXY)BENZENE [HSDB]",
    "1,3-Bis(2,3-epoxypropoxy)benzene",
    "1,3-Bis(glycidyloxy) benzene",
    "1,3-Bis(oxiran-2-ylmethoxy)benzene",
    "1,3-Diglycidyloxybenzene",
    "1,3-bis(glycidyloxy)benzene",
    "1,3-epoxypropoxy)benzene",
    "1,3Bis(2,3epoxypropoxy)benzene",
    "1,3Diglycidyloxybenzene",
    "101-90-6",
    "2,2'(1,3Phenylenebis(oxymethylene))bisoxirane",
    "2,2'-(1,3-Phenylenebis(oxymethylene))bisoxirane",
    "2,2'-(1,3-Phenylenebis(oxymethylene)bisoxirane)",
    "2,2'-[1,3-Phenylenebis(oxymethylene)]bisoxirane",
    "2,2'-[1,3-phenylenebis(oxymethylene)]dioxirane",
    "2,2-[1,3-Phenylenebis(oxymethylene)]dioxirane",
    "2,2/'-[1,3-Phenylenebis(oxymethylene)]dioxirane",
    "2,3-Phenylenebis(oxymethylene)]bisoxirane",
    "2-((3-(oxiran-2-ylmethoxy)phenoxy)methyl)oxirane",
    "2-([3-(2-Oxiranylmethoxy)phenoxy]methyl)oxirane #",
    "2-[[3-(oxiran-2-ylmethoxy)phenoxy]methyl]oxirane",
    "202-987-5",
    "AKOS005207195",
    "Araldite ERE 1359",
    "BIS(2,3-EPOXYPROPOXY)BENZENE, M-",
    "BRN 0203671",
    "Benzene, m-bis(2,3-epoxypropoxy)-",
    "Benzene, m-bis(2,3-epoxypropoxy)-(8CI)",
    "Benzene, mbis(2,3epoxypropoxy)",
    "C19228",
    "CAS-101-90-6",
    "CCRIS 1424",
    "CHEBI:82318",
    "CHEMBL1338613",
    "CS-0339948",
    "DGRE",
    "DIGLYCIDYL RESORCINOL ETHER",
    "DIGLYCIDYL RESORCINOL ETHER (IARC)",
    "DIGLYCIDYL RESORCINOL ETHER [IARC]",
    "DTXCID80470",
    "DTXSID2020470",
    "Diglycidyl Resorcinol Ether (>85%)",
    "Diglycidyl ether of resorcinol",
    "Diglycidyl resorcinol ether (DGRE)",
    "Diglycidyl resorcinol ether, technical grade",
    "Diglycidylresorcinol ether",
    "EINECS 202-987-5",
    "ERE 1359",
    "FO175093",
    "FXN2Y6QZ2W",
    "HSDB 4166",
    "LS-14075",
    "MFCD00078378",
    "NCGC00091808-01",
    "NCGC00091808-02",
    "NCGC00091808-03",
    "NCGC00091808-04",
    "NCGC00258222-01",
    "NCI-C54966",
    "NCIOpen2_003997",
    "NS00020363",
    "NSC 76621",
    "NSC-76621",
    "NSC76621",
    "OXIRANE, 2,2'-(1,3-PHENYLENEBIS (OXYMETHYLENE)) BIS-",
    "OXIRANE, 2,2'-[1,3-PHENYLENEBIS (OXYMETHYLENE)] BIS-",
    "Oxirane, 2,2'(1,3phenylenebis(oxymethylene))bis",
    "Oxirane, 2,2'-(1,3-phenylenebis(oxymethylene))bis-",
    "Oxirane, 2,2'-[1,3-phenylenebis(oxymethylene)]bis-",
    "Oxirane,2'-[1,3-phenylenebis(oxymethylene)]bis-",
    "Q2956475",
    "RDGE",
    "Resorcinol bis(2,3-epoxypropyl) ether",
    "Resorcinol bis(2,3epoxypropyl) ether",
    "Resorcinol diglycidyl ether",
    "Resorcinol glycidyl ether",
    "Resorcinol, diglycidyl-",
    "Resorcinyl diglycidyl ether",
    "SCHEMBL37802",
    "Tox21_200668",
    "UNII-FXN2Y6QZ2W",
    "WLN: T3OTJ B1OR CO1-BT3OTJ",
    "diglycidylresorcinol",
    "m-Bis(2,3-epoxypropoxy)benzene",
    "m-Bis(glycidyloxy)benzene",
    "mBis(2,3epoxypropoxy)benzene",
    "mBis(glycidyloxy)benzene",
    "meta-Bis(2,3-epoxypropoxy benzene)",
    "meta-Bis(glycidyloxy)benzene",
    "metaBis(2,3epoxypropoxy benzene)",
    "metaBis(glycidyloxy)benzene",
    "resorcinol bis(2,3-epoxypropyl)ether"
  ],
  "CAS": [
    "101-90-6"
  ],
  "M": 222.24,
  "formula": "C12H14O4",
  "SMILES": "C1C(O1)COC2=CC(=CC=C2)OCC3CO3",
  "InChi": "InChI=1S/C12H14O4/c1-2-9(13-5-11-7-15-11)4-10(3-1)14-6-12-8-16-12/h1-4,11-12H,5-8H2",
  "InChiKey": "WPYCRFCQABTEKC-UHFFFAOYSA-N",
  "logP": 1.2,
  "date": "2025-03-19"
}