{
  "CID": 75712,
  "name": "oxacycloundecane-2,11-dione",
  "synonyms": [
    "1-OXACYCLOUNDECANE-2,11-DIONE",
    "219-882-5",
    "2561-88-8",
    "DTXCID8037336",
    "DTXSID3062522",
    "EINECS 219-882-5",
    "NS00027924",
    "Oxacycloundecane-2,11-dione",
    "SCHEMBL351937",
    "WV46PVP2DP",
    "oxacycloundecane-2,11-dione",
    "sebacic acid anhydride",
    "sebacic anhydride",
    "sebacoyl oxide"
  ],
  "CAS": [
    "2561-88-8"
  ],
  "M": 184.23,
  "formula": "C10H16O3",
  "SMILES": "C1CCCCC(=O)OC(=O)CCC1",
  "InChi": "InChI=1S/C10H16O3/c11-9-7-5-3-1-2-4-6-8-10(12)13-9/h1-8H2",
  "InChiKey": "YOURXVGYNVXQKT-UHFFFAOYSA-N",
  "logP": 2.4,
  "date": "2025-03-19"
}