{
  "CID": 75084,
  "name": "dodecyl prop-2-enoate",
  "synonyms": [
    "2-Propenoic acid, dodecyl ester",
    "2-Propenoic acid, n-dodecyl ester",
    "2-propenoic acid dodecyl ester",
    "2156-97-0",
    "90IK36WGVR",
    "AI3-03198",
    "AKOS015916172",
    "Acrylic Acid Dodecyl Ester",
    "Acrylic Acid Lauryl Ester",
    "Acrylic acid, dodecyl ester",
    "Acrylic acid-dodecyl ester",
    "Ageflex FA-12",
    "C15H28O2",
    "CHEBI:191951",
    "D4129",
    "DTXCID702178",
    "DTXSID7022178",
    "Dodecyl Acrylate (stabilized with MEHQ)",
    "Dodecyl acrylate",
    "EC 218-463-4",
    "EINECS 218-463-4",
    "F20309",
    "LAURYL ACRYLATE [INCI]",
    "LIGHT ACRYLATE L-A",
    "LS-14452",
    "Lauryl acrylate",
    "Lauryl acrylate, technical grade, 90%",
    "MFCD00042871",
    "N-Lauryl acrylate (monomer)",
    "NS00002331",
    "NSC 24177",
    "NSC-24177",
    "NSC24177",
    "PHOTOMER 4812",
    "Q27271326",
    "SCHEMBL14939",
    "SR 335",
    "UNII-90IK36WGVR",
    "dodecyl prop-2-enoate",
    "dodecyl propenoate",
    "n-Dodecyl acrylate",
    "n-Lauryl acrylate"
  ],
  "CAS": [
    "2156-97-0"
  ],
  "M": 240.38,
  "formula": "C15H28O2",
  "SMILES": "CCCCCCCCCCCCOC(=O)C=C",
  "InChi": "InChI=1S/C15H28O2/c1-3-5-6-7-8-9-10-11-12-13-14-17-15(16)4-2/h4H,2-3,5-14H2,1H3",
  "InChiKey": "PBOSTUDLECTMNL-UHFFFAOYSA-N",
  "logP": 6.2,
  "date": "2025-03-19"
}