{
  "CID": 7501,
  "name": "styrene",
  "synonyms": [
    "100-42-5",
    "12770-88-6",
    "202-851-5",
    "25086-18-4",
    "44LJ2U959V",
    "6911-81-5",
    "98444-30-5",
    "A800199",
    "AI3-24374",
    "AKOS000119972",
    "Annamene",
    "BIDD:ER0247",
    "BP-13451",
    "Benzene, (1Z)-ethenyl-2-d-",
    "Benzene, ethenyl-",
    "Benzene, vinyl-",
    "Bulstren K-525-19",
    "C07083",
    "C19506",
    "CAS-100-42-5",
    "CBA73242",
    "CCRIS 564",
    "CHEBI:27452",
    "CHEMBL285235",
    "COLESTYRAMINE IMPURITY A (EP IMPURITY)",
    "COLESTYRAMINE IMPURITY A [EP IMPURITY]",
    "Cinnamene",
    "Cinnamenol",
    "Cinnaminol",
    "Cinnamol",
    "DB-244813",
    "DTXCID501284",
    "DTXSID2021284",
    "Diarex hf 77",
    "Diarex hf 77 (Salt/Mix)",
    "EC 202-851-5",
    "EINECS 202-851-5",
    "EN300-19671",
    "Ethenylbenzene",
    "Ethenylbenzene, 9CI",
    "Ethylene, phenyl-",
    "F1908-0130",
    "FEMA No. 3233",
    "FEMA Number 3234",
    "FP171383",
    "FS27884",
    "HSDB 171",
    "InChI=1/C8H8/c1-2-8-6-4-3-5-7-8/h2-7H,1H",
    "MAOMIN SM",
    "MFCD00008612",
    "MFCD00044231",
    "MFCD00084450",
    "Monomer, Styrene",
    "NCGC00091056-01",
    "NCGC00091056-02",
    "NCGC00091056-03",
    "NCGC00091056-04",
    "NCGC00091056-05",
    "NCGC00258362-01",
    "NCI-C02200",
    "NS00010820",
    "NSC 62785",
    "NSC-62785",
    "NSC62785",
    "PhCH=CH2",
    "Phenethylene",
    "Phenylethene",
    "Phenylethylene",
    "Phenylethylene, inhibited",
    "Poly(Styrene-d8)",
    "Polystyrene, M.W. 50,000",
    "Q28917",
    "S0651",
    "STL283958",
    "STYRENE",
    "STYRENE (IARC)",
    "STYRENE [HSDB]",
    "STYRENE [IARC]",
    "STYRENE [MI]",
    "STYRENE-ALPHA,2,3,4,5,6-D6",
    "STYRENE-ALPHA-13C",
    "SY061549",
    "SYN",
    "Stirolo",
    "Stirolo [Italian]",
    "Styreen",
    "Styreen [Dutch]",
    "Styren",
    "Styren [Czech]",
    "Styrene (monomer)",
    "Styrene (stabilized with 4-tert-Butylcatechol)",
    "Styrene - stabilised with TBC",
    "Styrene 100 microg/mL in Methanol",
    "Styrene 2000 microg/mL in Methanol",
    "Styrene 5000 microg/mL in Methanol",
    "Styrene Solution 0.0001 Wt% in Toluene",
    "Styrene contains 4-tert-Butylcatechol as stabilizer",
    "Styrene monomer",
    "Styrene monomer, inhibited",
    "Styrene monomer, inhibited [UN2055]  [Flammable liquid]",
    "Styrene, 99.5% stab. with 4-tert-Butylcatechol",
    "Styrene, >=99%",
    "Styrene, ReagentPlus(R), 99.9%",
    "Styrene, ReagentPlus(R), contains 4-tert-butylcatechol as stabilizer, >=99%",
    "Styrene, SAJ first grade, >=99.0%",
    "Styrene, analytical standard",
    "Styrene-d5(StabilizedwithHydroquinone)",
    "Styrene; Phenylethylene; Vinylbenzene",
    "Styrol",
    "Styrol (German)",
    "Styrol [German]",
    "Styrole",
    "Styrolene",
    "Styron",
    "Styron (Salt/Mix)",
    "Styropol (Salt/Mix)",
    "Styropol SO",
    "Styropor (Salt/Mix)",
    "TTB 7302",
    "Tox21_113245",
    "Tox21_200808",
    "UN 2055 (Salt/Mix)",
    "UN2055",
    "UNII-44LJ2U959V",
    "Vinyl benzene",
    "Vinyl-benzene",
    "Vinylbenzen",
    "Vinylbenzen [Czech]",
    "Vinylbenzen [Dutch]",
    "Vinylbenzene",
    "Vinylbenzene, inhibited",
    "Vinylbenzol",
    "WLN: 1U1R",
    "Z104474664",
    "ethenyl-benzene",
    "p-vinyl benzene",
    "phenyl-ethylene",
    "styrene",
    "styrene, monomer",
    "trans-Styrene-(beta)-d"
  ],
  "CAS": [
    "100-42-5",
    "12770-88-6",
    "25086-18-4",
    "6911-81-5",
    "98444-30-5"
  ],
  "M": 104.15,
  "formula": "C8H8",
  "SMILES": "C=CC1=CC=CC=C1",
  "InChi": "InChI=1S/C8H8/c1-2-8-6-4-3-5-7-8/h2-7H,1H2",
  "InChiKey": "PPBRXRYQALVLMV-UHFFFAOYSA-N",
  "logP": 2.9,
  "date": "2025-03-19"
}