{
  "CID": 7835,
  "name": "2-(chloromethyl)oxirane",
  "synonyms": [
    "( inverted exclamation markA)-Epichlorohydrin",
    "(+) epichlorohydrin",
    "(+-)-epichlorohydrin",
    "(+/-)-1-Chloro-2,3-epoxypropane",
    "(+/-)-2-(Chloromethyl)oxirane",
    "(+/-)-2-(Chloromethyl)oxirane, 1-Chloro-2,3-epoxypropane",
    "(+/-)-Epichlorohydrin",
    "(+/-)-Epichlorohydrin, analytical standard",
    "(+/-)-Epichlorohydrin, puriss., >=99.5% (GC)",
    "(+/-)-Epichlorohydrin, purum, >=99% (GC)",
    "(-) epichlorohydrin",
    "(?)-Epichlorohydrin",
    "(CHLOROMETHYL)OXIRANE",
    "(Chloromethyl)ethylene oxide",
    "(DL)-.alpha.-Epichlorohydrin",
    "(DL)-alpha-Epichlorohydrin",
    "(R)-(-)-1-Chloro-2,3-epoxypropane; 2-(Chloromethyl)oxirane",
    "(RS)-(chloromethyl)oxirane",
    "(RS)-3-chloro-1,2-epoxypropane",
    "(RS)-EPICHLORHYDRIN",
    "(S)-(+)-1-Chloro-2,3-epoxypropane; 2-(Chloromethyl)oxirane",
    "(chloromethyl) Ethylene oxide",
    "(chloromethyl)-Oxirane",
    "(rac)-epichlorohydrin",
    "(rs)-epichlorohydrin",
    ".alpha.-Epichlorohydrin",
    ".gamma.-Chloropropylene oxide",
    "08OOR508C0",
    "1,2-Epoxy-3-chloropropane",
    "1-Chloor-2,3-epoxy-propaan",
    "1-Chloor-2,3-epoxy-propaan [Dutch]",
    "1-Chlor-2,3-epoxy-propan",
    "1-Chlor-2,3-epoxy-propan [German]",
    "1-Chloro-2,3-epoxy propone",
    "1-Chloro-2,3-epoxypropane",
    "1-Cloro-2,3-epossipropano",
    "1-Cloro-2,3-epossipropano [Italian]",
    "1-chloro-2,3-epoxy-propane",
    "106-89-8",
    "13403-37-7",
    "1ST001647",
    "2,3-Epoxypropyl chloride",
    "2-(Chloromethyl)oxirane",
    "2-(Chloromethyl)oxirane (part of SEVELAMER)",
    "2-(chloromethyl) Oxirane",
    "2-(chloromethyl)-oxirane",
    "2-(chloromethyl)oxirane",
    "2-Chloromethyl-oxirane",
    "2-Chloropropylene oxide",
    "2-chloromethyloxirane",
    "203-439-8",
    "3-CHLORO-1, 2-PROPYLENE OXIDE",
    "3-Chloro-1,2-epoxypropane",
    "3-Chloro-1,2-propane oxide",
    "3-Chloro-1,2-propylene oxide",
    "3-Chloro-propylene oxide",
    "3-Chloropropene-1,2-oxide",
    "3-Chloropropyl epoxide",
    "3-Chloropropylene oxide",
    "5-17-01-00020 (Beilstein Handbook Reference)",
    "9009-12-5",
    "AI3-03545",
    "AKOS000118974",
    "AKOS016039400",
    "ALPHA-EPICHOROHYDRIN",
    "Allyl chloride oxide",
    "Alyl chloride oxide",
    "BP-31004",
    "BP-31046",
    "BRN 0079785",
    "CAS-106-89-8",
    "CCRIS 277",
    "CHEBI:37144",
    "CHEMBL1421613",
    "CHLOROMETHYL (OXIRANE) (EPICHLOROHYDRIN)",
    "CRUDE EPICHLOROHYDRIN",
    "Caswell No. 424",
    "Chloro-1,2-epoxypropane",
    "Chloro-1,2-propylene oxide",
    "Chloro-2,3-epoxypropane",
    "Chloromethylethylene Oxide",
    "Chloromethyloxirane",
    "Chloropropene-1,2-oxide",
    "Chloropropyl epoxide",
    "Chloropropylene",
    "Chloropropylene oxide",
    "DB-018066",
    "DB-301965",
    "DL-a-Epichlorohydrin",
    "DTXCID50566",
    "DTXSID1020566",
    "E 181 [Russian epoxy resin]",
    "E181 [Russian epoxy resin]",
    "EC 203-439-8",
    "ECH",
    "EINECS 203-439-8",
    "EN300-19215",
    "EPA Pesticide Chemical Code 097201",
    "EPICHLOROHYDRIN",
    "EPICHLOROHYDRIN (DOT)",
    "EPICHLOROHYDRIN (IARC)",
    "EPICHLOROHYDRIN (MART.)",
    "EPICHLOROHYDRIN [HSDB]",
    "EPICHLOROHYDRIN [IARC]",
    "EPICHLOROHYDRIN [MART.]",
    "EPICHLOROHYDRIN [MI]",
    "Epichloorhydrine",
    "Epichloorhydrine [Dutch]",
    "Epichlorhydrin",
    "Epichlorhydrin 100 microg/mL in Cyclohexane.",
    "Epichlorhydrin 1000 microg/mL in Methanol",
    "Epichlorhydrine",
    "Epichlorhydrine [French]",
    "Epichloro hydrine",
    "Epichlorohydrin [UN2023]  [Poison]",
    "Epichlorohydrin, (+-)-Isomer",
    "Epichlorohydrin, 99%",
    "Epichlorohydrin, >=99%",
    "Epichlorohydrin;3-Chloro-1,2-propylene oxide",
    "Epichlorohydrine (part of COLESTIPOL)",
    "Epichlorohydryna",
    "Epichlorohydryna [Polish]",
    "Epichlorophydrin",
    "Epicloridrina",
    "Epicloridrina [Italian]",
    "Epoxy-3-chloropropane",
    "Epoxypropyl chloride",
    "F0001-0128",
    "FE07765",
    "Glycerol epichlorhydrin",
    "Glycerol epichlorohydrin",
    "Glycidyl chloride",
    "HSDB 39",
    "J 006",
    "MFCD00005132",
    "MSK001647",
    "NCGC00091792-01",
    "NCGC00091792-02",
    "NCGC00091792-03",
    "NCGC00257830-01",
    "NCI-C07001",
    "NCI-CO7001",
    "NS00002426",
    "NSC 6747",
    "NSC-6747",
    "NSC6747",
    "Oxirane, (chloromethyl)-",
    "Oxirane, 2-(chloromethyl)",
    "Oxirane,(chloromethyl)-",
    "Propane, 1-chloro-2,3-epoxy-",
    "Q423083",
    "RCRA waste no. U041",
    "Rcra waste number U041",
    "SB11597",
    "SB11598",
    "SKEKhG",
    "STL163564",
    "Tox21_111167",
    "Tox21_200276",
    "UN 2023",
    "UN2023",
    "UNII-08OOR508C0",
    "WLN: T3OTJ B1G",
    "Z104473190",
    "a-Chloropropylene oxide",
    "a-Epichlorohydrin",
    "alpha-Epichlorohydrin",
    "beta-epoxypropylchloride",
    "bmse000722",
    "chloromethyl) Oxirane",
    "dl-alpha-epichlorohydrin",
    "epi-Chlorohydrin",
    "epi-chlorohydrine",
    "epichiorohydrin",
    "epichlorohydrine",
    "gamma-Chloropropylene oxide",
    "oxirane, 2-(chloromethyl)-",
    "racemic epichlorohydrin",
    "racemic epichlorohydrine"
  ],
  "CAS": [
    "106-89-8",
    "13403-37-7",
    "9009-12-5"
  ],
  "M": 92.52,
  "formula": "C3H5ClO",
  "SMILES": "C1C(O1)CCl",
  "InChi": "InChI=1S/C3H5ClO/c4-1-3-2-5-3/h3H,1-2H2",
  "InChiKey": "BRLQWZUYTZBJKN-UHFFFAOYSA-N",
  "logP": 0.5,
  "date": "2025-03-19"
}