{
  "CID": 8125,
  "name": "oct-1-ene",
  "synonyms": [
    ".alpha.-Octene",
    ".alpha.-Octylene",
    "1-?Octene",
    "1-C8H16",
    "1-Caprylene",
    "1-OCTENE",
    "1-OCTENE [FHFI]",
    "1-OCTENE [HSDB]",
    "1-Octene, 97%",
    "1-Octene, 98%",
    "1-Octene, analytical standard",
    "1-Octene, purum, >=97.0% (GC)",
    "1-Octene-d2",
    "1-Octylene",
    "1-n-octene",
    "111-66-0",
    "1Caprylene",
    "1Octylene",
    "203-893-7",
    "26746-84-9",
    "AI3-28403",
    "AKOS009031490",
    "BBL027759",
    "C8-9 alpha-Alkenes",
    "CAPRYLENE [MI]",
    "CAS-111-66-0",
    "CHEBI:46708",
    "CHEMBL1376677",
    "Caprylene",
    "D91846",
    "DB-040996",
    "DIALENE 8",
    "DTXCID705804",
    "DTXSID6025804",
    "E5VK21B9RC",
    "EC 203-893-7",
    "ECA43994",
    "EINECS 203-893-7",
    "EN300-19738",
    "Gulftene 8",
    "HSDB 1084",
    "MFCD00009548",
    "NCGC00091537-01",
    "NCGC00091537-02",
    "NCGC00258206-01",
    "NS00007609",
    "NSC 8457",
    "NSC-8457",
    "NSC8457",
    "Neodene 8",
    "O0041",
    "O0251",
    "OCTENE-1",
    "Oct-1-ene",
    "Octene, 1-",
    "Octylene",
    "Q161664",
    "S0338",
    "SHOP C8",
    "STL372709",
    "Tox21_200652",
    "UNII-E5VK21B9RC",
    "VS-08589",
    "alpha-Octene",
    "alpha-Octylene",
    "alphaoctene",
    "n-1-Octene",
    "n-octene",
    "n-octene-1",
    "n1Octene",
    "oct-1-ene",
    "octene1"
  ],
  "CAS": [
    "111-66-0",
    "26746-84-9"
  ],
  "M": 112.21,
  "formula": "C8H16",
  "SMILES": "CCCCCCC=C",
  "InChi": "InChI=1S/C8H16/c1-3-5-7-8-6-4-2/h3H,1,4-8H2,2H3",
  "InChiKey": "KWKAKUADMBZCLK-UHFFFAOYSA-N",
  "logP": 4.6,
  "date": "2025-03-19"
}