{
  "CID": 8094,
  "name": "heptanoic acid",
  "synonyms": [
    "1-Hexanecarboxylic acid",
    "1-heptanoic acid",
    "101488-09-9",
    "111-14-8",
    "1219802-86-4",
    "203-838-7",
    "352431-36-8",
    "4-02-00-00958 (Beilstein Handbook Reference)",
    "5-HEXACID C-7",
    "AI3-02073",
    "AKOS000119950",
    "Acid C7 heptanoic",
    "Artec",
    "Artec ultra conditioning teat dip",
    "BRN 1744723",
    "C17714",
    "C7:0",
    "CAS-111-14-8",
    "CCRIS 6042",
    "CH3-(CH2)5-COOH",
    "CHEBI:45571",
    "CHEMBL320358",
    "Chem-Star Barrier 710",
    "Chem-Star Code Green",
    "Chem-Star Recover",
    "Cynergy",
    "Cynergy Barrier",
    "DB02938",
    "DKL",
    "DTXCID301600",
    "DTXSID2021600",
    "E3F2CC4A-F2B5-4353-8922-355FA750FEAC",
    "EC 203-838-7",
    "EINECS 203-838-7",
    "EN300-19601",
    "ENANTHIC ACID (USP-RS)",
    "ENANTHIC ACID [USP-RS]",
    "Enanthic Acid, United States Pharmacopeia (USP) Reference Standard",
    "Enanthic acid",
    "Enanthylic acid",
    "F0001-0233",
    "FA 7:0",
    "FEMA No. 3348",
    "FH33951",
    "H0030",
    "HEPTANOIC ACID",
    "HEPTANOIC ACID  (ENANTIC ACID)",
    "HEPTANOIC ACID [FHFI]",
    "HEPTANOIC ACID [HSDB]",
    "HEPTANOIC ACID [MI]",
    "HEPTANOIC AICD-",
    "HEPTANOIC-2,2-D2 ACID",
    "HEPTANOIC-5,5,6,6-D4 ACID",
    "HMS2267D15",
    "HSDB 5546",
    "Heptanoic Acid Anion",
    "Heptanoic acid (natural)",
    "Heptanoic acid, 96%",
    "Heptanoic acid, 97%, FG",
    "Heptanoic acid, >=97%",
    "Heptanoic acid, >=98.0% (GC)",
    "Heptanoic acid, >=99.0% (GC)",
    "Heptanoic acid, analytical standard",
    "Heptanoic acid, natural, FG",
    "Heptanoic--d7 Acid",
    "Heptansaeure",
    "Hepthlic acid",
    "Heptoic acid",
    "Heptylic acid",
    "Hexacid",
    "Hexacid C-7",
    "InChI=1/C7H14O2/c1-2-3-4-5-6-7(8)9/h2-6H2,1H3,(H,8,9",
    "LMFA01010007",
    "MFCD00004426",
    "MLS002415755",
    "NCGC00091189-01",
    "NCGC00091189-02",
    "NCGC00091189-03",
    "NCGC00254267-01",
    "NCGC00259379-01",
    "NCIOpen2_005395",
    "NS00010236",
    "NSC 2192",
    "NSC-2192",
    "NSC2192",
    "Oenanthic acid",
    "Oenanthsaeure",
    "Oenanthylic acid",
    "Q297592",
    "SCHEMBL3564",
    "SHV",
    "SMR001261667",
    "STL481898",
    "TESTOSTERONE ENANTATE IMPURITY A (EP IMPURITY)",
    "TESTOSTERONE ENANTATE IMPURITY A [EP IMPURITY]",
    "THE3YNP39D",
    "Technetium Medronate",
    "Tox21_201830",
    "Tox21_300342",
    "UNII-THE3YNP39D",
    "WLN: QV6",
    "Winter Dip",
    "WinterCare",
    "Z104474412",
    "enanthoic acid",
    "heptanoic acid",
    "heptanoic-acid",
    "hexane carboxylic acid",
    "hexane-1-carboxylic acid",
    "n-Heptanoic acid",
    "n-Heptoic acid",
    "n-Heptylic acid",
    "sec-Heptanoic acid"
  ],
  "CAS": [
    "101488-09-9",
    "111-14-8",
    "1219802-86-4",
    "352431-36-8"
  ],
  "M": 130.18,
  "formula": "C7H14O2",
  "SMILES": "CCCCCCC(=O)O",
  "InChi": "InChI=1S/C7H14O2/c1-2-3-4-5-6-7(8)9/h2-6H2,1H3,(H,8,9)",
  "InChiKey": "MNWFXJYAOYHMED-UHFFFAOYSA-N",
  "logP": 2.5,
  "date": "2025-03-19"
}