{
  "CID": 8821,
  "name": "ethyl prop-2-enoate",
  "synonyms": [
    "140-88-5",
    "2-Propenoic Acid Ethyl Ester",
    "2-Propenoic acid, 1,1'-((dihydro-5-(2-hydroxyethyl)-2,4,6-trioxo-1,3,5-triazine-1,3(2H,4H)-diyl)di-2,1-ethanediyl) ester",
    "2-Propenoic acid, ethyl ester",
    "205-438-8",
    "35717-06-7",
    "4-02-00-01460 (Beilstein Handbook Reference)",
    "71E6178C9T",
    "A0143",
    "AI3-15734",
    "AKOS005721113",
    "Acrylate d'ethyle",
    "Acrylate d'ethyle [French]",
    "Acrylic acid ethyl ester",
    "Acrylic acid, ethyl ester",
    "Acrylic acid, ethyl ester (inhibited)",
    "Acrylic acid-ethyl ester",
    "Acrylsaeureaethylester",
    "Acrylsaeureaethylester [German]",
    "Aethylacrylat",
    "Aethylacrylat [German]",
    "Akrylanem etylu",
    "Akrylanem etylu [Polish]",
    "BBL011497",
    "BCP06341",
    "BRN 0773866",
    "C19238",
    "CAS-140-88-5",
    "CCRIS 248",
    "CH2=CHCOOC2H5",
    "CHEBI:82327",
    "CHEMBL52084",
    "Carboset 511",
    "DB-042537",
    "DTXCID00583",
    "DTXSID4020583",
    "EC 205-438-8",
    "EINECS 205-438-8",
    "EN300-19964",
    "ETHYL ACRYLATE",
    "ETHYL ACRYLATE (IARC)",
    "ETHYL ACRYLATE [FCC]",
    "ETHYL ACRYLATE [FHFI]",
    "ETHYL ACRYLATE [HSDB]",
    "ETHYL ACRYLATE [IARC]",
    "ETHYL ACRYLATE [MI]",
    "ETHYL-D5 ACRYLATE",
    "Ethoxycarbonylethylene",
    "Ethyl 2-propenoate",
    "Ethyl Acrylate (Stabilized with 4-methoxyphenol)",
    "Ethyl Acrylate (stabilized with MEHQ)",
    "Ethyl Acrylate 1000 microg/mL in Methanol",
    "Ethyl Acrylate stabilized with 10 - 20 ppm MEHQ",
    "Ethyl Acrylate, stabilized with MEHQ",
    "Ethyl acrylate (inhibited)",
    "Ethyl acrylate (natural)",
    "Ethyl acrylate, >=99.5%, stabilized, FG",
    "Ethyl acrylate, SAJ first grade, >=99.0%",
    "Ethyl acrylate, analytical standard",
    "Ethyl acrylate, contains 10-20 ppm MEHQ as inhibitor, 99%",
    "Ethyl acrylate, inhibited",
    "Ethyl acrylate, inhibited [UN1917]  [Flammable liquid]",
    "Ethyl acrylate, inhibited [UN1917] [Flammable liquid]",
    "Ethyl ester of 2-propenoic acid",
    "Ethyl propenoate",
    "Ethyl propenoate, inhibited",
    "Ethylacrylaat",
    "Ethylacrylaat [Dutch]",
    "Ethylacrylate",
    "Ethylakrylat",
    "Ethylakrylat [Czech]",
    "Ethylester kyseliny akrylove",
    "Ethylester kyseliny akrylove [Czech]",
    "Etil acrilato",
    "Etil acrilato [Italian]",
    "Etilacrilatului",
    "Etilacrilatului [Romanian]",
    "Etilacrilatului(roumanian)",
    "F1908-0175",
    "FEMA 2418",
    "FEMA No. 2418",
    "FEMA Number 2418",
    "FEMA-2418",
    "HSDB 193",
    "InChI=1/C5H8O2/c1-3-5(6)7-4-2/h3H,1,4H2,2H",
    "LMFA07010505",
    "MFCD00009188",
    "NCGC00091041-01",
    "NCGC00260062-01",
    "NCI-C50384",
    "NS00006376",
    "NSC 8263",
    "NSC-8263",
    "NSC8263",
    "PROPENOIC ACID,ETHYL ESTER  (ETHYLACRYLATE)",
    "Propenoic acid,ethyl ester (ethylacrylate)",
    "Q343014",
    "RCRA waste no. U113",
    "RCRA waste number U113",
    "SCHEMBL3180",
    "STL146609",
    "Tox21_202513",
    "UN1917",
    "UNII-71E6178C9T",
    "VS-02962",
    "WE(2:0/3:1(2E))",
    "WLN: 2OV1U1",
    "ethyl 2E-propenoate",
    "ethyl prop-2-enoate"
  ],
  "CAS": [
    "140-88-5",
    "35717-06-7"
  ],
  "M": 100.12,
  "formula": "C5H8O2",
  "SMILES": "CCOC(=O)C=C",
  "InChi": "InChI=1S/C5H8O2/c1-3-5(6)7-4-2/h3H,1,4H2,2H3",
  "InChiKey": "JIGUQPWFLRLWPJ-UHFFFAOYSA-N",
  "logP": 1.3,
  "date": "2025-03-19"
}