{
  "CID": 8846,
  "name": "butyl prop-2-enoate",
  "synonyms": [
    "141-32-2",
    "2-Propenoic acid, butyl ester",
    "2-propenoic acid butyl ester",
    "2-propenoic acid n-butyl ester",
    "205-480-7",
    "4-02-00-01463 (Beilstein Handbook Reference)",
    "705NM8U35V",
    "A0142",
    "A807751",
    "A845377",
    "AI3-15739",
    "AKOS000120041",
    "Acrilato de n-butilo",
    "Acrylate de butyle",
    "Acrylic acid butyl ester",
    "Acrylic acid n-butyl ester",
    "Acrylic acid, butyl ester",
    "Acrylic acid, n-butyl ester",
    "Acrylic acid-butyl ester",
    "Acrylsaeurebutylester",
    "BIDD:ER0366",
    "BP-20380",
    "BRN 1749970",
    "BUTYL 2-PROPENATE",
    "BUTYL ACRYLATE",
    "BUTYL ACRYLATE [HSDB]",
    "BUTYL ACRYLATE, STABILIZED",
    "BUTYL ACRYLATES, STABILIZED",
    "BUTYL-2-PROPENOATE",
    "Butyl 2-propenoate",
    "Butyl Acrylate (stabilized with MEHQ)",
    "Butyl Acrylate, stabilized with MEHQ",
    "Butyl acrylate resin",
    "Butyl acrylate, >=99%, contains 10-60 ppm monomethyl ether hydroquinone as inhibitor",
    "Butyl acrylate, SAJ first grade, >=99.0%",
    "Butyl acrylate, analytical standard",
    "Butyl acrylate, n-",
    "Butyl acrylate, purum, >=99.0% (GC)",
    "Butyl acrylates, inhibited",
    "Butyl acrylates, inhibited [UN2348]  [Flammable liquid]",
    "Butyl propenoate",
    "Butylacrylate, inhibited",
    "Butylester kyseliny akrylove",
    "Butylester kyseliny akrylove [Czech]",
    "CAS-141-32-2",
    "CCRIS 3401",
    "CHEBI:3245",
    "CHEMBL1546388",
    "DTXCID104676",
    "DTXSID6024676",
    "EC 205-480-7",
    "EINECS 205-480-7",
    "EN300-19865",
    "HSDB 305",
    "LS-13309",
    "MFCD00009446",
    "N-BUTYL 2-PROPENOATE",
    "N-BUTYL ACRYLATE (IARC)",
    "N-BUTYL ACRYLATE [IARC]",
    "N-BUTYL ACRYLATE [MI]",
    "NCGC00091107-01",
    "NCGC00091107-02",
    "NCGC00256946-01",
    "NCGC00258938-01",
    "NS00007563",
    "NSC 5163",
    "NSC-5163",
    "NSC5163",
    "PERM GLUE",
    "Propensaure-n-butylester",
    "Q343005",
    "SCHEMBL15037",
    "STL280321",
    "Tox21_201387",
    "Tox21_303296",
    "UN 2348",
    "UN2348",
    "UNII-705NM8U35V",
    "WLN: 4OV1U1",
    "butyl prop-2-enoate",
    "butylacrylate",
    "n-Butyl acrylate",
    "n-Butyl acrylate, AR,99%",
    "n-Butyl acrylate, CP,98%",
    "n-Butyl propenoate",
    "n-Butyl-2-propenoate",
    "n-butyl acrylat",
    "n-butyl-acrylate",
    "n-butylacrylate",
    "normal butyl acrylate"
  ],
  "CAS": [
    "141-32-2"
  ],
  "M": 128.17,
  "formula": "C7H12O2",
  "SMILES": "CCCCOC(=O)C=C",
  "InChi": "InChI=1S/C7H12O2/c1-3-5-6-9-7(8)4-2/h4H,2-3,5-6H2,1H3",
  "InChiKey": "CQEYYJKEWSMYFG-UHFFFAOYSA-N",
  "logP": 2.4,
  "date": "2025-03-19"
}