{
  "CID": 8857,
  "name": "ethyl acetate",
  "synonyms": [
    "1-acetoxyethane",
    "1-ethyl acetate",
    "141-78-6",
    "1ST6707-100M",
    "205-500-4",
    "2~ethyl acetate",
    "76845O8NMZ",
    "A0030",
    "A807811",
    "AAA14178",
    "ACETIC ACID,ETHYL ESTER",
    "AI3-00404",
    "AKOS000121947",
    "AcOEt",
    "Acetate d'ethyle",
    "Acetate d'ethyle [French]",
    "Acetato de etilo",
    "Acetato de etilo [Spanish]",
    "Acetic acid ethyl ester",
    "Acetic acid, ethyl ester",
    "Acetic ester",
    "Acetic ether",
    "Acetidin",
    "Acetoxyethane",
    "Acetyl ester",
    "Aethylacetat",
    "Aethylacetat [German]",
    "BDBM50128823",
    "C00849",
    "CAS-141-78-6",
    "CCRIS 6036",
    "CH3-CO-O-CH3",
    "CH3CO2C2H5",
    "CH3CO2CH2CH3",
    "CH3CO2Et",
    "CH3COOC2H5",
    "CHEBI:27750",
    "CHEMBL14152",
    "Caswell No 429",
    "Caswell No. 429",
    "D02319",
    "DTXCID602001",
    "DTXSID1022001",
    "E1504",
    "EC 205-500-4",
    "EINECS 205-500-4",
    "EN300-31487",
    "EPA Pesticide Chemical Code 044003",
    "ETHYL ACETATE",
    "ETHYL ACETATE (1-13C)",
    "ETHYL ACETATE (EP MONOGRAPH)",
    "ETHYL ACETATE (II)",
    "ETHYL ACETATE (MART.)",
    "ETHYL ACETATE [EP MONOGRAPH]",
    "ETHYL ACETATE [FCC]",
    "ETHYL ACETATE [FHFI]",
    "ETHYL ACETATE [HSDB]",
    "ETHYL ACETATE [II]",
    "ETHYL ACETATE [MART.]",
    "ETHYL ACETATE [MI]",
    "ETHYL ACETATE [USP-RS]",
    "ETHYL ACETATE [WHO-DD]",
    "Epitope ID:116868",
    "Essigester",
    "Essigester [German]",
    "Essigsaeureethylester",
    "Et-OAc",
    "EtOAc",
    "Ethyl Acetate, HPLC",
    "Ethyl Acetate, Pharmaceutical Secondary Standard; Certified Reference Material",
    "Ethyl acetate (NF)",
    "Ethyl acetate (natural)",
    "Ethyl acetate 100 microg/mL in Acetonitrile",
    "Ethyl acetate HPLC grade",
    "Ethyl acetate Solution in Methanol, 100ug/mL",
    "Ethyl acetate [NF]",
    "Ethyl acetate [UN1173]  [Flammable liquid]",
    "Ethyl acetate, 99.9%",
    "Ethyl acetate, 99.9% low benzene",
    "Ethyl acetate, >=99%, FCC, FG",
    "Ethyl acetate, >=99.5%",
    "Ethyl acetate, ACS grade",
    "Ethyl acetate, ACS reagent",
    "Ethyl acetate, ACS reagent, >=99.5%",
    "Ethyl acetate, AR, >=99%",
    "Ethyl acetate, Environmental Grade",
    "Ethyl acetate, HPLC Grade",
    "Ethyl acetate, HPLC grade, 99.8%",
    "Ethyl acetate, JIS special grade, >=99.5%",
    "Ethyl acetate, LR, >=99%",
    "Ethyl acetate, Laboratory Reagent, >=99.0% (GC)",
    "Ethyl acetate, ReagentPlus(R), >=99.8%",
    "Ethyl acetate, SAJ first grade, >=99.0%",
    "Ethyl acetate, Spectrophotometric Grade",
    "Ethyl acetate, UV-IR min. 99.8%, isocratic grade",
    "Ethyl acetate, United States Pharmacopeia (USP) Reference Standard",
    "Ethyl acetate, analytical standard",
    "Ethyl acetate, anhydrous, 99.8%",
    "Ethyl acetate, biotech. grade, >=99.8%",
    "Ethyl acetate, for HPLC",
    "Ethyl acetate, for HPLC, >=99.5%",
    "Ethyl acetate, for HPLC, >=99.7%",
    "Ethyl acetate, for HPLC, >=99.8%",
    "Ethyl acetate, for HPLC, >=99.8% (GC)",
    "Ethyl acetate, natural, >=99%, FCC, FG",
    "Ethyl acetate, puriss. p.a., ACS reagent, >=99.5% (GC)",
    "Ethyl acetate, puriss. p.a., ACS reagent, reag. ISO, reag. Ph. Eur., >=99.5% (GC)",
    "Ethyl acetate, puriss. p.a., free of higher boiling impurities, >=99.9% (GC)",
    "Ethyl acetate, puriss., meets analytical specification of Ph. Eur., BP, NF, >=99.5% (GC)",
    "Ethyl acetate, tested according to Ph.Eur.",
    "Ethyl acetate; Ethyl ethanoate",
    "Ethyl acetic ester",
    "Ethyl ester of acetic acid",
    "Ethyl ethanoate",
    "Ethylacetaat",
    "Ethylacetaat [Dutch]",
    "Ethylacetat",
    "Ethylacetate",
    "Ethylacetate, pure, meets the analytical specifications of Ph. Eur.",
    "Ethylazetat",
    "Ethyle (acetate d')",
    "Ethyle (acetate d') [French]",
    "Ethyle(acetate d')",
    "Ethylester kyseliny octove",
    "Ethylester kyseliny octove [Czech]",
    "Ethylether",
    "Etile (acetato di)",
    "Etile (acetato di) [Italian]",
    "Etile(acetato di)",
    "Etylacetate",
    "F0001-0489",
    "FEMA No. 2414",
    "HSDB 83",
    "InChI=1/C4H8O2/c1-3-6-4(2)5/h3H2,1-2H",
    "MFCD00009171",
    "MSK6707-100M",
    "NCGC00091766-01",
    "NCGC00260061-01",
    "NS00004207",
    "NSC 70930",
    "NSC-70930",
    "NSC70930",
    "Octan etylu",
    "Octan etylu [Polish]",
    "Q0040",
    "Q407153",
    "RCRA waste no. U112",
    "RCRA waste number U112",
    "STL282717",
    "Tox21_111166",
    "Tox21_202512",
    "UN 1173",
    "UN1173",
    "UNII-76845O8NMZ",
    "Vinegar naphtha",
    "WLN: 2OV1",
    "acet-eth-ester",
    "acet-ethylester",
    "acetic acid ethyl",
    "acetic acid ethylester",
    "acetic ethyl ester",
    "acetic-acid-ethylester",
    "c0036",
    "ehtyl acetate",
    "ehyl acetate",
    "ethanol acetate",
    "ethl acetate",
    "ethly acetate",
    "ethy acetate",
    "ethyl aceate",
    "ethyl acetate",
    "ethyl actate",
    "ethyl acteate",
    "ethyl-acetate",
    "ethyl_acetate",
    "ethylaceate",
    "ethylactate",
    "ethylacteate",
    "etyl acetate"
  ],
  "CAS": [
    "141-78-6"
  ],
  "M": 88.11,
  "formula": "C4H8O2",
  "SMILES": "CCOC(=O)C",
  "InChi": "InChI=1S/C4H8O2/c1-3-6-4(2)5/h3H2,1-2H3",
  "InChiKey": "XEKOWRVHYACXOJ-UHFFFAOYSA-N",
  "logP": 0.7,
  "date": "2025-03-19"
}