{
  "CID": 8302,
  "name": "1,1,2,3,3,3-hexafluoroprop-1-ene",
  "synonyms": [
    "1,1,2,3,3,3-HEXAFLUORO-1-PROPENE",
    "1,1,2,3,3,3-HEXAFLUORO-1-PROPENE [HSDB]",
    "1,1,2,3,3,3-hexafluoro-prop-1-ene",
    "1,1,2,3,3,3-hexafluoroprop-1-ene",
    "1,1,2,3,3,3-hexafluoropropene",
    "1,1,2,3,3,3-hexafluoropropylene",
    "1,1,2,3,3,3-hexakis(fluoranyl)prop-1-ene",
    "1-Propene, 1,1,2,3,3,3-hexafluoro-",
    "116-15-4",
    "1Propene, 1,1,2,3,3,3hexafluoro",
    "A803566",
    "AKOS009157872",
    "AS-48912",
    "C3F6",
    "CF2=CFCF3",
    "CF3CF=CF2",
    "CHEMBL4644489",
    "DTXCID206949",
    "DTXSID2026949",
    "EC 204-127-4",
    "EINECS 204-127-4",
    "Esafluoropropene",
    "F 1216",
    "F-1216",
    "FD2019",
    "Fomblin?; Y",
    "HFC 1216",
    "HFC-1216",
    "HSDB 5582",
    "Hexafluoropropene",
    "Hexafluoropropene, >=99%",
    "Hexafluoropropene, purum, >=99.0%",
    "Hexafluoropropylene",
    "Hexafluoropropylene compressed or Refrigerant gas R1216",
    "Hexafluoropropylene compressed or Refrigerant gas R1216 [R1216]  [UN1858]  [Nonflammable gas]",
    "Hexfluoropropylene",
    "MFCD00000447",
    "NS00011106",
    "PFC-1216",
    "Perfluoro-1-propene",
    "Perfluoro1propene",
    "Perfluoroprop-1-ene",
    "Perfluoropropene",
    "Perfluoropropylene",
    "Propene, hexafluoro",
    "Propene, hexafluoro-",
    "Propylene, hexafluoro",
    "Propylene, hexafluoro-",
    "Q417982",
    "R 1216",
    "R-1216",
    "R1216",
    "R1216 [UN1858]  [Nonflammable gas]",
    "REFRIGERANT GAS R-1216",
    "TRW23XOS20",
    "UN 1858",
    "UN1858",
    "UNII-TRW23XOS20",
    "hexafluoro-1-propene",
    "hexafluoro-propene",
    "propylene hexafluoride"
  ],
  "CAS": [
    "116-15-4"
  ],
  "M": 150.02,
  "formula": "C3F6",
  "SMILES": "C(=C(F)F)(C(F)(F)F)F",
  "InChi": "InChI=1S/C3F6/c4-1(2(5)6)3(7,8)9",
  "InChiKey": "HCDGVLDPFQMKDK-UHFFFAOYSA-N",
  "logP": 1.9,
  "date": "2025-03-19"
}