{
  "CID": 8200,
  "name": "2-[2-[2-(2-hydroxyethoxy)ethoxy]ethoxy]ethanol",
  "synonyms": [
    "1,11-Dihydroxy-3,6,9-trioxaundecane",
    "112-60-7",
    "125481-05-2",
    "157299-02-0",
    "2,2'-((Oxybis(ethane-2,1-diyl))bis(oxy))diethanol",
    "2,2'-((Oxybis(ethane-2,1-diyl))bis(oxy))diethanol; Ethanol, 2,2'-[oxybis(2,1-ethanediyloxy)]bis-",
    "2,2'-((oxybis(ethane-2,1-diyl))bis(oxy))bis(ethan-1-ol)",
    "2,2'-(2,2'-oxybis(ethane-2,1-diyl)bis(oxy))diethanol",
    "2,2'-(Oxybis(2,1-ethanediyloxy))diethanol",
    "2,2'-(Oxybis(ethyleneoxy))diethanol",
    "2,2'-(oxybis(ethane-2,1-diyloxy))diethanol",
    "2,2'-[oxybis(2,1-ethanediyloxy)]bisethanol",
    "2,2'-[oxybis(2,1-ethanediyloxy)]diethanol",
    "2,2'-[oxybis(ethane-2,1-diyloxy)]diethanol",
    "2-(2-(2-(2-Hydroxyethoxy)ethoxy)ethoxy)ethanol",
    "2-(2-(2-(2-hydroxy-ethoxy)ethoxy)ethoxy)ethanol",
    "2-(2-(2-(2-hydroxyethoxy)ethoxy)ethoxy)ethan-1-ol",
    "2-(2-[2-(2-Hydroxyethoxy)ethoxy]ethoxy)ethanol",
    "2-[2-[2-(2-hydroxyethoxy)ethoxy]ethoxy]ethanol",
    "2-{2-[2-(2-hydroxy-ethoxy)-ethoxy]-ethoxy}-ethanol",
    "2-{2-[2-(2-hydroxyethoxy)ethoxy]ethoxy}ethan-1-ol",
    "3,6,9-TRIOXAUNDECAN-1, 11-DIOL",
    "3,6,9-Trioxaundecan-1,11-diol",
    "3,6,9-Trioxaundecane-1,11-diol",
    "3,6,9Trioxaundecane1,11diol",
    "3,9-Trioxaundecane-1,11-diol",
    "9004-76-6",
    "AI3-01838",
    "AKOS000119933",
    "BIS-(2-(2-HYDROXYETHOXY) ETHYL ETHER",
    "BIS-[2-(2-HYDROXYETHOXY) ETHYL ETHER",
    "BP-20324",
    "BRN 1634320",
    "Bis[2-(2-hydroxyethoxy)ethyl] Ether(Tetraethylene Glycol)",
    "Bis[2-(2-hydroxyethoxy)ethyl] ether",
    "C8H18O5",
    "CAS-112-60-7",
    "CHEBI:44920",
    "CHEMBL1235254",
    "CS-W019531",
    "Carbitol, diethyl",
    "DA-69618",
    "DS-17878",
    "DTXCID806922",
    "DTXSID9026922",
    "EC 203-989-9",
    "EINECS 203-989-9",
    "EN300-19499",
    "Ethanol, 2,2'(oxybis(2,1ethanediyloxy))bis",
    "Ethanol, 2,2'(oxybis(ethyleneoxy))di",
    "Ethanol, 2,2'-(oxybis(2,1-ethanediyloxy))bis-",
    "Ethanol, 2,2'-(oxybis(ethyleneoxy))di-",
    "Ethanol, 2,2'-[oxybis(2,1-ethanediyloxy)]bis-",
    "Ethanol,2'-[oxybis(2,1-ethanediyloxy)]bis-",
    "Ethanol,2'-[oxybis(ethyleneoxy)]di-",
    "F8889-3081",
    "HI-Dry",
    "HO-PEG4-OH",
    "HSDB 843",
    "HY-W018745",
    "HiDry",
    "MFCD00002879",
    "NCGC00164038-01",
    "NCGC00164038-02",
    "NCGC00257035-01",
    "NCGC00259178-01",
    "NS00009833",
    "NSC 1262",
    "NSC-1262",
    "NSC1262",
    "OH-PEG4-OH",
    "PEG-4",
    "PEG-4 [INCI]",
    "PROTAC Linker 18",
    "Q12430182",
    "R95B8J264J",
    "SCHEMBL15101",
    "STL268854",
    "SY010865",
    "T0099",
    "TETRAETHYLENE GLYCOL",
    "Tetra(ethylene glycol)",
    "Tetraethylene glycol, 99%",
    "Tetraethyleneglycol",
    "Tetraglycol",
    "Tetragol",
    "Tox21_201629",
    "Tox21_303245",
    "UNII-R95B8J264J",
    "W18472",
    "WLN: Q2O2O2O2Q",
    "bis[2-(2-hydroxyethoxy)ethyl]ether",
    "tetra-ethylene glycol",
    "tetraethylenglycol"
  ],
  "CAS": [
    "112-60-7",
    "125481-05-2",
    "157299-02-0",
    "9004-76-6"
  ],
  "M": 194.23,
  "formula": "C8H18O5",
  "SMILES": "C(COCCOCCOCCO)O",
  "InChi": "InChI=1S/C8H18O5/c9-1-3-11-5-7-13-8-6-12-4-2-10/h9-10H,1-8H2",
  "InChiKey": "UWHCKJMYHZGTIT-UHFFFAOYSA-N",
  "logP": -1.6,
  "date": "2025-03-19"
}