{
  "CID": 8129,
  "name": "heptan-1-ol",
  "synonyms": [
    "1 Heptanol",
    "1-HEPTANOL",
    "1-HEPTANOL [HSDB]",
    "1-HEPTANOL [MI]",
    "1-Hept",
    "1-Heptanol purum",
    "1-Heptanol, 98%",
    "1-Heptanol, >=99.5% (GC)",
    "1-Heptanol, analytical standard",
    "1-Heptanol, purum, >=99.0% (GC)",
    "1-Hydroxyheptane",
    "1-heptyl alcohol",
    "111-70-6",
    "1219804-99-5",
    "1Hydroxyheptane",
    "258-615-7",
    "38007-42-0",
    "4-01-00-01731 (Beilstein Handbook Reference)",
    "53535-33-4",
    "8JQ5607IO5",
    "AI3-15363",
    "AKOS000120104",
    "Alcohol C-7",
    "Alcohol C7",
    "Alcohol, Heptyl",
    "BDBM22605",
    "BP-31150",
    "BRN 1731686",
    "C7 alcohol",
    "CAS-111-70-6",
    "CHEBI:43003",
    "CHEBI:88619",
    "CHEMBL273459",
    "CS-0152146",
    "DTXCID401507100",
    "DTXCID601937",
    "DTXSID401022221",
    "DTXSID8021937",
    "EC 203-897-9",
    "EINECS 203-897-9",
    "EINECS 258-615-7",
    "EN300-19352",
    "Enanthic alcohol",
    "Enanthyl alcohol",
    "F0001-0245",
    "FEMA 2548",
    "FEMA No. 2548",
    "FEMA Number 2548",
    "Gentanol",
    "H0033",
    "HEPTYL ALCOHOL [FCC]",
    "HEPTYL ALCOHOL [FHFI]",
    "HEPTYL ALCOHOL, N-",
    "HSDB 1077",
    "HY-W099504",
    "Heptan-1-ol",
    "Heptane-1-ol",
    "Heptanol",
    "Heptyl alcohol",
    "Heptyl alcohol (natural)",
    "Heptyl alcohol, 8CI",
    "Heptyl alcohol, >=97%, FCC, FG",
    "Heptyl alcohol, natural, 98%",
    "Heptyl alcohol, primary",
    "Hexyl carbinol",
    "Hydroxy heptane",
    "Hydroxyheptane",
    "LMFA05000122",
    "LS-13378",
    "MFCD00002986",
    "N-HEPTYL-D15 ALCOHOL",
    "N-Heptanol-1 [French]",
    "NCGC00249005-01",
    "NCGC00257506-01",
    "NCGC00258799-01",
    "NHeptanol1",
    "NS00007978",
    "NSC 3703",
    "NSC-3703",
    "NSC3703",
    "Pri-n-heptyl alcohol",
    "Prinheptyl alcohol",
    "Q113820",
    "SCHEMBL2077",
    "STL280281",
    "Tox21_201247",
    "Tox21_303470",
    "UNII-8JQ5607IO5",
    "WLN: Q7",
    "Z104473596",
    "heptan-1-ol",
    "heptanol-1",
    "l'Alcool N-heptylique primaire [French]",
    "l'Alcool Nheptylique primaire",
    "l'Alcool n-heptylique primaire",
    "n Heptanol",
    "n-C7H15OH",
    "n-Heptan-1-ol",
    "n-Heptanol",
    "n-Heptanol-1",
    "n-Heptyl alcohol",
    "n-Heptyl--d7 Alcohol",
    "n-heptylalcohol",
    "nHeptan1ol",
    "nHeptanol",
    "nHeptyl alcohol",
    "starbld0033280"
  ],
  "CAS": [
    "111-70-6",
    "1219804-99-5",
    "38007-42-0",
    "53535-33-4"
  ],
  "M": 116.2,
  "formula": "C7H16O",
  "SMILES": "CCCCCCCO",
  "InChi": "InChI=1S/C7H16O/c1-2-3-4-5-6-7-8/h8H,2-7H2,1H3",
  "InChiKey": "BBMCTIGTTCKYKF-UHFFFAOYSA-N",
  "logP": 2.7,
  "date": "2025-03-19"
}