{
  "CID": 91620,
  "name": "2-[2-[2-[3-(3-tert-butyl-4-hydroxy-5-methylphenyl)propanoyloxy]ethoxy]ethoxy]ethyl 3-(3-tert-butyl-4-hydroxy-5-methylphenyl)propanoate",
  "synonyms": [
    "(ethane-1,2-diylbis(oxy))bis(ethane-2,1-diyl) bis(3-(3-(tert-butyl)-4-hydroxy-5-methylphenyl)propanoate)",
    "1,2-ethanediylbis(oxy-2,1-ethanediyl) bis{3-[4-hydroxy-3-methyl-5-(2-methyl-2-propanyl)phenyl]propanoate}",
    "2,2'-(ethane-1,2-diylbis(oxy))bis(ethane-2,1-diyl) bis(3-(3-tert-butyl-4-hydroxy-5-methylphenyl)propanoate)",
    "2-[2-(2-([3-(3-tert-Butyl-4-hydroxy-5-methylphenyl)propanoyl]oxy)ethoxy)ethoxy]ethyl 3-(3-tert-butyl-4-hydroxy-5-methylphenyl)propanoate #",
    "2-[2-[2-[3-(3-tert-butyl-4-hydroxy-5-methylphenyl)propanoyloxy]ethoxy]ethoxy]ethyl 3-(3-tert-butyl-4-hydroxy-5-methylphenyl)propanoate",
    "2-[2-[2-[3-(3-tert-butyl-5-methyl-4-oxidanyl-phenyl)propanoyloxy]ethoxy]ethoxy]ethyl 3-(3-tert-butyl-5-methyl-4-oxidanyl-phenyl)propanoate",
    "253-039-2",
    "3-(3-tert-butyl-4-hydroxy-5-methylphenyl)propanoic acid 2-[2-[2-[3-(3-tert-butyl-4-hydroxy-5-methylphenyl)-1-oxopropoxy]ethoxy]ethoxy]ethyl ester",
    "36443-68-2",
    "A823897",
    "AKOS015914940",
    "AS-13805",
    "Antioxidant 245",
    "Antioxidant 245;Triethylene glycol bis-3-(3-tert-butyl-4-hydroxy-5-methylplenyl)propionate",
    "Antioxidant245",
    "BENZENEPROPANOIC ACID, 3,5-BIS(1,1-DIMETHYLETHYL)-4-HYDROXY- , 1,2-ETHANEDIYLBIS(OXY-2,1-ETHANEDIYL) ESTER",
    "BRN 3579178",
    "Benzenepropanoic acid, 3,5-bis(1,1-dimethylethyl)-4-hydroxy-, 1,2-ethanediylbis(oxy-2,1-ethanediyl) ester",
    "Benzenepropanoic acid, 3-(1,1-dimethylethyl)-4-hydroxy-5-methyl-, 1,1'-(1,2-ethanediylbis(oxy-2,1-ethanediyl)) ester",
    "Benzenepropanoic acid, 3-(1,1-dimethylethyl)-4-hydroxy-5-methyl-, 1,1'-[1,2-ethanediylbis(oxy-2,1-ethanediyl)] ester",
    "Benzenepropanoic acid, 3-(1,1-dimethylethyl)-4-hydroxy-5-methyl-, 1,2-ethanediylbis(oxy-2,1-ethanediyl) ester",
    "Benzenepropanoic acid, 3-(1,1-dimethylethyl)-4-hydroxy-5-methyl-,1,2-ethanediylbis(oxy-2,1-ethanediyl) ester",
    "CAS-36443-68-2",
    "CHEMBL3187604",
    "CS-0133628",
    "D82257",
    "DTXCID8024236",
    "DTXSID0044236",
    "EC 253-039-2",
    "EINECS 253-039-2",
    "Ethylenebis(oxyethylene) bis(3-(5-tert-butyl-4-hydroxy-m-tolyl)propionate)",
    "Ethylenebis(oxyethylene) bis[3-(5-tert-butyl-4-hydroxy-m-tolyl)propionate]",
    "FT40366",
    "Irganox 245",
    "MFCD00134694",
    "NCGC00255928-01",
    "NS00007511",
    "NS00076926",
    "Q27287694",
    "R24A2HOY7J",
    "SCHEMBL97797",
    "T3277",
    "TK 12627",
    "TK-12627",
    "TOMINOKUSU 917",
    "TRIETHYLENE GLYCOL BIS(.BETA.-(3-TERT-BUTYL-4-HYDROXY-5-METHYLPHENYL)PROPIONATE)",
    "TRIETHYLENE GLYCOL BIS(3-(3-TERT-BUTYL-5-METHYL-4-HYDROXYPHENYL)PROPIONATE)",
    "TRIETHYLENE GLYCOL BIS(3-TERT-BUTYL-4-HYDROXY-5-METHYLHYDROCINNAMATE)",
    "TRIETHYLENE GLYCOL BIS(BETA-(3-TERT-BUTYL-4-HYDROXY-5-METHYLPHENYL)PROPIONATE)",
    "Tox21_302408",
    "Triethylene Glycol Bis(3-?tert-?butyl-?4-?hydroxy-?5-?methylphenyl)?propionate",
    "Triethylene Glycol Bis[3-(3-tert-butyl-4-hydroxy-5-methylphenyl)propionate]",
    "Triethylene glycol bis(3-tert-butyl-4-hydroxy-5-methylphenyl)propionate",
    "Triethylene glycol bis(3-tert-butyl-4-hydroxy-5-methylphenyl)propionate, AldrichCPR",
    "Triethyleneglycol-bis-3-(3-tert-butyl-4-hydroxy-5-methyl)propionate",
    "UNII-R24A2HOY7J",
    "triethylene glycol bis-(3-(3'-tert-butyl-4'-hydroxy-5'-methylphenyl)propionate)",
    "triethylene glycol-bis-[3-(3-t-butyl-4-hydroxy-5-methylphenyl)propionate]",
    "triethyleneglycol-bis[3-(3-tert-butyl-5-methyl-4-hydroxyphenyl) propionate]"
  ],
  "CAS": [
    "36443-68-2"
  ],
  "M": 586.8,
  "formula": "C34H50O8",
  "SMILES": "CC1=CC(=CC(=C1O)C(C)(C)C)CCC(=O)OCCOCCOCCOC(=O)CCC2=CC(=C(C(=C2)C)O)C(C)(C)C",
  "InChi": "InChI=1S/C34H50O8/c1-23-19-25(21-27(31(23)37)33(3,4)5)9-11-29(35)41-17-15-39-13-14-40-16-18-42-30(36)12-10-26-20-24(2)32(38)28(22-26)34(6,7)8/h19-22,37-38H,9-18H2,1-8H3",
  "InChiKey": "QSRJVOOOWGXUDY-UHFFFAOYSA-N",
  "logP": 6.9,
  "date": "2025-03-19"
}