{
  "CID": 94370,
  "name": "6-methylheptyl 2-[bis[[2-(6-methylheptoxy)-2-oxoethyl]sulfanyl]-octylstannyl]sulfanylacetate",
  "synonyms": [
    "247-665-5",
    "26401-86-5",
    "6-Methylheptyl2-[bis[[2-(6-methylheptoxy)-2-oxoethyl]sulfanyl]-octylstannyl]sulfanylacetate",
    "6-methylheptyl 14-methyl-4-({2-[(6-methylheptyl)oxy]-2-oxoethyl}thio)-4-octyl-7-oxo-8-oxa-3,5-dithia-4-stannapentadecan-1-oate",
    "6-methylheptyl 2-[bis[[2-(6-methylheptoxy)-2-oxoethyl]sulfanyl]-octylstannyl]sulfanylacetate",
    "Acetic acid, 2,2',2''-((octylstannylidyne)tris(thio))tris-, triisooctyl ester",
    "Acetic acid, 2,2',2''-[(octylstannylidyne)tris(thio)]tris-, triisooctyl ester",
    "DTXCID709748",
    "DTXSID7029748",
    "EINECS 247-665-5",
    "Monooctyltin Tris(isooctyl mercaptoacetate)",
    "Monooctyltin tris(isooctylthioglycollate)",
    "NS00051293",
    "Triisooctyl 2,2',2''-((octylstannylidyne)tris(thio))triacetate",
    "Triisooctyl 2,2',2''-[(octylstannylidyne)tris(thio)]triacetate"
  ],
  "CAS": [
    "26401-86-5"
  ],
  "M": 841.9,
  "formula": "C38H74O6S3Sn",
  "SMILES": "CCCCCCCC[Sn](SCC(=O)OCCCCCC(C)C)(SCC(=O)OCCCCCC(C)C)SCC(=O)OCCCCCC(C)C",
  "InChi": "InChI=1S/3C10H20O2S.C8H17.Sn/c3*1-9(2)6-4-3-5-7-12-10(11)8-13;1-3-5-7-8-6-4-2;/h3*9,13H,3-8H2,1-2H3;1,3-8H2,2H3;/q;;;;+3/p-3",
  "InChiKey": "GNJDFZSTSXEBCH-UHFFFAOYSA-K",
  "logP": null,
  "date": "2025-03-19"
}