{
  "CID": 92905,
  "name": "4-[4,4-bis(5-tert-butyl-4-hydroxy-2-methylphenyl)butan-2-yl]-2-tert-butyl-5-methylphenol",
  "synonyms": [
    "1,1,3-Tris(2-methyl-4-hydroxy-5-t-butylphenyl)butane, 99%",
    "1,1,3-Tris(2-methyl-4-hydroxy-5-tert-butylphenyl)butane",
    "1,1,3-Tris(5-tert-butyl-4-hydroxy-2-methylphenyl)butane",
    "1,1,3-Tris-(2-methyl-4-hydroxy-5-t-butylphenyl) butane",
    "1,1,3-tri(3-tert-butyl-4-hydroxy-6-methylphenyl)butane",
    "1,1,3-tris(2'-methyl-4'-hydroxy -5'-t-butylphenyl) butane",
    "1,1,3-tris(2'-methyl-4'-hydroxy-5'-t-butylphenyl)butane",
    "1,1,3-tris(2-methyl-4-hydroxy-5-t-butylphenyl)butane",
    "1,1,3-tris-(4-hydroxy-2-methyl-5-t-butylphenyl) butane",
    "1,3-Tris(2-methyl-4-hydroxy-5-tert-butylphenyl)butane",
    "1843-03-4",
    "39283-48-2",
    "4,4',4''-(1-METHYL-1-PROPANYL-3-YLIDENE)TRIS(2-(1,1- DIMETHYLETHYL- )-5-METHYLPHNOL)",
    "4,4',4''-(1-METHYLPROPANYL-3-YLIDENE)TRIS(6-TERT-BUTYL-M- CRESOL)",
    "4,4',4''-(1-Methyl-1-propanyl-3-ylidene)tris(2-(1,1-dimethylethyl)-5-methylphenol)",
    "4,4',4''-(1-Methyl-1-propanyl-3-ylidene)tris(2-(1,1-dimethylethyl- )-5-methylphnol)",
    "4,4',4''-(1-Methylpropanyl-3-ylidene)tris(6-tert-butyl-m-cresol)",
    "4,4',4''-(1-Methylpropanyl-3-ylidene)tris[6-tert-butyl-m-cresol]",
    "4,4',4''-(Butane-1,1,3-triyl)tris(2-(tert-butyl)-5-methylphenol)",
    "4,4',4''-(Butane-1,1,3-triyl)tris(2-tert-butyl-5-methylphenol)",
    "4,4',4''-butane-1,1,3-triyltris(2-tert-butyl-5-methylphenol)",
    "4-[4,4-bis(5-tert-butyl-4-hydroxy-2-methylphenyl)butan-2-yl]-2-tert-butyl-5-methylphenol",
    "AKOS025294776",
    "AS-84192",
    "BF6E9O0XJN",
    "BP_23",
    "BRN 2318488",
    "DTXSID0038883",
    "E77749",
    "EC 217-420-7",
    "EINECS 217-420-7",
    "FT156901",
    "GSY 930",
    "Lowinox CA 22",
    "MARK AO 30",
    "MFCD00072238",
    "NS00009422",
    "OS-930",
    "Phenol, 4,4',4''-(1-methyl-1-propanyl-3-ylidene)tris 2-(1,1-dimethylethyl)-5-methyl-",
    "Phenol, 4,4',4''-(1-methyl-1-propanyl-3-ylidene)tris(2-(1,1-dimethylethyl)-5-methyl-",
    "Phenol, 4,4',4''-(1-methyl-1-propanyl-3-ylidene)tris(2-(1,1-dimethylethyl- )-5-methyl-",
    "Phenol, 4,4',4''-(1-methyl-1-propanyl-3-ylidene)tris[2-(1,1-dimethylethyl)-5-methyl-",
    "Phenol, 4,4',4''-(3-methylpropane-1,1,3-triyl)tris(2-tert-butyl-5-methyl-",
    "Q27274633",
    "SCHEMBL26591",
    "TPNC",
    "Topanol CA",
    "Topanol SA",
    "Tri(butylcresyl)butane",
    "Trisalkofen BMB",
    "UNII-BF6E9O0XJN",
    "m-Cresol, 4,4',4''-(1-methyl-1-propanyl-3-ylidene)tris(6-tert-butyl-"
  ],
  "CAS": [
    "1843-03-4",
    "39283-48-2"
  ],
  "M": 544.8,
  "formula": "C37H52O3",
  "SMILES": "CC1=CC(=C(C=C1C(C)CC(C2=CC(=C(C=C2C)O)C(C)(C)C)C3=CC(=C(C=C3C)O)C(C)(C)C)C(C)(C)C)O",
  "InChi": "InChI=1S/C37H52O3/c1-21(25-18-29(35(5,6)7)32(38)15-22(25)2)14-28(26-19-30(36(8,9)10)33(39)16-23(26)3)27-20-31(37(11,12)13)34(40)17-24(27)4/h15-21,28,38-40H,14H2,1-13H3",
  "InChiKey": "PRWJPWSKLXYEPD-UHFFFAOYSA-N",
  "logP": 11.5,
  "date": "2025-03-19"
}