{
  "CID": 971,
  "name": "oxalic acid",
  "synonyms": [
    "144-62-7",
    "1o4n",
    "1t5a",
    "205-634-3",
    "2dua",
    "2hwg",
    "4-02-00-01819 (Beilstein Handbook Reference)",
    "48J",
    "547-66-0",
    "9E7R5L6H31",
    "AI3-26463",
    "AKOS005449445",
    "Acid, Oxalic",
    "Acide oxalique",
    "Acide oxalique [French]",
    "Acido ossalico",
    "Acido ossalico [Italian]",
    "Acidum oxalicum",
    "Aktisal",
    "Anhydrous oxalic acid",
    "Aquisal",
    "BBL003000",
    "BDBM14674",
    "BP-21133",
    "BRN 0385686",
    "C00209",
    "C2H2O4",
    "CAS-144-62-7",
    "CCG-266020",
    "CCRIS 1454",
    "CHEBI:16995",
    "CHEMBL146755",
    "CS-0013716",
    "Caswell No. 625",
    "DB03902",
    "DTXCID805816",
    "DTXSID0025816",
    "EC 205-634-3",
    "EINECS 205-634-3",
    "EN300-16428",
    "EPA Pesticide Chemical Code 009601",
    "ETHANEDIOIC ACID DIHYDRATE",
    "Ethandisaeure",
    "Ethane-1,2-dioate",
    "Ethane-1,2-dioic acid",
    "Ethanedioic acid (9CI)",
    "Ethanedioic acid;Aktisal;Aquisal",
    "Ethanedionate",
    "Ethanedionic acid",
    "F1B1B2D7-C290-4CE6-8550-F25B202AFADE",
    "F2191-0257",
    "FO26604",
    "G73503",
    "H2ox",
    "HOOCCOOH",
    "HSDB 1100",
    "HY-Y0262",
    "HY-Y0262R",
    "InChI=1/C2H2O4/c3-1(4)2(5)6/h(H,3,4)(H,5,6",
    "Kyselina stavelova",
    "Kyselina stavelova [Czech]",
    "MFCD00002573",
    "NCGC00249170-01",
    "NCGC00257376-01",
    "NCGC00259671-01",
    "NCI-55209",
    "NCI-C55209",
    "NCIOpen2_000770",
    "NCIOpen2_001022",
    "NCIOpen2_001042",
    "NCIOpen2_001202",
    "NCIOpen2_008831",
    "NS00077150",
    "NSC 62774",
    "NSC-62774",
    "NSC115893",
    "NSC62774",
    "OXALIC ACID [HSDB]",
    "OXALIC ACID [MI]",
    "OXALIC ACID [VANDF]",
    "OXALIC ACID [WHO-DD]",
    "OXALIC ACID, 99%",
    "OXALIPLATIN IMPURITY A (EP IMPURITY)",
    "OXALIPLATIN IMPURITY A [EP IMPURITY]",
    "OXD",
    "Oxaalzuur",
    "Oxaalzuur [Dutch]",
    "Oxagel",
    "Oxalate standard for IC, 1.000 g/L in H2O, analytical standard",
    "Oxalic Acid Dianion",
    "Oxalic acid (8CI)",
    "Oxalic acid (aqueous)",
    "Oxalic acid /Ethanedioic acid",
    "Oxalic acid 10 microg/mL in Acetonitrile",
    "Oxalic acid 2-Hydrate",
    "Oxalic acid alpha polymorph",
    "Oxalic acid anhydrous",
    "Oxalic acid diammonium salt",
    "Oxalic acid dihydrate ACS",
    "Oxalic acid, 98%",
    "Oxalic acid, 99% (Standard)",
    "Oxalic acid, AR, >=99%",
    "Oxalic acid, LR, >=98%",
    "Oxalic acid, ReagentPlus(R), >=99%",
    "Oxalic acid, SAJ first grade, >=97.0%",
    "Oxalic acid, Vetec(TM) reagent grade, 98%",
    "Oxalic acid, analytical standard",
    "Oxalic acid, anhydrous",
    "Oxalic acid, purified grade, 99.999% trace metals basis",
    "Oxalic acid, puriss. p.a., anhydrous, >=99.0% (RT)",
    "Oxalic acid, purum, anhydrous, >=97.0% (RT)",
    "Oxalicacid",
    "Oxalsaeure",
    "Oxalsaeure [German]",
    "Oxiric acid",
    "Q184832",
    "SB40938",
    "SB40959",
    "SB40985",
    "STK379550",
    "STR01359",
    "Tox21_202122",
    "Tox21_303346",
    "UNII-9E7R5L6H31",
    "Ultraplast Activate S 52",
    "WLN: QVVQ",
    "bis((2R)-azetidine-2-carbonitrile)",
    "bis(1-(3-methyloxetan-3-yl)ethan-1-amine)",
    "bis(5-azaspiro[2.5]octan-8-ol)",
    "bis(tert-butyl 4-[3-(methanesulfonyloxy)propyl]piperazine-1-carboxylate)",
    "bmse000106",
    "ethanedioic acid",
    "oxalic acid",
    "oxalic acid 2 hydrate",
    "s9354"
  ],
  "CAS": [
    "144-62-7",
    "547-66-0"
  ],
  "M": 90.03,
  "formula": "C2H2O4",
  "SMILES": "C(=O)(C(=O)O)O",
  "InChi": "InChI=1S/C2H2O4/c3-1(4)2(5)6/h(H,3,4)(H,5,6)",
  "InChiKey": "MUBZPKHOEPUJKR-UHFFFAOYSA-N",
  "logP": -0.3,
  "date": "2025-03-19"
}