{
  "CID": 9576625,
  "name": "butyl 3-[(3-butoxy-3-oxopropyl)-bis[[2-(6-methylheptoxy)-2-oxoethyl]sulfanyl]stannyl]propanoate",
  "synonyms": [
    "63397-60-4",
    "Bis-beta-carbobutoxyethyltin bisisooctylthioglycolate",
    "DTXCID6043830",
    "DTXSID7069817",
    "Dibutyl 3,3'-(2,22-Dimethyl-9,15-dioxo-8,16-dioxa-11,13-dithia-12-stannatricosane-12,12-diyl)dipropionate",
    "Dibutyl 3,3'-(bis((2-(isooctyloxy)-2-oxoethyl)thio)stannylene)bispropionate",
    "Dibutyl 3,3'-(bis((2-(isooctyloxy)-2-oxoethyl)thio)stannylene)dipropionate",
    "Dibutyl 3,3'-[bis[[2-(isooctyloxy)-2-oxoethyl]thio]stannylene]bispropionate",
    "Dibutyl 3,3'-[bis[[2-(isooctyloxy)-2-oxoethyl]thio]stannylene]dipropionate",
    "EINECS 264-122-8",
    "NS00112986",
    "Propanoic acid, 3,3'-(bis((2-(isooctyloxy)-2-oxoethyl)thio)stannylene)bis-, 1,1'-dibutyl ester",
    "Propanoic acid, 3,3'-(bis((2-(isooctyloxy)-2-oxoethyl)thio)stannylene)bis-, dibutyl ester",
    "Propanoic acid, 3,3'-[bis[[2-(isooctyloxy)-2-oxoethyl]thio]stannylene]bis-, 1,1'-dibutyl ester",
    "butyl 3-[(3-butoxy-3-oxopropyl)-bis[[2-(6-methylheptoxy)-2-oxoethyl]sulfanyl]stannyl]propanoate"
  ],
  "CAS": [
    "63397-60-4"
  ],
  "M": 783.7,
  "formula": "C34H64O8S2Sn",
  "SMILES": "CCCCOC(=O)CC[Sn](CCC(=O)OCCCC)(SCC(=O)OCCCCCC(C)C)SCC(=O)OCCCCCC(C)C",
  "InChi": "InChI=1S/2C10H20O2S.2C7H13O2.Sn/c2*1-9(2)6-4-3-5-7-12-10(11)8-13;2*1-3-5-6-9-7(8)4-2;/h2*9,13H,3-8H2,1-2H3;2*2-6H2,1H3;/q;;;;+2/p-2",
  "InChiKey": "GMQMYECSRQAAJP-UHFFFAOYSA-L",
  "logP": null,
  "date": "2025-03-19"
}