{
  "CID": 93115,
  "name": "1,3,5-tris[(3,5-ditert-butyl-4-hydroxyphenyl)methyl]-1,3,5-triazinane-2,4,6-trione",
  "synonyms": [
    "1,3,5-TRI(3,5-DI-TERT-BUTYL-4-HYDROXYBENZYL) ISOCYANURATE",
    "1,3,5-TRIS(3,5-DI-TERT-BUTYL-4-HYDROXYBENZYL)(1,3,5)TRIAZIN-2,4,6-TRIONE",
    "1,3,5-TRIS(3,5-DI-TERT-BUTYL-4-HYDROXYBENZYL)-S-TRIAZINETRIONE",
    "1,3,5-TRIS(4-HYDROXY-3,5-DI-TERT-BUTYLBENZYL)CYANURIC ACID",
    "1,3,5-Triazine-2,4,6(1H,3H,5H)-trione, 1,3,5-tris((3,5-bis(1,1-dimethylethyl)-4-hydroxyphenyl)methyl)-",
    "1,3,5-Triazine-2,4,6(1H,3H,5H)-trione, 1,3,5-tris[[3,5-bis(1,1-dimethylethyl)-4-hydroxyphenyl]methyl]-",
    "1,3,5-Tris(3,5-di-tert-butyl-4-hydroxybenzyl)-1,3,5-triazine-2,4,6(1H,3H,5H)-trione",
    "1,3,5-tris(3,5-di-t-butyl-4-hydroxylbenzyl)-1,3,5-triazine-2,4,6(1H, 3H,5H)-trione",
    "1,3,5-tris(3,5-di-tert-butyl-4-hydroxybenzyl) isocyanurate",
    "1,3,5-tris(3,5-di-tert-butyl-4-hydroxybenzyl)-1,3,5-triazinane-2,4,6-trione",
    "1,3,5-tris(3,5-di-tert-butyl-4-hydroxybenzyl)-s-triazine-2,4,6(1H,3H, 5H)-trione",
    "1,3,5-tris(3,5-di-tert-butyl-4-hydroxybenzyl)-s-triazine-2,4,6(1h,3h,5h)-trione",
    "1,3,5-tris(3,5-ditert-butyl-4-hydroxybenzyl)-1,3,5-triazinane-2,4,6-trione",
    "1,3,5-tris-(3,5-di-t-butyl-4-hydroxybenzyl)isocyanurate",
    "1,3,5-tris[(3,5-ditert-butyl-4-hydroxyphenyl)methyl]-1,3,5-triazinane-2,4,6-trione",
    "1ST3116",
    "1ST3116-1000",
    "27676-62-6",
    "680V3MP8YT",
    "AG-690/12766052",
    "AKOS015895750",
    "AS-15297",
    "Antioxidant 3114",
    "Antioxidant 3114 Solution in Hexane, 1000?g/mL",
    "Antioxidant 3114 Solution in Hexane, 1000mug/mL",
    "Antioxidant3114",
    "C48H69N3O6",
    "CS-W011393",
    "DTXSID0027935",
    "EC 248-597-9",
    "EINECS 248-597-9",
    "IRGANOX 3114",
    "MFCD00134700",
    "MSK3116",
    "MSK3116-1000",
    "NS00002831",
    "PLASTIC ADDITIVE 6 (USP-RS)",
    "PLASTIC ADDITIVE 6 [USP-RS]",
    "Plastic additive 13, European Pharmacopoeia (EP) Reference Standard",
    "Plastic additive 6",
    "Plastic additive 6, United States Pharmacopeia (USP) Reference Standard",
    "Q27264187",
    "SB73676",
    "SCHEMBL31375",
    "T3653",
    "Tris(3,5-di-tert-butyl-4-hydroxybenzyl) isocyanurate",
    "Tris(3,5-di-tert-butyl-4-hydroxybenzyl)isocyanurate",
    "UNII-680V3MP8YT",
    "isocyanuric acid tris(3,5-di-tert-butyl-4-hydroxybenzyl) ester",
    "s-Triazine-2,4,6(1H,3H,5H)-trione, 1,3,5-tris(3,5-di-tert-butyl-4-hydroxybenzyl)-",
    "tris-(3,5-di-tert-butyl-4-hydroxybenzyl)-isocyanurate"
  ],
  "CAS": [
    "27676-62-6"
  ],
  "M": 784.1,
  "formula": "C48H69N3O6",
  "SMILES": "CC(C)(C)C1=CC(=CC(=C1O)C(C)(C)C)CN2C(=O)N(C(=O)N(C2=O)CC3=CC(=C(C(=C3)C(C)(C)C)O)C(C)(C)C)CC4=CC(=C(C(=C4)C(C)(C)C)O)C(C)(C)C",
  "InChi": "InChI=1S/C48H69N3O6/c1-43(2,3)31-19-28(20-32(37(31)52)44(4,5)6)25-49-40(55)50(26-29-21-33(45(7,8)9)38(53)34(22-29)46(10,11)12)42(57)51(41(49)56)27-30-23-35(47(13,14)15)39(54)36(24-30)48(16,17)18/h19-24,52-54H,25-27H2,1-18H3",
  "InChiKey": "VNQNXQYZMPJLQX-UHFFFAOYSA-N",
  "logP": 12.8,
  "date": "2025-03-19"
}