{
  "CID": 9033,
  "name": "aziridine",
  "synonyms": [
    "151-56-4",
    "1H-Azirine, dihydro-",
    "1HAzirine, dihydro",
    "205-793-9",
    "49553-93-7",
    "5-20-01-00003 (Beilstein Handbook Reference)",
    "54P5FEX9FH",
    "AETHYLENIMIN (GERMAN)",
    "AI3-50324",
    "AKOS005366671",
    "AZIRIDIN (GERMAN)",
    "AZIRIDINE (IARC)",
    "AZIRIDINE [IARC]",
    "AZIRIDINE [INCI]",
    "Aethylenimin",
    "Aethylenimin [German]",
    "Amenoethylene",
    "Azacyclopropane",
    "Aziran",
    "Azirane",
    "Aziridin",
    "Aziridin [German]",
    "Aziridine",
    "Aziridine (Ethyleneimine), stabilized with 1-2% NaOH",
    "Aziridine 100 microg/mL in Methanol",
    "Aziridine;Ethylenimine",
    "BCP29842",
    "BRN 0102380",
    "CCRIS 296",
    "CHEBI:30969",
    "CHEMBL540990",
    "CS-0058423",
    "DA-76977",
    "DTXCID00599",
    "DTXSID8020599",
    "Dihydro-1H-azirine",
    "Dihydro1Hazirine",
    "Dihydroazirene",
    "Dihydroazirine",
    "Dimethyleneimine",
    "Dimethylenimine",
    "Dow PEI-18",
    "Dow PEI-6",
    "Dow PEI-600e",
    "EC 205-793-9",
    "EI",
    "EINECS 205-793-9",
    "ENT-50324",
    "ETHYLEENIMINE (DUTCH)",
    "ETHYLENEIMINE",
    "ETHYLENEIMINE [HSDB]",
    "ETHYLENIMINE [MI]",
    "ETILENIMINA (ITALIAN)",
    "Epamine 150T",
    "Epomine 1000",
    "Epomine 150T",
    "Epomine P 1000",
    "Ethyleenimine",
    "Ethyleenimine [Dutch]",
    "Ethylene imine",
    "Ethylene imine polymer",
    "Ethyleneimine (ACGIH:OSHA)",
    "Ethyleneimine, inhibited",
    "Ethyleneimine, inhibited [UN1185]  [Poison]",
    "Ethylenimine",
    "Ethylenimine resins",
    "Etilenimina",
    "Etilenimina [Italian]",
    "Everamine",
    "Everamine 210T",
    "Everamine 50T",
    "FP106457",
    "FP183064",
    "HSDB 540",
    "MFCD00039669",
    "Montrek 1000",
    "Montrek 6",
    "Montrek PEI 18",
    "Montrek PEI 6",
    "NS00007110",
    "NSC-124034",
    "NSC-124035",
    "NSC-124036",
    "NSC-134422",
    "NSC-196335",
    "NSC124034",
    "NSC124035",
    "NSC124036",
    "NSC134422",
    "NSC196335",
    "P 1000",
    "PEI",
    "PEI 1",
    "PEI 100",
    "PEI 1000",
    "PEI 1120",
    "PEI 12",
    "PEI 18",
    "PEI 2",
    "PEI 400",
    "PEI 6",
    "PEI 600",
    "PEI-600",
    "POLYETHYLENEIMINE, BRANCHED",
    "Polyethylenimine Linear",
    "Polyethylenimine Linear (MW 40000, liquid)",
    "Polyethylenimine, Linear (MW 25000)",
    "Polyethylenimine, Linear (MW 25000, liquid)",
    "Polyethylenimine, branched, Mw 2000",
    "Polyethylenimine,50 % (w/v) aqueous solution",
    "Q409141",
    "RCRA waste no. P054",
    "RCRA waste number P054",
    "STL168030",
    "STR07159",
    "TL 337",
    "Tydex 12",
    "UN 1185 (Salt/Mix)",
    "UN1185",
    "UNII-54P5FEX9FH",
    "WLN: /T3MTJ/",
    "aziridine",
    "ethylene-imine",
    "ethyleneimine;aziridine;ethylenimine",
    "ethylenimine (inhibited)"
  ],
  "CAS": [
    "151-56-4",
    "49553-93-7"
  ],
  "M": 43.07,
  "formula": "C2H5N",
  "SMILES": "C1CN1",
  "InChi": "InChI=1S/C2H5N/c1-2-3-1/h3H,1-2H2",
  "InChiKey": "NOWKCMXCCJGMRR-UHFFFAOYSA-N",
  "logP": -0.4,
  "date": "2025-03-19"
}