{
  "CID": 94050,
  "name": "1-phenylicosane-1,3-dione",
  "synonyms": [
    ".BETA.-STEAROYLACETOPHENONE",
    "07BOC4UG1X",
    "1,3-Eicosanedione, 1-phenyl-",
    "1-Benzoyl-2-nonadecanone",
    "1-PHENYLEICOSANE-1,3-DIONE",
    "1-Phenyl-1,3-eicosanedione",
    "1-phenylicosane-1,3-dione",
    "261-257-4",
    "58446-52-9",
    "AC-20475",
    "AD 157",
    "AKOS015890290",
    "AS-15151",
    "BETA-STEAROYLACETOPHENONE",
    "Benzoylstearoyl methane",
    "Benzoylstearoylmethane",
    "C26H42O2",
    "CHEBI:169186",
    "CS-0152208",
    "DTXCID6030817",
    "DTXSID1052246",
    "EINECS 261-257-4",
    "FS32596",
    "KARENZ DK 1",
    "LRQGFQDEQPZDQC-UHFFFAOYSA-N",
    "MFCD08274657",
    "NS00019827",
    "Phenylicosane-1,3-dione",
    "Q27236289",
    "RHODIASTAB 50",
    "SCHEMBL98957",
    "STEARYL BENZOYL METHANE",
    "Stearoylbenzoylmethane",
    "UNII-07BOC4UG1X",
    "stearoylbenzylmethane"
  ],
  "CAS": [
    "58446-52-9"
  ],
  "M": 386.6,
  "formula": "C26H42O2",
  "SMILES": "CCCCCCCCCCCCCCCCCC(=O)CC(=O)C1=CC=CC=C1",
  "InChi": "InChI=1S/C26H42O2/c1-2-3-4-5-6-7-8-9-10-11-12-13-14-15-19-22-25(27)23-26(28)24-20-17-16-18-21-24/h16-18,20-21H,2-15,19,22-23H2,1H3",
  "InChiKey": "LRQGFQDEQPZDQC-UHFFFAOYSA-N",
  "logP": 9.9,
  "date": "2025-03-19"
}