{
  "CID": 93091,
  "name": "azanylidynetitanium",
  "synonyms": [
    "11116-16-8",
    "234-354-4",
    "247-117-5",
    "25583-20-4",
    "6RW464FEFF",
    "Calcium Sulfide (CaS) Sputtering Targets",
    "DTXCID8037334",
    "DTXSID701014594",
    "DTXSID8067109",
    "EINECS 234-354-4",
    "EINECS 247-117-5",
    "MFCD00049596",
    "NS00112710",
    "Q415638",
    "REACTHEAT BLUE 2",
    "TITANIUM NITRIDE POWDER",
    "TITANIUM NITRIDE [INCI]",
    "TITANIUM NITRIDE [MI]",
    "TITANIUM(3+) NITRIDE",
    "Titanium Nitride (TiN), >97% Nano",
    "Titanium carbide nanopowder  (40 nm)",
    "Titanium mononitride",
    "Titanium nitride",
    "Titanium nitride (TiN)",
    "Titanium nitride TiN GRADE A (H?gan?s)",
    "Titanium nitride TiN GRADE B (H?gan?s)",
    "Titanium nitride TiN GRADE C (H?gan?s)",
    "Titanium nitride TiN GRADE K 25 (H?gan?s)",
    "Titanium nitride TiN GRADE K 65 (H?gan?s)",
    "Titanium nitride TiN GRADE K 80 (H?gan?s)",
    "Titanium nitride nanopowder (20 nm)",
    "Titanium nitride sputtering target, 50.8mm (2.0in) dia x 3.18mm (0.125in) thick",
    "Titanium nitride sputtering target, 50.8mm (2.0in) dia x 6.35mm (0.250in) thick, 99.5% (metals basis)",
    "Titanium nitride sputtering target, 76.2mm (3.0in) dia x 3.18mm (0.125in) thick, 99.5% (metals basis)",
    "Titanium nitride, <3 mum",
    "Titannitrid",
    "UNII-6RW464FEFF",
    "Zirconia, Magnesia Stabilized (MgO + ZrO2) Powder",
    "azanylidynetitanium"
  ],
  "CAS": [
    "11116-16-8",
    "25583-20-4"
  ],
  "M": 61.874,
  "formula": "NTi",
  "SMILES": "N#[Ti]",
  "InChi": "InChI=1S/N.Ti",
  "InChiKey": "NRTOMJZYCJJWKI-UHFFFAOYSA-N",
  "logP": null,
  "date": "2025-03-19"
}