{
  "CID": 93221,
  "name": "1,3,5-tris[(4-tert-butyl-3-hydroxy-2,6-dimethylphenyl)methyl]-1,3,5-triazinane-2,4,6-trione",
  "synonyms": [
    "1,3,5-TRIS(4-TERT-BUTYL-2,6-DIMETHYL-3-HYDROXYBENZYL) ISOCYANURATE",
    "1,3,5-TRIS(4-TERT-BUTYL-3-HYDROXY-2,6-DIMETHYLBENZYL)-S-TRIAZINE-2,4,6-(1H,3H,5H)-TRIONE",
    "1,3,5-TRIS(4-TERT-BUTYL-3-HYDROXY-2,6-DIMETHYLPHENYLMETHYL)-1,3,5-TRIAZINE-2,4,6-(1H,3H,5H)TRIONE",
    "1,3,5-Tis(4-tert-butyl-3-hydroxy-2,6-dimethylbenzyl)-1,3,5-triazine-2,4,6-(1H, 3H, 5H)- trione",
    "1,3,5-Tri(4-tert-butyl-2,6-dimethyl-3-hydroxybenzyl)-1,3,5-triazine-2,4,6(1H,3H,5H)-trione",
    "1,3,5-Tri(4-tert-butyl-2,6-dimethyl-3-hydroxybenzyl)-1,3,5-triazine-2,4,6(1H,3H,5H)-trione;",
    "1,3,5-Triazine-2,4,6(1H,3H,5H)-trione, 1,3,5-tris((4-(1,1-dimethylethyl)-3-hydroxy-2,6-dimethylphenyl)methyl)-",
    "1,3,5-Triazine-2,4,6(1H,3H,5H)-trione, 1,3,5-tris4-(1,1-dimethylethyl)-3-hydroxy-2,6-dimethylphenylmethyl-",
    "1,3,5-Triazine-2,4,6(1H,3H,5H)-trione, 1,3,5-tris[[4-(1,1-dimethylethyl)-3-hydroxy-2,6-dimethylphenyl]methyl]-",
    "1,3,5-Triazine-2,4,6(1H,3H,5H)-trione,1,3,5-tris[[4-(1,1-dimethylethyl)-3-hydroxy-2,6-dimethylphenyl]methyl]-",
    "1,3,5-Tris((4-tert-butyl-3-hydroxy-2,6-xylyl)methyl)-1,3,5-triazine-2,4,6(1H,3H,5H)-trione",
    "1,3,5-Tris(4-(tert-butyl)-3-hydroxy-2,6-dimethylbenzyl)-1,3,5-triazinane-2,4,6-trione",
    "1,3,5-Tris[4-(tert-butyl)-3-hydroxy-2,6-dimethylbenzyl]-1,3,5-triazinane-2,4,6-trione",
    "1,3,5-tris(2,6-dimethyl-4-tert-butyl-3-hydroxybenzyl) isocyanurate",
    "1,3,5-tris(4-t-butyl-3-hydroxy-2,6-dimethyl-benzyl)-1,3,5-triazine-2,4,6(1H,3H,5H)trione",
    "1,3,5-tris(4-tert-butyl-3-hydroxy-2,6-dimethylbenzyl) 1,3,5-triazine-2,4,6-(1h,3h,5h)-trione",
    "1,3,5-tris(4-tert-butyl-3-hydroxy-2,6-dimethylbenzyl)-1,3,5-triazinane-2,4,6-trione",
    "1,3,5-tris(4-tert-butyl-3-hydroxy-2,6-dimethylbenzyl)-1,3,5-triazine-2,4,6(1h,3h,5h)-trione",
    "1,3,5-tris(4-tert-butyl-3-hydroxy-2,6-dimethylbenzyl)-1,3,5-triazine-2,4,6-(1h,3h,5h)-trione",
    "1,3,5-tris(4-tert-butyl-3-hydroxy-2,6-dimethylbenzyl)isocyanuric acid",
    "1,3,5-tris-(4-t-butyl-3-hydroxy-2,6-dimethylbenzyl)-s-triazine-2,4,6-(1h,3h,5h)-trione",
    "1,3,5-tris[(4-tert-butyl-3-hydroxy-2,6-dimethylphenyl)methyl]-1,3,5-triazinane-2,4,6-trione",
    "1,3,5-tris[[4-tert-butyl-3-hydroxy-2,6-xylyl]methyl]-1,3,5-triazine-2,4,6(1h,3h,5h)-trione",
    "253H13NWCQ",
    "254-996-9",
    "40601-76-1",
    "ADK-ARKLS DH 48",
    "AKOS025310998",
    "AO 1790",
    "Antioxidant 1790",
    "BIDD:ER0469",
    "C42H57N3O6",
    "CAS-40601-76-1",
    "CHEMBL3184256",
    "CS-0066489",
    "CY 1790",
    "Cyanox 1790",
    "Cyanox CY 1790",
    "Cynomix 1790",
    "DN 90",
    "DS-3342",
    "DTXCID008008",
    "DTXSID8028008",
    "EC 254-996-9",
    "EINECS 254-996-9",
    "FT40362",
    "H12072",
    "HY-116772",
    "Irganox 1790",
    "Irganox 3790",
    "Isocyanuric Acid Tris(4-tert-butyl-3-hydroxy-2,6-dimethylbenzyl) Ester",
    "Lowinox 1790",
    "MFCD01026105",
    "NCGC00248836-01",
    "NCGC00258351-01",
    "NS00008613",
    "Q27253902",
    "SCHEMBL26717",
    "SY052780",
    "T2974",
    "TRIS ISOCYANURIC ACID",
    "Tox21_200797",
    "Tris(4-tert-butyl-3-hydroxy-2,6-dimethylbenzyl) isocyanurate",
    "Tris(4-tert-butyl-3-hydroxy-2,6-dimethylbenzyl) isocyanurate, 97%",
    "UNII-253H13NWCQ"
  ],
  "CAS": [
    "40601-76-1"
  ],
  "M": 699.9,
  "formula": "C42H57N3O6",
  "SMILES": "CC1=CC(=C(C(=C1CN2C(=O)N(C(=O)N(C2=O)CC3=C(C(=C(C=C3C)C(C)(C)C)O)C)CC4=C(C(=C(C=C4C)C(C)(C)C)O)C)C)O)C(C)(C)C",
  "InChi": "InChI=1S/C42H57N3O6/c1-22-16-31(40(7,8)9)34(46)25(4)28(22)19-43-37(49)44(20-29-23(2)17-32(41(10,11)12)35(47)26(29)5)39(51)45(38(43)50)21-30-24(3)18-33(42(13,14)15)36(48)27(30)6/h16-18,46-48H,19-21H2,1-15H3",
  "InChiKey": "XYXJKPCGSGVSBO-UHFFFAOYSA-N",
  "logP": 10.0,
  "date": "2025-03-19"
}